###############################################################################
#                                                                             #
# IAR C/C++ Compiler V8.10.1.10194/W32 for 8051         09/May/2026  15:19:28 #
# Copyright 2004-2011 IAR Systems AB.                                         #
#                                                                             #
#    Core               =  plain                                              #
#    Code model         =  banked                                             #
#    Data model         =  large                                              #
#    Calling convention =  xdata reentrant                                    #
#    Constant location  =  data_rom                                           #
#    Dptr setup         =  1,16                                               #
#    Source file        =  D:\BaiduNetdiskDownload\ZIGBEE¿ª·¢Ì×¼þWiFiÄ£¿éMQTT #
#                          ×ÊÁÏV3.0\3.µ½»õ²âÊÔ´úÂë\Z-StackÍ¸´«\Components\sta #
#                          ck\zcl\zcl.c                                       #
#    Command line       =  -f D:\BaiduNetdiskDownload\ZIGBEE¿ª·¢Ì×¼þWiFiÄ£¿éM #
#                          QTT×ÊÁÏV3.0\3.µ½»õ²âÊÔ´úÂë\Z-StackÍ¸´«\Projects\zs #
#                          tack\SE\SampleApp\CC2530DB\..\..\..\Tools\CC2530DB #
#                          \f8wCoord.cfg (-DCPU32MHZ -DROOT=__near_func       #
#                          -DMAC_CFG_APP_PENDING_QUEUE=TRUE                   #
#                          -DZDO_COORDINATOR -DRTR_NWK -DBLINK_LEDS) -f       #
#                          D:\BaiduNetdiskDownload\ZIGBEE¿ª·¢Ì×¼þWiFiÄ£¿éMQTT #
#                          ×ÊÁÏV3.0\3.µ½»õ²âÊÔ´úÂë\Z-StackÍ¸´«\Projects\zstac #
#                          k\SE\SampleApp\CC2530DB\..\..\..\Tools\CC2530DB\f8 #
#                          wConfig.cfg (-DSECURE=0 -DZG_SECURE_DYNAMIC=0      #
#                          -DREFLECTOR -DDEFAULT_CHANLIST=0x00000800          #
#                          -DZDAPP_CONFIG_PAN_ID=0x1223                       #
#                          -DNWK_START_DELAY=100 -DEXTENDED_JOINING_RANDOM_MA #
#                          SK=0x007F -DBEACON_REQUEST_DELAY=100               #
#                          -DBEACON_REQ_DELAY_MASK=0x00FF                     #
#                          -DROUTE_EXPIRY_TIME=30 -DAPSC_ACK_WAIT_DURATION_PO #
#                          LLED=3000 -DNWK_INDIRECT_MSG_TIMEOUT=7             #
#                          -DMAX_RREQ_ENTRIES=8 -DAPSC_MAX_FRAME_RETRIES=3    #
#                          -DNWK_MAX_DATA_RETRIES=2                           #
#                          -DMAX_POLL_FAILURE_RETRIES=2 -DMAX_BCAST=9         #
#                          -DAPS_MAX_GROUPS=16 -DMAX_RTG_ENTRIES=40           #
#                          -DNWK_MAX_BINDING_ENTRIES=4                        #
#                          -DMAX_BINDING_CLUSTER_IDS=4 "-DDEFAULT_KEY={0x01,  #
#                          0x03, 0x05, 0x07, 0x09, 0x0B, 0x0D, 0x0F, 0x00,    #
#                          0x02, 0x04, 0x06, 0x08, 0x0A, 0x0C, 0x0D}"         #
#                          -DMAC_MAX_FRAME_SIZE=116 "-DCONST=const __code"    #
#                          -DGENERIC=__generic -DRFD_RCVC_ALWAYS_ON=FALSE     #
#                          -DPOLL_RATE=1000 -DQUEUED_POLL_RATE=100            #
#                          -DRESPONSE_POLL_RATE=100 -DREJOIN_POLL_RATE=440)   #
#                          -f D:\BaiduNetdiskDownload\ZIGBEE¿ª·¢Ì×¼þWiFiÄ£¿éM #
#                          QTT×ÊÁÏV3.0\3.µ½»õ²âÊÔ´úÂë\Z-StackÍ¸´«\Projects\zs #
#                          tack\SE\SampleApp\CC2530DB\..\..\..\Tools\CC2530DB #
#                          \f8wZCL.cfg (-DZCL_READ -DZCL_WRITE -DZCL_BASIC    #
#                          -DZCL_IDENTIFY -DZCL_ON_OFF -DZCL_KEY_ESTABLISH    #
#                          -DZCL_LOAD_CONTROL -DZCL_SIMPLE_METERING           #
#                          -DZCL_PRICING) -DZCL_MESSAGE                       #
#                          D:\BaiduNetdiskDownload\ZIGBEE¿ª·¢Ì×¼þWiFiÄ£¿éMQTT #
#                          ×ÊÁÏV3.0\3.µ½»õ²âÊÔ´úÂë\Z-StackÍ¸´«\Components\sta #
#                          ck\zcl\zcl.c -D ZIGBEEPRO -D SE_PROFILE -D         #
#                          ZTOOL_P1 -D MT_TASK -D MT_APP_FUNC -D MT_SYS_FUNC  #
#                          -D LCD_SUPPORTED -D INT_HEAP_LEN=2450 -D NV_INIT   #
#                          -D xNV_RESTORE -D ZCL_REPORT -lC                   #
#                          "D:\BaiduNetdiskDownload\ZIGBEE¿ª·¢Ì×¼þWiFiÄ£¿éMQT #
#                          T×ÊÁÏV3.0\3.µ½»õ²âÊÔ´úÂë\Z-StackÍ¸´«\Projects\zsta #
#                          ck\SE\SampleApp\CC2530DB\ESP - Coordinator\List\"  #
#                          -lA "D:\BaiduNetdiskDownload\ZIGBEE¿ª·¢Ì×¼þWiFiÄ£¿ #
#                          éMQTT×ÊÁÏV3.0\3.µ½»õ²âÊÔ´úÂë\Z-StackÍ¸´«\Projects\ #
#                          zstack\SE\SampleApp\CC2530DB\ESP -                 #
#                          Coordinator\List\" --diag_suppress Pe001,Pa010 -o  #
#                          "D:\BaiduNetdiskDownload\ZIGBEE¿ª·¢Ì×¼þWiFiÄ£¿éMQT #
#                          T×ÊÁÏV3.0\3.µ½»õ²âÊÔ´úÂë\Z-StackÍ¸´«\Projects\zsta #
#                          ck\SE\SampleApp\CC2530DB\ESP - Coordinator\Obj\"   #
#                          -e --debug --core=plain --dptr=16,1                #
#                          --data_model=large --code_model=banked             #
#                          --calling_convention=xdata_reentrant               #
#                          --place_constants=data_rom --nr_virtual_regs 8 -I  #
#                          D:\BaiduNetdiskDownload\ZIGBEE¿ª·¢Ì×¼þWiFiÄ£¿éMQTT #
#                          ×ÊÁÏV3.0\3.µ½»õ²âÊÔ´úÂë\Z-StackÍ¸´«\Projects\zstac #
#                          k\SE\SampleApp\CC2530DB\ -I                        #
#                          D:\BaiduNetdiskDownload\ZIGBEE¿ª·¢Ì×¼þWiFiÄ£¿éMQTT #
#                          ×ÊÁÏV3.0\3.µ½»õ²âÊÔ´úÂë\Z-StackÍ¸´«\Projects\zstac #
#                          k\SE\SampleApp\CC2530DB\..\SOURCE\ -I              #
#                          D:\BaiduNetdiskDownload\ZIGBEE¿ª·¢Ì×¼þWiFiÄ£¿éMQTT #
#                          ×ÊÁÏV3.0\3.µ½»õ²âÊÔ´úÂë\Z-StackÍ¸´«\Projects\zstac #
#                          k\SE\SampleApp\CC2530DB\..\..\SOURCE\ -I           #
#                          D:\BaiduNetdiskDownload\ZIGBEE¿ª·¢Ì×¼þWiFiÄ£¿éMQTT #
#                          ×ÊÁÏV3.0\3.µ½»õ²âÊÔ´úÂë\Z-StackÍ¸´«\Projects\zstac #
#                          k\SE\SampleApp\CC2530DB\..\..\..\ZMAIN\TI2530DB\   #
#                          -I D:\BaiduNetdiskDownload\ZIGBEE¿ª·¢Ì×¼þWiFiÄ£¿éM #
#                          QTT×ÊÁÏV3.0\3.µ½»õ²âÊÔ´úÂë\Z-StackÍ¸´«\Projects\zs #
#                          tack\SE\SampleApp\CC2530DB\..\..\..\..\..\COMPONEN #
#                          TS\MT\ -I D:\BaiduNetdiskDownload\ZIGBEE¿ª·¢Ì×¼þWi #
#                          FiÄ£¿éMQTT×ÊÁÏV3.0\3.µ½»õ²âÊÔ´úÂë\Z-StackÍ¸´«\Proj #
#                          ects\zstack\SE\SampleApp\CC2530DB\..\..\..\..\..\C #
#                          OMPONENTS\HAL\INCLUDE\ -I                          #
#                          D:\BaiduNetdiskDownload\ZIGBEE¿ª·¢Ì×¼þWiFiÄ£¿éMQTT #
#                          ×ÊÁÏV3.0\3.µ½»õ²âÊÔ´úÂë\Z-StackÍ¸´«\Projects\zstac #
#                          k\SE\SampleApp\CC2530DB\..\..\..\..\..\COMPONENTS\ #
#                          HAL\TARGET\CC2530EB\ -I D:\BaiduNetdiskDownload\ZI #
#                          GBEE¿ª·¢Ì×¼þWiFiÄ£¿éMQTT×ÊÁÏV3.0\3.µ½»õ²âÊÔ´úÂë\Z- #
#                          StackÍ¸´«\Projects\zstack\SE\SampleApp\CC2530DB\.. #
#                          \..\..\..\..\COMPONENTS\OSAL\MCU\CCSOC\ -I         #
#                          D:\BaiduNetdiskDownload\ZIGBEE¿ª·¢Ì×¼þWiFiÄ£¿éMQTT #
#                          ×ÊÁÏV3.0\3.µ½»õ²âÊÔ´úÂë\Z-StackÍ¸´«\Projects\zstac #
#                          k\SE\SampleApp\CC2530DB\..\..\..\..\..\COMPONENTS\ #
#                          OSAL\INCLUDE\ -I D:\BaiduNetdiskDownload\ZIGBEE¿ª· #
#                          ¢Ì×¼þWiFiÄ£¿éMQTT×ÊÁÏV3.0\3.µ½»õ²âÊÔ´úÂë\Z-StackÍ¸ #
#                          ´«\Projects\zstack\SE\SampleApp\CC2530DB\..\..\..\ #
#                          ..\..\COMPONENTS\STACK\AF\ -I                      #
#                          D:\BaiduNetdiskDownload\ZIGBEE¿ª·¢Ì×¼þWiFiÄ£¿éMQTT #
#                          ×ÊÁÏV3.0\3.µ½»õ²âÊÔ´úÂë\Z-StackÍ¸´«\Projects\zstac #
#                          k\SE\SampleApp\CC2530DB\..\..\..\..\..\COMPONENTS\ #
#                          STACK\NWK\ -I D:\BaiduNetdiskDownload\ZIGBEE¿ª·¢Ì× #
#                          ¼þWiFiÄ£¿éMQTT×ÊÁÏV3.0\3.µ½»õ²âÊÔ´úÂë\Z-StackÍ¸´«\ #
#                          Projects\zstack\SE\SampleApp\CC2530DB\..\..\..\..\ #
#                          ..\COMPONENTS\STACK\SEC\ -I                        #
#                          D:\BaiduNetdiskDownload\ZIGBEE¿ª·¢Ì×¼þWiFiÄ£¿éMQTT #
#                          ×ÊÁÏV3.0\3.µ½»õ²âÊÔ´úÂë\Z-StackÍ¸´«\Projects\zstac #
#                          k\SE\SampleApp\CC2530DB\..\..\..\..\..\COMPONENTS\ #
#                          STACK\SAPI\ -I D:\BaiduNetdiskDownload\ZIGBEE¿ª·¢Ì #
#                          ×¼þWiFiÄ£¿éMQTT×ÊÁÏV3.0\3.µ½»õ²âÊÔ´úÂë\Z-StackÍ¸´« #
#                          \Projects\zstack\SE\SampleApp\CC2530DB\..\..\..\.. #
#                          \..\COMPONENTS\STACK\SYS\ -I                       #
#                          D:\BaiduNetdiskDownload\ZIGBEE¿ª·¢Ì×¼þWiFiÄ£¿éMQTT #
#                          ×ÊÁÏV3.0\3.µ½»õ²âÊÔ´úÂë\Z-StackÍ¸´«\Projects\zstac #
#                          k\SE\SampleApp\CC2530DB\..\..\..\..\..\COMPONENTS\ #
#                          STACK\ZCL\ -I D:\BaiduNetdiskDownload\ZIGBEE¿ª·¢Ì× #
#                          ¼þWiFiÄ£¿éMQTT×ÊÁÏV3.0\3.µ½»õ²âÊÔ´úÂë\Z-StackÍ¸´«\ #
#                          Projects\zstack\SE\SampleApp\CC2530DB\..\..\..\..\ #
#                          ..\COMPONENTS\STACK\ZDO\ -I                        #
#                          D:\BaiduNetdiskDownload\ZIGBEE¿ª·¢Ì×¼þWiFiÄ£¿éMQTT #
#                          ×ÊÁÏV3.0\3.µ½»õ²âÊÔ´úÂë\Z-StackÍ¸´«\Projects\zstac #
#                          k\SE\SampleApp\CC2530DB\..\..\..\..\..\COMPONENTS\ #
#                          ZMAC\F8W\ -I D:\BaiduNetdiskDownload\ZIGBEE¿ª·¢Ì×¼ #
#                          þWiFiÄ£¿éMQTT×ÊÁÏV3.0\3.µ½»õ²âÊÔ´úÂë\Z-StackÍ¸´«\P #
#                          rojects\zstack\SE\SampleApp\CC2530DB\..\..\..\..\. #
#                          .\COMPONENTS\ZMAC\ -I D:\BaiduNetdiskDownload\ZIGB #
#                          EE¿ª·¢Ì×¼þWiFiÄ£¿éMQTT×ÊÁÏV3.0\3.µ½»õ²âÊÔ´úÂë\Z-St #
#                          ackÍ¸´«\Projects\zstack\SE\SampleApp\CC2530DB\..\. #
#                          .\..\..\..\COMPONENTS\SERVICES\SADDR\ -I           #
#                          D:\BaiduNetdiskDownload\ZIGBEE¿ª·¢Ì×¼þWiFiÄ£¿éMQTT #
#                          ×ÊÁÏV3.0\3.µ½»õ²âÊÔ´úÂë\Z-StackÍ¸´«\Projects\zstac #
#                          k\SE\SampleApp\CC2530DB\..\..\..\..\..\COMPONENTS\ #
#                          SERVICES\SDATA\ -I D:\BaiduNetdiskDownload\ZIGBEE¿ #
#                          ª·¢Ì×¼þWiFiÄ£¿éMQTT×ÊÁÏV3.0\3.µ½»õ²âÊÔ´úÂë\Z-Stack #
#                          Í¸´«\Projects\zstack\SE\SampleApp\CC2530DB\..\..\. #
#                          .\..\..\COMPONENTS\MAC\INCLUDE\ -I                 #
#                          D:\BaiduNetdiskDownload\ZIGBEE¿ª·¢Ì×¼þWiFiÄ£¿éMQTT #
#                          ×ÊÁÏV3.0\3.µ½»õ²âÊÔ´úÂë\Z-StackÍ¸´«\Projects\zstac #
#                          k\SE\SampleApp\CC2530DB\..\..\..\..\..\COMPONENTS\ #
#                          MAC\HIGH_LEVEL\ -I D:\BaiduNetdiskDownload\ZIGBEE¿ #
#                          ª·¢Ì×¼þWiFiÄ£¿éMQTT×ÊÁÏV3.0\3.µ½»õ²âÊÔ´úÂë\Z-Stack #
#                          Í¸´«\Projects\zstack\SE\SampleApp\CC2530DB\..\..\. #
#                          .\..\..\COMPONENTS\MAC\LOW_LEVEL\srf04\ -I         #
#                          D:\BaiduNetdiskDownload\ZIGBEE¿ª·¢Ì×¼þWiFiÄ£¿éMQTT #
#                          ×ÊÁÏV3.0\3.µ½»õ²âÊÔ´úÂë\Z-StackÍ¸´«\Projects\zstac #
#                          k\SE\SampleApp\CC2530DB\..\..\..\..\..\COMPONENTS\ #
#                          MAC\LOW_LEVEL\srf04\SINGLE_CHIP\ -Ohz              #
#                          --require_prototypes                               #
#    List file          =  D:\BaiduNetdiskDownload\ZIGBEE¿ª·¢Ì×¼þWiFiÄ£¿éMQTT #
#                          ×ÊÁÏV3.0\3.µ½»õ²âÊÔ´úÂë\Z-StackÍ¸´«\Projects\zstac #
#                          k\SE\SampleApp\CC2530DB\ESP -                      #
#                          Coordinator\List\zcl.lst                           #
#    Object file        =  D:\BaiduNetdiskDownload\ZIGBEE¿ª·¢Ì×¼þWiFiÄ£¿éMQTT #
#                          ×ÊÁÏV3.0\3.µ½»õ²âÊÔ´úÂë\Z-StackÍ¸´«\Projects\zstac #
#                          k\SE\SampleApp\CC2530DB\ESP -                      #
#                          Coordinator\Obj\zcl.r51                            #
#                                                                             #
#                                                                             #
###############################################################################

D:\BaiduNetdiskDownload\ZIGBEE¿ª·¢Ì×¼þWiFiÄ£¿éMQTT×ÊÁÏV3.0\3.µ½»õ²âÊÔ´úÂë\Z-StackÍ¸´«\Components\stack\zcl\zcl.c
      1          /**************************************************************************************************
      2            Filename:       zcl.c
      3            Revised:        $Date: 2009-04-06 09:08:36 -0700 (Mon, 06 Apr 2009) $
      4            Revision:       $Revision: 19702 $
      5          
      6            Description:    This file contains the Zigbee Cluster Library Foundation functions.
      7          
      8          
      9            Copyright 2006-2009 Texas Instruments Incorporated. All rights reserved.
     10          
     11            IMPORTANT: Your use of this Software is limited to those specific rights
     12            granted under the terms of a software license agreement between the user
     13            who downloaded the software, his/her employer (which must be your employer)
     14            and Texas Instruments Incorporated (the "License").  You may not use this
     15            Software unless you agree to abide by the terms of the License. The License
     16            limits your use, and you acknowledge, that the Software may not be modified,
     17            copied or distributed unless embedded on a Texas Instruments microcontroller
     18            or used solely and exclusively in conjunction with a Texas Instruments radio
     19            frequency transceiver, which is integrated into your product.  Other than for
     20            the foregoing purpose, you may not use, reproduce, copy, prepare derivative
     21            works of, modify, distribute, perform, display or sell this Software and/or
     22            its documentation for any purpose.
     23          
     24            YOU FURTHER ACKNOWLEDGE AND AGREE THAT THE SOFTWARE AND DOCUMENTATION ARE
     25            PROVIDED “AS IS” WITHOUT WARRANTY OF ANY KIND, EITHER EXPRESS OR IMPLIED, 
     26            INCLUDING WITHOUT LIMITATION, ANY WARRANTY OF MERCHANTABILITY, TITLE, 
     27            NON-INFRINGEMENT AND FITNESS FOR A PARTICULAR PURPOSE. IN NO EVENT SHALL
     28            TEXAS INSTRUMENTS OR ITS LICENSORS BE LIABLE OR OBLIGATED UNDER CONTRACT,
     29            NEGLIGENCE, STRICT LIABILITY, CONTRIBUTION, BREACH OF WARRANTY, OR OTHER
     30            LEGAL EQUITABLE THEORY ANY DIRECT OR INDIRECT DAMAGES OR EXPENSES
     31            INCLUDING BUT NOT LIMITED TO ANY INCIDENTAL, SPECIAL, INDIRECT, PUNITIVE
     32            OR CONSEQUENTIAL DAMAGES, LOST PROFITS OR LOST DATA, COST OF PROCUREMENT
     33            OF SUBSTITUTE GOODS, TECHNOLOGY, SERVICES, OR ANY CLAIMS BY THIRD PARTIES
     34            (INCLUDING BUT NOT LIMITED TO ANY DEFENSE THEREOF), OR OTHER SIMILAR COSTS.
     35          
     36            Should you have any questions regarding your right to use this Software,
     37            contact Texas Instruments Incorporated at www.TI.com. 
     38          **************************************************************************************************/
     39          
     40          /*********************************************************************
     41           * INCLUDES
     42           */
     43          #include "ZComDef.h"
     44          #include "OSAL.h"
     45          #include "OSAL_Tasks.h"
     46          #include "AF.h"
     47          #include "ZDConfig.h"
     48          
     49          #include "zcl.h"
     50          #include "zcl_general.h"
     51          
     52          #if defined ( INTER_PAN )
     53            #include "stub_aps.h"
     54          #endif
     55          
     56          /*********************************************************************
     57           * MACROS
     58           */
     59          /*** Frame Control ***/
     60          #define zcl_FCType( a )               ( (a) & ZCL_FRAME_CONTROL_TYPE )
     61          #define zcl_FCManuSpecific( a )       ( (a) & ZCL_FRAME_CONTROL_MANU_SPECIFIC )
     62          #define zcl_FCDirection( a )          ( (a) & ZCL_FRAME_CONTROL_DIRECTION )
     63          #define zcl_FCDisableDefaultRsp( a )  ( (a) & ZCL_FRAME_CONTROL_DISABLE_DEFAULT_RSP )
     64          
     65          /*** Attribute Access Control ***/
     66          #define zcl_AccessCtrlRead( a )       ( (a) & ACCESS_CONTROL_READ )
     67          #define zcl_AccessCtrlWrite( a )      ( (a) & ACCESS_CONTROL_WRITE )
     68          #define zcl_AccessCtrlCmd( a )        ( (a) & ACCESS_CONTROL_CMD )
     69          
     70          #define zclParseCmd( a, b )           zclCmdTable[(a)].pfnParseInProfile( (b) )
     71          #define zclProcessCmd( a, b )         zclCmdTable[(a)].pfnProcessInProfile( (b) )
     72          
     73          #define zcl_DefaultRspCmd( zclHdr )   ( zcl_ProfileCmd( (zclHdr).fc.type )     && \
     74                                                  (zclHdr).fc.manuSpecific == 0          && \
     75                                                  (zclHdr).commandID == ZCL_CMD_DEFAULT_RSP )
     76          
     77          // Commands that have corresponding responses
     78          #define CMD_HAS_RSP( cmd )            ( (cmd) == ZCL_CMD_READ            || \
     79                                                  (cmd) == ZCL_CMD_WRITE           || \
     80                                                  (cmd) == ZCL_CMD_WRITE_UNDIVIDED || \
     81                                                  (cmd) == ZCL_CMD_CONFIG_REPORT   || \
     82                                                  (cmd) == ZCL_CMD_READ_REPORT_CFG || \
     83                                                  (cmd) == ZCL_CMD_DISCOVER        || \
     84                                                  (cmd) == ZCL_CMD_DEFAULT_RSP ) // exception
     85          
     86          /*********************************************************************
     87           * CONSTANTS
     88           */
     89          
     90          /*********************************************************************
     91           * TYPEDEFS
     92           */
     93          typedef struct zclLibPlugin
     94          {
     95            struct zclLibPlugin *next;
     96            uint16              startClusterID;    // starting cluster ID
     97            uint16              endClusterID;      // ending cluster ID
     98            zclInHdlr_t         pfnIncomingHdlr;    // function to handle incoming message
     99          } zclLibPlugin_t;
    100          
    101          // Attribute record list item
    102          typedef struct zclAttrRecsList
    103          {
    104            struct zclAttrRecsList *next;
    105            uint8                  endpoint;      // Used to link it into the endpoint descriptor
    106            uint8                  numAttributes; // Number of the following records
    107            CONST zclAttrRec_t     *attrs;        // attribute records
    108          } zclAttrRecsList;
    109          
    110          // Cluster option list item
    111          typedef struct zclClusterOptionList
    112          {
    113            struct zclClusterOptionList *next;
    114            uint8                       endpoint;   // Used to link it into the endpoint descriptor
    115            uint8                       numOptions; // Number of the following records
    116            zclOptionRec_t              *options;   // option records
    117          } zclClusterOptionList;
    118          
    119          typedef void *(*zclParseInProfileCmd_t)( zclParseCmd_t *pCmd );
    120          typedef uint8 (*zclProcessInProfileCmd_t)( zclIncoming_t *pInMsg );
    121          
    122          typedef struct
    123          {
    124            zclParseInProfileCmd_t   pfnParseInProfile;
    125            zclProcessInProfileCmd_t pfnProcessInProfile;
    126          } zclCmdItems_t;
    127          
    128          
    129          /*********************************************************************
    130           * GLOBAL VARIABLES
    131           */

   \                                 In  segment XDATA_Z, align 1, keep-with-next
    132          uint8 zcl_TaskID;
   \                     zcl_TaskID:
   \   000000                DS 1
   \   000001                REQUIRE __INIT_XDATA_Z
    133          
    134          // The task Id of the Application where the unprocessed Foundation
    135          // Command/Response messages will be sent to.

   \                                 In  segment XDATA_I, align 1, keep-with-next
    136          uint8 zcl_RegisteredMsgTaskID = TASK_NO_TASK;
   \                     zcl_RegisteredMsgTaskID:
   \   000000                DS 1
   \   000001                REQUIRE `?<Initializer for zcl_RegisteredMsgTaskID>`
   \   000001                REQUIRE __INIT_XDATA_I
    137          
    138          // The Application should register its attribute data validation function

   \                                 In  segment XDATA_Z, align 1, keep-with-next
    139          zclValidateAttrData_t zcl_ValidateAttrDataCB = NULL;
   \                     zcl_ValidateAttrDataCB:
   \   000000                DS 2
   \   000002                REQUIRE __INIT_XDATA_Z
    140          
    141          // ZCL Sequence number

   \                                 In  segment XDATA_Z, align 1, keep-with-next
    142          uint8 zcl_SeqNum = 0x00;
   \                     zcl_SeqNum:
   \   000000                DS 1
   \   000001                REQUIRE __INIT_XDATA_Z
    143             
    144          /*********************************************************************
    145           * EXTERNAL VARIABLES
    146           */
    147          
    148          /*********************************************************************
    149           * EXTERNAL FUNCTIONS
    150           */
    151          
    152          /*********************************************************************
    153           * LOCAL VARIABLES
    154           */

   \                                 In  segment XDATA_Z, align 1, keep-with-next
    155          static zclLibPlugin_t *plugins;
   \                     plugins:
   \   000000                DS 2
   \   000002                REQUIRE __INIT_XDATA_Z

   \                                 In  segment XDATA_Z, align 1, keep-with-next
    156          static zclAttrRecsList *attrList;
   \                     attrList:
   \   000000                DS 2
   \   000002                REQUIRE __INIT_XDATA_Z

   \                                 In  segment XDATA_Z, align 1, keep-with-next
    157          static zclClusterOptionList *clusterOptionList;
   \                     clusterOptionList:
   \   000000                DS 2
   \   000002                REQUIRE __INIT_XDATA_Z

   \                                 In  segment XDATA_Z, align 1, keep-with-next
    158          static uint8 zcl_TransID = 0;  // This is the unique message ID (counter)
   \                     zcl_TransID:
   \   000000                DS 1
   \   000001                REQUIRE __INIT_XDATA_Z
    159          
    160          /*********************************************************************
    161           * LOCAL FUNCTIONS
    162           */
    163          static void zclProcessMessageMSG( afIncomingMSGPacket_t *pkt );
    164          static uint8 *zclBuildHdr( zclFrameHdr_t *hdr, uint8 *pData );
    165          static uint8 zclCalcHdrSize( zclFrameHdr_t *hdr );
    166          static zclLibPlugin_t *zclFindPlugin( uint16 clusterID, uint16 profileID );
    167          static zclOptionRec_t *zclFindClusterOption( uint8 endpoint, uint16 clusterID );
    168          static uint8 zclGetClusterOption( uint8 endpoint, uint16 clusterID );
    169          static void zclSetSecurityOption( uint8 endpoint, uint16 clusterID, uint8 enable );
    170          
    171          static uint8 zcl_DeviceOperational( uint8 srcEP, uint16 clusterID, uint8 frameType, uint8 cmd, uint16 profileID );
    172          
    173          #if defined(ZCL_READ) || defined(ZCL_WRITE) || defined(ZCL_REPORT)
    174          static void zclSerializeData( uint8 dataType, void *attrData, uint8 *buf );
    175          #endif // ZCL_READ || ZCL_WRITE || ZCL_REPORT
    176          
    177          #ifdef ZCL_READ
    178          static void *zclParseInReadRspCmd( zclParseCmd_t *pCmd );
    179          static uint8 zclProcessInReadCmd( zclIncoming_t *pInMsg );
    180          #endif // ZCL_READ
    181          
    182          #ifdef ZCL_WRITE
    183          static uint8 zclWriteAttrData( zclAttrRec_t *pAttr, zclWriteRec_t *pWriteRec );
    184          static void *zclParseInWriteRspCmd( zclParseCmd_t *pCmd );
    185          static uint8 zclProcessInWriteCmd( zclIncoming_t *pInMsg );
    186          static uint8 zclProcessInWriteUndividedCmd( zclIncoming_t *pInMsg );
    187          #endif // ZCL_WRITE
    188          
    189          #ifdef ZCL_REPORT
    190          static void *zclParseInConfigReportRspCmd( zclParseCmd_t *pCmd );
    191          static void *zclParseInReadReportCfgRspCmd( zclParseCmd_t *pCmd );
    192          #endif // ZCL_REPORT
    193          
    194          static void *zclParseInDefaultRspCmd( zclParseCmd_t *pCmd );
    195          
    196          #ifdef ZCL_DISCOVER
    197          static uint8 zclFindNextAttrRec( uint8 endpoint, uint16 clusterID, uint16 *attrId, zclAttrRec_t *pAttr );
    198          static void *zclParseInDiscRspCmd( zclParseCmd_t *pCmd );
    199          static uint8 zclProcessInDiscCmd( zclIncoming_t *pInMsg );
    200          #endif // ZCL_DISCOVER
    201          
    202          static uint8 zclSendMsg( zclIncoming_t *pInMsg );
    203          
    204          /*********************************************************************
    205           * Parse Profile Command Function Table
    206           */

   \                                 In  segment CODE_C, align 1
    207          static CONST zclCmdItems_t zclCmdTable[] =
   \                     zclCmdTable:
   \   000000   ....         DW ??zclParseInReadCmd?relay
   \   000002   ....         DW ??zclProcessInReadCmd?relay
   \   000004   ....         DW ??zclParseInReadRspCmd?relay
   \   000006   ....         DW ??zclSendMsg?relay
   \   000008   ....         DW ??zclParseInWriteCmd?relay
   \   00000A   ....         DW ??zclProcessInWriteCmd?relay
   \   00000C   ....         DW ??zclParseInWriteCmd?relay
   \   00000E   ....         DW ??zclProcessInWriteUndividedCmd?relay
   \   000010   ....         DW ??zclParseInWriteRspCmd?relay
   \   000012   ....         DW ??zclSendMsg?relay
   \   000014   ....         DW ??zclParseInWriteCmd?relay
   \   000016   ....         DW ??zclProcessInWriteCmd?relay
   \   000018   ....         DW ??zclParseInConfigReportCmd?relay
   \   00001A   ....         DW ??zclSendMsg?relay
   \   00001C   ....         DW ??zclParseInConfigReportRspCmd?relay
   \   00001E   ....         DW ??zclSendMsg?relay
   \   000020   ....         DW ??zclParseInReadReportCfgCmd?relay
   \   000022   ....         DW ??zclSendMsg?relay
   \   000024   ....         DW ??zclParseInReadReportCfgRspCmd?relay
   \   000026   ....         DW ??zclSendMsg?relay
   \   000028   ....         DW ??zclParseInReportCmd?relay
   \   00002A   ....         DW ??zclSendMsg?relay
   \   00002C   ....         DW ??zclParseInDefaultRspCmd?relay
   \   00002E   ....         DW ??zclSendMsg?relay
   \   000030   0000         DW 0H
   \   000032   0000         DW 0H
   \   000034   0000         DW 0H
   \   000036   0000         DW 0H
    208          {
    209          #ifdef ZCL_READ
    210            /* ZCL_CMD_READ */                { zclParseInReadCmd,             zclProcessInReadCmd             },
    211            /* ZCL_CMD_READ_RSP */            { zclParseInReadRspCmd,          zclSendMsg                      },
    212          #else
    213            /* ZCL_CMD_READ */                { NULL,                          NULL                            },
    214            /* ZCL_CMD_READ_RSP */            { NULL,                          NULL                            },
    215          #endif // ZCL_READ
    216          
    217          #ifdef ZCL_WRITE
    218            /* ZCL_CMD_WRITE */               { zclParseInWriteCmd,            zclProcessInWriteCmd            },
    219            /* ZCL_CMD_WRITE_UNDIVIDED */     { zclParseInWriteCmd,            zclProcessInWriteUndividedCmd   },
    220            /* ZCL_CMD_WRITE_RSP */           { zclParseInWriteRspCmd,         zclSendMsg                      },
    221            /* ZCL_CMD_WRITE_NO_RSP */        { zclParseInWriteCmd,            zclProcessInWriteCmd            },
    222          #else
    223            /* ZCL_CMD_WRITE */               { NULL,                          NULL                            },
    224            /* ZCL_CMD_WRITE_UNDIVIDED */     { NULL,                          NULL                            },
    225            /* ZCL_CMD_WRITE_RSP */           { NULL,                          NULL                            },
    226            /* ZCL_CMD_WRITE_NO_RSP */        { NULL,                          NULL                            },
    227          #endif // ZCL_WRITE
    228          
    229          #ifdef ZCL_REPORT
    230            /* ZCL_CMD_CONFIG_REPORT */       { zclParseInConfigReportCmd,     zclSendMsg                      },
    231            /* ZCL_CMD_CONFIG_REPORT_RSP */   { zclParseInConfigReportRspCmd,  zclSendMsg                      },
    232            /* ZCL_CMD_READ_REPORT_CFG */     { zclParseInReadReportCfgCmd,    zclSendMsg                      },
    233            /* ZCL_CMD_READ_REPORT_CFG_RSP */ { zclParseInReadReportCfgRspCmd, zclSendMsg                      },
    234            /* ZCL_CMD_REPORT */              { zclParseInReportCmd,           zclSendMsg                      },
    235          #else
    236            /* ZCL_CMD_CONFIG_REPORT */       { NULL,                          NULL                            },
    237            /* ZCL_CMD_CONFIG_REPORT_RSP */   { NULL,                          NULL                            },
    238            /* ZCL_CMD_READ_REPORT_CFG */     { NULL,                          NULL                            },
    239            /* ZCL_CMD_READ_REPORT_CFG_RSP */ { NULL,                          NULL                            },
    240            /* ZCL_CMD_REPORT */              { NULL,                          NULL                            },
    241          #endif // ZCL_REPORT
    242          
    243            /* ZCL_CMD_DEFAULT_RSP */         { zclParseInDefaultRspCmd,       zclSendMsg                      },
    244            
    245          #ifdef ZCL_DISCOVER  
    246            /* ZCL_CMD_DISCOVER */            { zclParseInDiscCmd,             zclProcessInDiscCmd             },
    247            /* ZCL_CMD_DISCOVER_RSP */        { zclParseInDiscRspCmd,          zclSendMsg                      }
    248          #else
    249            /* ZCL_CMD_DISCOVER */            { NULL,                          NULL                            },
    250            /* ZCL_CMD_DISCOVER_RSP */        { NULL,                          NULL                            }
    251          #endif // ZCL_DISCOVER
    252          };
    253          
    254          /*********************************************************************
    255           * PUBLIC FUNCTIONS
    256           *********************************************************************/
    257          
    258          /*********************************************************************
    259           * @fn          zcl_Init
    260           *
    261           * @brief       Initialization function for the zcl layer.
    262           *
    263           * @param       task_id - ZCL task id
    264           *
    265           * @return      none
    266           */

   \                                 In  segment BANKED_CODE, align 1, keep-with-next
    267          void zcl_Init( uint8 task_id )
   \                     zcl_Init:
    268          {
   \   000000   C082         PUSH    DPL
   \   000002   C083         PUSH    DPH
   \   000004                ; Saved register size: 2
   \   000004                ; Auto size: 0
    269            zcl_TaskID = task_id;
   \   000004   E9           MOV     A,R1
   \   000005   90....       MOV     DPTR,#zcl_TaskID
   \   000008   F0           MOVX    @DPTR,A
    270          
    271            plugins = (zclLibPlugin_t  *)NULL;
   \   000009   90....       MOV     DPTR,#plugins
   \   00000C   E4           CLR     A
   \   00000D   F0           MOVX    @DPTR,A
   \   00000E   A3           INC     DPTR
   \   00000F   F0           MOVX    @DPTR,A
    272            attrList = (zclAttrRecsList *)NULL;
   \   000010   90....       MOV     DPTR,#attrList
   \   000013   F0           MOVX    @DPTR,A
   \   000014   A3           INC     DPTR
   \   000015   F0           MOVX    @DPTR,A
    273            clusterOptionList = (zclClusterOptionList *)NULL;
   \   000016   90....       MOV     DPTR,#clusterOptionList
   \   000019   F0           MOVX    @DPTR,A
   \   00001A   A3           INC     DPTR
   \   00001B   F0           MOVX    @DPTR,A
    274          }
   \   00001C   02....       LJMP    ?Subroutine0 & 0xFFFF

   \                                 In  segment BANKED_CODE, align 1, keep-with-next
   \                     ?Subroutine0:
   \   000000   D083         POP     DPH
   \   000002   D082         POP     DPL
   \   000004   02....       LJMP    ?BRET
    275          
    276          /*********************************************************************
    277           * @fn          zcl_event_loop
    278           *
    279           * @brief       Event Loop Processor for zcl.
    280           *
    281           * @param       task_id - task id
    282           * @param       events - event bitmap
    283           *
    284           * @return      unprocessed events
    285           */

   \                                 In  segment BANKED_CODE, align 1, keep-with-next
    286          uint16 zcl_event_loop( uint8 task_id, uint16 events )
   \                     zcl_event_loop:
    287          {
   \   000000   74F4         MOV     A,#-0xc
   \   000002   12....       LCALL   ?BANKED_ENTER_XDATA
   \   000005                ; Saved register size: 12
   \   000005                ; Auto size: 0
   \   000005   8A..         MOV     ?V0 + 0,R2
   \   000007   8B..         MOV     ?V0 + 1,R3
    288            uint8 *msgPtr;
    289          
    290            (void)task_id;  // Intentionally unreferenced parameter
    291            
    292            if ( events & SYS_EVENT_MSG )
   \   000009   EB           MOV     A,R3
   \   00000A   5480         ANL     A,#0x80
   \   00000C   6048         JZ      ??zcl_event_loop_0
    293            {
    294              msgPtr = osal_msg_receive( zcl_TaskID );
   \   00000E                ; Setup parameters for call to function osal_msg_receive
   \   00000E   800E         SJMP    ??zcl_event_loop_1
    295              while ( msgPtr != NULL )
    296              {
    297                uint8 dealloc = TRUE;
    298                
    299                if ( *msgPtr == AF_INCOMING_MSG_CMD )
    300                {
    301                  zclProcessMessageMSG( (afIncomingMSGPacket_t *)msgPtr );
   \                     ??zcl_event_loop_2:
   \   000010                ; Setup parameters for call to function zclProcessMessageMSG
   \   000010   EE           MOV     A,R6
   \   000011   FA           MOV     R2,A
   \   000012   EF           MOV     A,R7
   \   000013   FB           MOV     R3,A
   \   000014   12....       LCALL   ??zclProcessMessageMSG?relay
    302                }
    303                else if ( zcl_RegisteredMsgTaskID != TASK_NO_TASK )
    304                {
    305                  // send it to another task to process.
    306                  osal_msg_send( zcl_RegisteredMsgTaskID, msgPtr );
    307                  dealloc = FALSE;
    308                }
    309            
    310                // Release the memory
    311                if ( dealloc )
    312                {
    313                  osal_msg_deallocate( msgPtr );
   \                     ??zcl_event_loop_3:
   \   000017                ; Setup parameters for call to function osal_msg_deallocate
   \   000017   EE           MOV     A,R6
   \   000018   FA           MOV     R2,A
   \   000019   EF           MOV     A,R7
   \   00001A   FB           MOV     R3,A
   \   00001B   12....       LCALL   ??osal_msg_deallocate?relay
    314                }
    315          
    316                // Next
    317                msgPtr = osal_msg_receive( zcl_TaskID );
   \                     ??zcl_event_loop_1:
   \   00001E                ; Setup parameters for call to function osal_msg_receive
   \   00001E   90....       MOV     DPTR,#zcl_TaskID
   \   000021   E0           MOVX    A,@DPTR
   \   000022   F9           MOV     R1,A
   \   000023   12....       LCALL   ??osal_msg_receive?relay
   \   000026   8A..         MOV     ?V0 + 2,R2
   \   000028   8B..         MOV     ?V0 + 3,R3
   \   00002A   AE..         MOV     R6,?V0 + 2
   \   00002C   AF..         MOV     R7,?V0 + 3
   \   00002E   EE           MOV     A,R6
   \   00002F   4F           ORL     A,R7
   \   000030   601B         JZ      ??zcl_event_loop_4
   \   000032   8E82         MOV     DPL,R6
   \   000034   8F83         MOV     DPH,R7
   \   000036   E0           MOVX    A,@DPTR
   \   000037   641A         XRL     A,#0x1a
   \   000039   60D5         JZ      ??zcl_event_loop_2
   \   00003B   90....       MOV     DPTR,#zcl_RegisteredMsgTaskID
   \   00003E   E0           MOVX    A,@DPTR
   \   00003F   F4           CPL     A
   \   000040   60D5         JZ      ??zcl_event_loop_3
   \   000042                ; Setup parameters for call to function osal_msg_send
   \   000042   EE           MOV     A,R6
   \   000043   FA           MOV     R2,A
   \   000044   EF           MOV     A,R7
   \   000045   FB           MOV     R3,A
   \   000046   E0           MOVX    A,@DPTR
   \   000047   F9           MOV     R1,A
   \   000048   12....       LCALL   ??osal_msg_send?relay
   \   00004B   80D1         SJMP    ??zcl_event_loop_1
    318              }
    319          
    320              // return unprocessed events
    321              return (events ^ SYS_EVENT_MSG);
   \                     ??zcl_event_loop_4:
   \   00004D   AA..         MOV     R2,?V0 + 0
   \   00004F   E5..         MOV     A,?V0 + 1
   \   000051   6480         XRL     A,#0x80
   \   000053   FB           MOV     R3,A
   \   000054   8004         SJMP    ??zcl_event_loop_5
    322            }
    323          
    324            // Discard unknown events
    325            return 0;
   \                     ??zcl_event_loop_0:
   \   000056   7A00         MOV     R2,#0x0
   \   000058   7B00         MOV     R3,#0x0
   \                     ??zcl_event_loop_5:
   \   00005A   02....       LJMP    ?Subroutine1 & 0xFFFF
    326          }

   \                                 In  segment BANKED_CODE, align 1, keep-with-next
   \                     ?Subroutine1:
   \   000000   7F04         MOV     R7,#0x4
   \   000002   02....       LJMP    ?BANKED_LEAVE_XDATA
    327          
    328          /*********************************************************************
    329           * @fn          zcl_registerPlugin
    330           *
    331           * @brief       Add a Cluster Library handler
    332           *
    333           * @param       startClusterID - starting cluster ID
    334           * @param       endClusterID - ending cluster ID
    335           * @param       pfnHdlr - function pointer to incoming message handler
    336           *
    337           * @return      ZSuccess if OK
    338           */

   \                                 In  segment BANKED_CODE, align 1, keep-with-next
    339          ZStatus_t zcl_registerPlugin( uint16 startClusterID,
   \                     zcl_registerPlugin:
    340                    uint16 endClusterID, zclInHdlr_t pfnIncomingHdlr )
    341          {
   \   000000   74F2         MOV     A,#-0xe
   \   000002   12....       LCALL   ?BANKED_ENTER_XDATA
   \   000005                ; Saved register size: 14
   \   000005                ; Auto size: 0
   \   000005   8A..         MOV     ?V0 + 0,R2
   \   000007   8B..         MOV     ?V0 + 1,R3
   \   000009   EC           MOV     A,R4
   \   00000A   FE           MOV     R6,A
   \   00000B   ED           MOV     A,R5
   \   00000C   FF           MOV     R7,A
   \   00000D   740E         MOV     A,#0xe
   \   00000F   12....       LCALL   ?XSTACK_DISP0_8
   \   000012   12....       LCALL   ?Subroutine148 & 0xFFFF
    342            zclLibPlugin_t *pNewItem;
    343            zclLibPlugin_t *pLoop;
    344          
    345            // Fill in the new profile list
    346            pNewItem = osal_mem_alloc( sizeof( zclLibPlugin_t ) );
   \                     ??CrossCallReturnLabel_255:
   \   000015                ; Setup parameters for call to function osal_mem_alloc
   \   000015   7A08         MOV     R2,#0x8
   \   000017   7B00         MOV     R3,#0x0
   \   000019   12....       LCALL   ??osal_mem_alloc?relay
   \   00001C   8A..         MOV     ?V0 + 4,R2
   \   00001E   8B..         MOV     ?V0 + 5,R3
   \   000020   A8..         MOV     R0,?V0 + 4
   \   000022   A9..         MOV     R1,?V0 + 5
    347            if ( pNewItem == NULL )
   \   000024   E8           MOV     A,R0
   \   000025   49           ORL     A,R1
   \   000026   7004         JNZ     ??zcl_registerPlugin_0
    348              return (ZMemError);
   \   000028   7910         MOV     R1,#0x10
   \   00002A   8038         SJMP    ??CrossCallReturnLabel_61
    349          
    350            // Fill in the plugin record.
    351            pNewItem->next = (zclLibPlugin_t *)NULL;
   \                     ??zcl_registerPlugin_0:
   \   00002C   12....       LCALL   ?Subroutine133 & 0xFFFF
    352            pNewItem->startClusterID = startClusterID;
   \                     ??CrossCallReturnLabel_234:
   \   00002F   A3           INC     DPTR
   \   000030   E5..         MOV     A,?V0 + 1
   \   000032   12....       LCALL   ?Subroutine42 & 0xFFFF
    353            pNewItem->endClusterID = endClusterID;
   \                     ??CrossCallReturnLabel_64:
   \   000035   EE           MOV     A,R6
   \   000036   F0           MOVX    @DPTR,A
   \   000037   A3           INC     DPTR
   \   000038   EF           MOV     A,R7
   \   000039   12....       LCALL   ?Subroutine42 & 0xFFFF
    354            pNewItem->pfnIncomingHdlr = pfnIncomingHdlr;
   \                     ??CrossCallReturnLabel_65:
   \   00003C   A3           INC     DPTR
   \   00003D   A3           INC     DPTR
   \   00003E   E5..         MOV     A,?V0 + 2
   \   000040   F0           MOVX    @DPTR,A
   \   000041   A3           INC     DPTR
   \   000042   E5..         MOV     A,?V0 + 3
   \   000044   F0           MOVX    @DPTR,A
    355          
    356            // Find spot in list
    357            if (  plugins == NULL )
   \   000045   90....       MOV     DPTR,#plugins
   \   000048   12....       LCALL   ??Subroutine199_0 & 0xFFFF
   \                     ??CrossCallReturnLabel_317:
   \   00004B   90....       MOV     DPTR,#plugins
   \   00004E   6011         JZ      ??zcl_registerPlugin_1
    358            {
    359              plugins = pNewItem;
    360            }
    361            else
    362            {
    363              // Look for end of list
    364              pLoop = plugins;
   \   000050   12....       LCALL   ?Subroutine190 & 0xFFFF
   \                     ??CrossCallReturnLabel_606:
   \   000053   8003         SJMP    ??zcl_registerPlugin_2
    365              while ( pLoop->next != NULL )
    366                pLoop = pLoop->next;
   \                     ??zcl_registerPlugin_3:
   \   000055   EA           MOV     A,R2
   \   000056   FC           MOV     R4,A
   \   000057   EB           MOV     A,R3
   \                     ??zcl_registerPlugin_2:
   \   000058   12....       LCALL   ?Subroutine63 & 0xFFFF
   \                     ??CrossCallReturnLabel_314:
   \   00005B   70F8         JNZ     ??zcl_registerPlugin_3
    367          
    368              // Put new item at end of list
    369              pLoop->next = pNewItem;
   \   00005D   8C82         MOV     DPL,R4
   \   00005F   8D83         MOV     DPH,R5
    370            }
   \                     ??zcl_registerPlugin_1:
   \   000061   12....       LCALL   ?Subroutine39 & 0xFFFF
    371          
    372            return ( ZSuccess );
   \                     ??CrossCallReturnLabel_61:
   \   000064   7F06         MOV     R7,#0x6
   \   000066   02....       LJMP    ?BANKED_LEAVE_XDATA
    373          }

   \                                 In  segment BANKED_CODE, align 1, keep-with-next
   \                     ?Subroutine42:
   \   000000   12....       LCALL   ?Subroutine136 & 0xFFFF
   \                     ??CrossCallReturnLabel_238:
   \   000003   22           RET

   \                                 In  segment BANKED_CODE, align 1, keep-with-next
   \                     ?Subroutine136:
   \   000000   12....       LCALL   ?Subroutine182 & 0xFFFF
   \                     ??CrossCallReturnLabel_401:
   \   000003   A3           INC     DPTR
   \   000004   A3           INC     DPTR
   \   000005   A3           INC     DPTR
   \   000006   A3           INC     DPTR
   \   000007   22           RET

   \                                 In  segment BANKED_CODE, align 1, keep-with-next
   \                     ?Subroutine63:
   \   000000   FD           MOV     R5,A
   \   000001   8C82         MOV     DPL,R4
   \   000003   8D83         MOV     DPH,R5
   \   000005                REQUIRE ??Subroutine199_0
   \   000005                ; // Fall through to label ??Subroutine199_0

   \                                 In  segment BANKED_CODE, align 1, keep-with-next
   \                     ??Subroutine199_0:
   \   000000   12....       LCALL   ?Subroutine150 & 0xFFFF
   \                     ??CrossCallReturnLabel_439:
   \   000003   EA           MOV     A,R2
   \   000004   4B           ORL     A,R3
   \   000005   22           RET

   \                                 In  segment BANKED_CODE, align 1, keep-with-next
   \                     ?Subroutine39:
   \   000000   E8           MOV     A,R0
   \   000001   F0           MOVX    @DPTR,A
   \   000002   A3           INC     DPTR
   \   000003   E9           MOV     A,R1
   \   000004   F0           MOVX    @DPTR,A
   \   000005   7900         MOV     R1,#0x0
   \   000007   22           RET

   \                                 In  segment BANKED_CODE, align 1, keep-with-next
   \                     ?Subroutine133:
   \   000000   8882         MOV     DPL,R0
   \   000002   8983         MOV     DPH,R1
   \   000004   E4           CLR     A
   \   000005   F0           MOVX    @DPTR,A
   \   000006   A3           INC     DPTR
   \   000007   12....       LCALL   ?Subroutine182 & 0xFFFF
   \                     ??CrossCallReturnLabel_402:
   \   00000A   A3           INC     DPTR
   \   00000B   A3           INC     DPTR
   \   00000C   E5..         MOV     A,?V0 + 0
   \   00000E   F0           MOVX    @DPTR,A
   \   00000F   22           RET

   \                                 In  segment BANKED_CODE, align 1, keep-with-next
   \                     ?Subroutine182:
   \   000000   F0           MOVX    @DPTR,A
   \   000001   8882         MOV     DPL,R0
   \   000003   8983         MOV     DPH,R1
   \   000005   22           RET

   \                                 In  segment BANKED_CODE, align 1, keep-with-next
   \                     ?Subroutine190:
   \   000000   E0           MOVX    A,@DPTR
   \   000001   FC           MOV     R4,A
   \   000002   A3           INC     DPTR
   \   000003   E0           MOVX    A,@DPTR
   \   000004   22           RET

   \                                 In  segment BANKED_CODE, align 1, keep-with-next
   \                     ?Subroutine150:
   \   000000   E0           MOVX    A,@DPTR
   \   000001   FA           MOV     R2,A
   \   000002   A3           INC     DPTR
   \   000003   E0           MOVX    A,@DPTR
   \   000004   FB           MOV     R3,A
   \   000005   22           RET

   \                                 In  segment BANKED_CODE, align 1, keep-with-next
   \                     ?Subroutine148:
   \   000000   E0           MOVX    A,@DPTR
   \   000001   F5..         MOV     ?V0 + 2,A
   \   000003   A3           INC     DPTR
   \   000004   E0           MOVX    A,@DPTR
   \   000005   F5..         MOV     ?V0 + 3,A
   \   000007   22           RET
    374          
    375          /*********************************************************************
    376           * @fn          zcl_registerAttrList
    377           *
    378           * @brief       Register an Attribute List with ZCL Foundation
    379           *
    380           * @param       endpoint - endpoint the attribute list belongs to
    381           * @param       numAttr - number of attributes in list
    382           * @param       newAttrList - array of Attribute records.
    383           *                            NOTE: THE ATTRIBUTE IDs (FOR A CLUSTER) MUST BE IN
    384           *                            ASCENDING ORDER. OTHERWISE, THE DISCOVERY RESPONSE
    385           *                            COMMAND WILL NOT HAVE THE RIGHT ATTRIBUTE INFO
    386           *
    387           * @return      ZSuccess if OK
    388           */

   \                                 In  segment BANKED_CODE, align 1, keep-with-next
    389          ZStatus_t zcl_registerAttrList( uint8 endpoint, uint8 numAttr, CONST zclAttrRec_t newAttrList[] )
   \                     zcl_registerAttrList:
    390          {
   \   000000   74F4         MOV     A,#-0xc
   \   000002   12....       LCALL   ?BANKED_ENTER_XDATA
   \   000005                ; Saved register size: 12
   \   000005                ; Auto size: 0
   \   000005   12....       LCALL   ?Subroutine115 & 0xFFFF
    391            zclAttrRecsList *pNewItem;
    392            zclAttrRecsList *pLoop;
    393          
    394            // Fill in the new profile list
    395            pNewItem = osal_mem_alloc( sizeof( zclAttrRecsList ) );
    396            if ( pNewItem == NULL )
   \                     ??CrossCallReturnLabel_212:
   \   000008   7004         JNZ     ??zcl_registerAttrList_0
    397              return (ZMemError);
   \   00000A   7910         MOV     R1,#0x10
   \   00000C   8022         SJMP    ??CrossCallReturnLabel_62
    398          
    399            pNewItem->next = (zclAttrRecsList *)NULL;
   \                     ??zcl_registerAttrList_0:
   \   00000E   12....       LCALL   ?Subroutine14 & 0xFFFF
    400            pNewItem->endpoint = endpoint;
    401            pNewItem->numAttributes = numAttr;
    402            pNewItem->attrs = newAttrList;
    403          
    404            // Find spot in list
    405            if ( attrList == NULL )
   \                     ??CrossCallReturnLabel_11:
   \   000011   90....       MOV     DPTR,#attrList
   \   000014   12....       LCALL   ??Subroutine199_0 & 0xFFFF
   \                     ??CrossCallReturnLabel_318:
   \   000017   90....       MOV     DPTR,#attrList
   \   00001A   6011         JZ      ??zcl_registerAttrList_1
    406            {
    407              attrList = pNewItem;
    408            }
    409            else
    410            {
    411              // Look for end of list
    412              pLoop = attrList;
   \   00001C   12....       LCALL   ?Subroutine190 & 0xFFFF
   \                     ??CrossCallReturnLabel_607:
   \   00001F   8003         SJMP    ??zcl_registerAttrList_2
    413              while ( pLoop->next != NULL )
    414                pLoop = pLoop->next;
   \                     ??zcl_registerAttrList_3:
   \   000021   EA           MOV     A,R2
   \   000022   FC           MOV     R4,A
   \   000023   EB           MOV     A,R3
   \                     ??zcl_registerAttrList_2:
   \   000024   12....       LCALL   ?Subroutine63 & 0xFFFF
   \                     ??CrossCallReturnLabel_315:
   \   000027   70F8         JNZ     ??zcl_registerAttrList_3
    415          
    416              // Put new item at end of list
    417              pLoop->next = pNewItem;
   \   000029   8C82         MOV     DPL,R4
   \   00002B   8D83         MOV     DPH,R5
    418            }
   \                     ??zcl_registerAttrList_1:
   \   00002D   12....       LCALL   ?Subroutine39 & 0xFFFF
    419          
    420            return ( ZSuccess );
   \                     ??CrossCallReturnLabel_62:
   \   000030   02....       LJMP    ?Subroutine1 & 0xFFFF
    421          }

   \                                 In  segment BANKED_CODE, align 1, keep-with-next
   \                     ?Subroutine115:
   \   000000   89..         MOV     ?V0 + 0,R1
   \   000002   8A..         MOV     ?V0 + 1,R2
   \   000004   EC           MOV     A,R4
   \   000005   FE           MOV     R6,A
   \   000006   ED           MOV     A,R5
   \   000007   FF           MOV     R7,A
   \   000008                ; Setup parameters for call to function osal_mem_alloc
   \   000008                ; Setup parameters for call to function osal_mem_alloc
   \   000008   7A06         MOV     R2,#0x6
   \   00000A   7B00         MOV     R3,#0x0
   \   00000C   12....       LCALL   ??osal_mem_alloc?relay
   \   00000F   8A..         MOV     ?V0 + 2,R2
   \   000011   8B..         MOV     ?V0 + 3,R3
   \   000013   A8..         MOV     R0,?V0 + 2
   \   000015   A9..         MOV     R1,?V0 + 3
   \   000017   E8           MOV     A,R0
   \   000018   49           ORL     A,R1
   \   000019   22           RET

   \                                 In  segment BANKED_CODE, align 1, keep-with-next
   \                     ?Subroutine14:
   \   000000   12....       LCALL   ?Subroutine133 & 0xFFFF
   \                     ??CrossCallReturnLabel_235:
   \   000003   8882         MOV     DPL,R0
   \   000005   8983         MOV     DPH,R1
   \   000007   A3           INC     DPTR
   \   000008   A3           INC     DPTR
   \   000009   A3           INC     DPTR
   \   00000A   E5..         MOV     A,?V0 + 1
   \   00000C   12....       LCALL   ?Subroutine136 & 0xFFFF
   \                     ??CrossCallReturnLabel_239:
   \   00000F   EE           MOV     A,R6
   \   000010   F0           MOVX    @DPTR,A
   \   000011   A3           INC     DPTR
   \   000012   EF           MOV     A,R7
   \   000013   F0           MOVX    @DPTR,A
   \   000014   22           RET
    422          
    423          /*********************************************************************
    424           * @fn          zcl_registerClusterOptionList
    425           *
    426           * @brief       Register a Cluster Option List with ZCL Foundation
    427           *
    428           * @param       endpoint - endpoint the option list belongs to
    429           * @param       numOption - number of options in list
    430           * @param       optionList - array of cluster option records.
    431           *                           
    432           *              NOTE: This API should be called to enable 'Application
    433           *                    Link Key' security and/or 'APS ACK' for a specific      
    434           *                    Cluster. The 'Application Link Key' is discarded
    435           *                    if security isn't enabled on the device.
    436           *                    The default behavior is 'Network Key' when security
    437           *                    is enabled and no 'APS ACK' for the ZCL messages.
    438           *
    439           * @return      ZSuccess if OK
    440           */

   \                                 In  segment BANKED_CODE, align 1, keep-with-next
    441          ZStatus_t zcl_registerClusterOptionList( uint8 endpoint, uint8 numOption, zclOptionRec_t optionList[] )
   \                     zcl_registerClusterOptionList:
    442          {
   \   000000   74F4         MOV     A,#-0xc
   \   000002   12....       LCALL   ?BANKED_ENTER_XDATA
   \   000005                ; Saved register size: 12
   \   000005                ; Auto size: 0
   \   000005   12....       LCALL   ?Subroutine115 & 0xFFFF
    443            zclClusterOptionList *pNewItem;
    444            zclClusterOptionList *pLoop;
    445          
    446            // Fill in the new profile list
    447            pNewItem = osal_mem_alloc( sizeof( zclClusterOptionList ) );
    448            if ( pNewItem == NULL )
   \                     ??CrossCallReturnLabel_213:
   \   000008   7004         JNZ     ??zcl_registerClusterOptionList_0
    449              return (ZMemError);
   \   00000A   7910         MOV     R1,#0x10
   \   00000C   8022         SJMP    ??CrossCallReturnLabel_63
    450          
    451            pNewItem->next = (zclClusterOptionList *)NULL;
   \                     ??zcl_registerClusterOptionList_0:
   \   00000E   12....       LCALL   ?Subroutine14 & 0xFFFF
    452            pNewItem->endpoint = endpoint;
    453            pNewItem->numOptions = numOption;
    454            pNewItem->options = optionList;
    455          
    456            // Find spot in list
    457            if ( clusterOptionList == NULL )
   \                     ??CrossCallReturnLabel_12:
   \   000011   90....       MOV     DPTR,#clusterOptionList
   \   000014   12....       LCALL   ??Subroutine199_0 & 0xFFFF
   \                     ??CrossCallReturnLabel_319:
   \   000017   90....       MOV     DPTR,#clusterOptionList
   \   00001A   6011         JZ      ??zcl_registerClusterOptionList_1
    458            {
    459              clusterOptionList = pNewItem;
    460            }
    461            else
    462            {
    463              // Look for end of list
    464              pLoop = clusterOptionList;
   \   00001C   12....       LCALL   ?Subroutine190 & 0xFFFF
   \                     ??CrossCallReturnLabel_608:
   \   00001F   8003         SJMP    ??zcl_registerClusterOptionList_2
    465              while ( pLoop->next != NULL )
    466                pLoop = pLoop->next;
   \                     ??zcl_registerClusterOptionList_3:
   \   000021   EA           MOV     A,R2
   \   000022   FC           MOV     R4,A
   \   000023   EB           MOV     A,R3
   \                     ??zcl_registerClusterOptionList_2:
   \   000024   12....       LCALL   ?Subroutine63 & 0xFFFF
   \                     ??CrossCallReturnLabel_316:
   \   000027   70F8         JNZ     ??zcl_registerClusterOptionList_3
    467          
    468              // Put new item at end of list
    469              pLoop->next = pNewItem;
   \   000029   8C82         MOV     DPL,R4
   \   00002B   8D83         MOV     DPH,R5
    470            }
   \                     ??zcl_registerClusterOptionList_1:
   \   00002D   12....       LCALL   ?Subroutine39 & 0xFFFF
    471          
    472            return ( ZSuccess );
   \                     ??CrossCallReturnLabel_63:
   \   000030   02....       LJMP    ?Subroutine1 & 0xFFFF
    473          }
    474          
    475          /*********************************************************************
    476           * @fn          zcl_registerValidateAttrData
    477           *
    478           * @brief       Add a validation function for attribute data
    479           *
    480           * @param       pfnValidateAttrData - function pointer to validate routine
    481           *
    482           * @return      ZSuccess if OK
    483           */

   \                                 In  segment BANKED_CODE, align 1, keep-with-next
    484          ZStatus_t zcl_registerValidateAttrData( zclValidateAttrData_t pfnValidateAttrData )
   \                     zcl_registerValidateAttrData:
    485          {
   \   000000   C082         PUSH    DPL
   \   000002   C083         PUSH    DPH
   \   000004                ; Saved register size: 2
   \   000004                ; Auto size: 0
    486            zcl_ValidateAttrDataCB = pfnValidateAttrData;
   \   000004   90....       MOV     DPTR,#zcl_ValidateAttrDataCB
   \   000007   12....       LCALL   ?Subroutine33 & 0xFFFF
    487            
    488            return ( ZSuccess );
   \                     ??CrossCallReturnLabel_544:
   \   00000A   7900         MOV     R1,#0x0
   \   00000C   80..         SJMP    ?Subroutine0
    489          }

   \                                 In  segment BANKED_CODE, align 1, keep-with-next
   \                     ?Subroutine33:
   \   000000   EA           MOV     A,R2
   \   000001                REQUIRE ??Subroutine241_0
   \   000001                ; // Fall through to label ??Subroutine241_0

   \                                 In  segment BANKED_CODE, align 1, keep-with-next
   \                     ??Subroutine241_0:
   \   000000   F0           MOVX    @DPTR,A
   \   000001   A3           INC     DPTR
   \   000002   EB           MOV     A,R3
   \   000003   F0           MOVX    @DPTR,A
   \   000004   22           RET
    490          
    491          /*********************************************************************
    492           * @fn      zcl_registerForMsg
    493           *
    494           * @brief   The ZCL is setup to send all incoming Foundation Command/Response
    495           *          messages that aren't processed to one task (if a task is
    496           *          registered).
    497           *
    498           * @param   taskId - task Id of the Application where commands will be sent to
    499           *
    500           * @return  TRUE if task registeration successful, FALSE otherwise
    501           *********************************************************************/

   \                                 In  segment BANKED_CODE, align 1, keep-with-next
    502          uint8 zcl_registerForMsg( uint8 taskId )
   \                     zcl_registerForMsg:
    503          {
   \   000000   C082         PUSH    DPL
   \   000002   C083         PUSH    DPH
   \   000004                ; Saved register size: 2
   \   000004                ; Auto size: 0
   \   000004   E9           MOV     A,R1
   \   000005   F8           MOV     R0,A
    504            // Allow only the first task
    505            if ( zcl_RegisteredMsgTaskID == TASK_NO_TASK )
   \   000006   90....       MOV     DPTR,#zcl_RegisteredMsgTaskID
   \   000009   E0           MOVX    A,@DPTR
   \   00000A   F4           CPL     A
   \   00000B   7006         JNZ     ??zcl_registerForMsg_0
    506            {
    507              zcl_RegisteredMsgTaskID = taskId;
   \   00000D   E8           MOV     A,R0
   \   00000E   F0           MOVX    @DPTR,A
    508              
    509              return ( true );
   \   00000F   7901         MOV     R1,#0x1
   \   000011   8002         SJMP    ??zcl_registerForMsg_1
    510            }
    511            
    512            return ( false );
   \                     ??zcl_registerForMsg_0:
   \   000013   7900         MOV     R1,#0x0
   \                     ??zcl_registerForMsg_1:
   \   000015                REQUIRE ?Subroutine0
   \   000015                ; // Fall through to label ?Subroutine0
    513          }
    514          
    515          /*********************************************************************
    516           * @fn      zcl_DeviceOperational
    517           *
    518           * @brief   Used to see whether or not the device can send or respond 
    519           *          to application level commands.
    520           *
    521           * @param   srcEP - source endpoint
    522           * @param   clusterID - cluster ID
    523           * @param   frameType - command type
    524           * @param   cmd - command ID
    525           *
    526           * @return  TRUE if device is operational, FALSE otherwise
    527           */

   \                                 In  segment BANKED_CODE, align 1, keep-with-next
    528          static uint8 zcl_DeviceOperational( uint8 srcEP, uint16 clusterID, 
   \                     zcl_DeviceOperational:
    529                                              uint8 frameType, uint8 cmd, uint16 profileID )
    530          {
   \   000000   74F4         MOV     A,#-0xc
   \   000002   12....       LCALL   ?BANKED_ENTER_XDATA
   \   000005                ; Saved register size: 12
   \   000005                ; Auto size: 9
   \   000005   74F7         MOV     A,#-0x9
   \   000007   12....       LCALL   ?ALLOC_XSTACK8
   \   00000A   ED           MOV     A,R5
   \   00000B   FF           MOV     R7,A
    531            zclAttrRec_t attrRec;
    532            uint8 deviceEnabled = DEVICE_ENABLED; // default value
   \   00000C   85..82       MOV     DPL,?XSP + 0
   \   00000F   85..83       MOV     DPH,?XSP + 1
   \   000012   7401         MOV     A,#0x1
   \   000014   F0           MOVX    @DPTR,A
    533            
    534            (void)profileID;  // Intentionally unreferenced parameter
    535            
    536            // If the device is Disabled (DeviceEnabled attribute is set to Disabled), it 
    537            // cannot send or respond to application level commands, other than commands
    538            // to read or write attributes. Note that the Identify cluster cannot be 
    539            // disabled, and remains functional regardless of this setting.
    540            if ( zcl_ProfileCmd( frameType ) && cmd <= ZCL_CMD_WRITE_NO_RSP )
   \   000015   EC           MOV     A,R4
   \   000016   700A         JNZ     ??zcl_DeviceOperational_0
   \   000018   EF           MOV     A,R7
   \   000019   C3           CLR     C
   \   00001A   9406         SUBB    A,#0x6
   \   00001C   5004         JNC     ??zcl_DeviceOperational_0
    541              return ( TRUE );
   \                     ??zcl_DeviceOperational_1:
   \   00001E   7901         MOV     R1,#0x1
   \   000020   804E         SJMP    ??zcl_DeviceOperational_2
    542            
    543            if ( clusterID == ZCL_CLUSTER_ID_GEN_IDENTIFY )
   \                     ??zcl_DeviceOperational_0:
   \   000022   7403         MOV     A,#0x3
   \   000024   6A           XRL     A,R2
   \   000025   7001         JNZ     ??zcl_DeviceOperational_3
   \   000027   EB           MOV     A,R3
   \                     ??zcl_DeviceOperational_3:
   \   000028   60F4         JZ      ??zcl_DeviceOperational_1
    544              return ( TRUE );
    545            
    546            // Is device enabled?
    547            if ( zclFindAttrRec( srcEP, ZCL_CLUSTER_ID_GEN_BASIC, ATTRID_BASIC_DEVICE_ENABLED, &attrRec ) )
   \   00002A                ; Setup parameters for call to function zclFindAttrRec
   \   00002A   7401         MOV     A,#0x1
   \   00002C   12....       LCALL   ?XSTACK_DISP0_8
   \   00002F   8582..       MOV     ?V0 + 2,DPL
   \   000032   8583..       MOV     ?V0 + 3,DPH
   \   000035   78..         MOV     R0,#?V0 + 2
   \   000037   12....       LCALL   ?PUSH_XSTACK_I_TWO
   \   00003A   7C12         MOV     R4,#0x12
   \   00003C   7D00         MOV     R5,#0x0
   \   00003E   7A00         MOV     R2,#0x0
   \   000040   7B00         MOV     R3,#0x0
   \   000042   12....       LCALL   ??zclFindAttrRec?relay
   \   000045   7402         MOV     A,#0x2
   \   000047   12....       LCALL   ?DEALLOC_XSTACK8
   \   00004A   E9           MOV     A,R1
   \   00004B   6016         JZ      ??zcl_DeviceOperational_4
    548              zclReadAttrData( &deviceEnabled, &attrRec );
   \   00004D                ; Setup parameters for call to function zclReadAttrData
   \   00004D   7401         MOV     A,#0x1
   \   00004F   12....       LCALL   ?XSTACK_DISP0_8
   \   000052   AC82         MOV     R4,DPL
   \   000054   AD83         MOV     R5,DPH
   \   000056   85..82       MOV     DPL,?XSP + 0
   \   000059   85..83       MOV     DPH,?XSP + 1
   \   00005C   AA82         MOV     R2,DPL
   \   00005E   AB83         MOV     R3,DPH
   \   000060   12....       LCALL   ??zclReadAttrData?relay
    549            
    550            return ( deviceEnabled == DEVICE_ENABLED ? TRUE : FALSE );
   \                     ??zcl_DeviceOperational_4:
   \   000063   85..82       MOV     DPL,?XSP + 0
   \   000066   85..83       MOV     DPH,?XSP + 1
   \   000069   E0           MOVX    A,@DPTR
   \   00006A   6401         XRL     A,#0x1
   \   00006C   60B0         JZ      ??zcl_DeviceOperational_1
   \   00006E   7900         MOV     R1,#0x0
   \                     ??zcl_DeviceOperational_2:
   \   000070   7409         MOV     A,#0x9
   \   000072   12....       LCALL   ?DEALLOC_XSTACK8
   \   000075                REQUIRE ?Subroutine1
   \   000075                ; // Fall through to label ?Subroutine1
    551          }
    552          
    553          /*********************************************************************
    554           * @fn      zcl_SendCommand
    555           *
    556           * @brief   Used to send Profile and Cluster Specific Command messages.
    557           *
    558           *          NOTE: The calling application is responsible for incrementing 
    559           *                the Sequence Number.
    560           *
    561           * @param   srcEp - source endpoint
    562           * @param   destAddr - destination address 
    563           * @param   clusterID - cluster ID
    564           * @param   cmd - command ID
    565           * @param   specific - whether the command is Cluster Specific
    566           * @param   direction - client/server direction of the command
    567           * @param   disableDefaultRsp - disable Default Response command
    568           * @param   manuCode - manufacturer code for proprietary extensions to a profile
    569           * @param   seqNumber - identification number for the transaction
    570           * @param   cmdFormatLen - length of the command to be sent
    571           * @param   cmdFormat - command to be sent
    572           *
    573           * @return  ZSuccess if OK
    574           */

   \                                 In  segment BANKED_CODE, align 1, keep-with-next
    575          ZStatus_t zcl_SendCommand( uint8 srcEP, afAddrType_t *destAddr,
   \                     zcl_SendCommand:
    576                                     uint16 clusterID, uint8 cmd, uint8 specific, uint8 direction,
    577                                     uint8 disableDefaultRsp, uint16 manuCode, uint8 seqNum,
    578                                     uint8 cmdFormatLen, uint8 *cmdFormat )
    579          {
   \   000000   74F0         MOV     A,#-0x10
   \   000002   12....       LCALL   ?BANKED_ENTER_XDATA
   \   000005                ; Saved register size: 16
   \   000005                ; Auto size: 23
   \   000005   74E9         MOV     A,#-0x17
   \   000007   12....       LCALL   ?ALLOC_XSTACK8
   \   00000A   89..         MOV     ?V0 + 7,R1
   \   00000C   8C..         MOV     ?V0 + 0,R4
   \   00000E   8D..         MOV     ?V0 + 1,R5
   \   000010   7427         MOV     A,#0x27
   \   000012   12....       LCALL   ?XSTACK_DISP0_8
   \   000015   E0           MOVX    A,@DPTR
   \   000016   FE           MOV     R6,A
   \   000017   7428         MOV     A,#0x28
   \   000019   12....       LCALL   ?XSTACK_DISP0_8
   \   00001C   E0           MOVX    A,@DPTR
   \   00001D   FF           MOV     R7,A
    580            endPointDesc_t *epDesc;
    581            zclFrameHdr_t hdr;
    582            uint8 *msgBuf;
    583            uint8 msgLen;
    584            uint8 *pBuf;
    585            afAddrType_t dstAddr;
    586            uint8 options;
    587            ZStatus_t status;
    588          
    589            osal_memcpy( &dstAddr, destAddr, sizeof ( afAddrType_t ) );
   \   00001E                ; Setup parameters for call to function osal_memcpy
   \   00001E   8A..         MOV     ?V0 + 4,R2
   \   000020   8B..         MOV     ?V0 + 5,R3
   \   000022   75..00       MOV     ?V0 + 6,#0x0
   \   000025   78..         MOV     R0,#?V0 + 4
   \   000027   12....       LCALL   ?PUSH_XSTACK_I_THREE
   \   00002A   7C0C         MOV     R4,#0xc
   \   00002C   7D00         MOV     R5,#0x0
   \   00002E   740E         MOV     A,#0xe
   \   000030   12....       LCALL   ?XSTACK_DISP0_8
   \   000033   AA82         MOV     R2,DPL
   \   000035   AB83         MOV     R3,DPH
   \   000037   12....       LCALL   ??Subroutine222_0 & 0xFFFF
   \                     ??CrossCallReturnLabel_421:
   \   00003A   12....       LCALL   ?DEALLOC_XSTACK8
    590          
    591            epDesc = afFindEndPointDesc( srcEP );
   \   00003D                ; Setup parameters for call to function afFindEndPointDesc
   \   00003D   A9..         MOV     R1,?V0 + 7
   \   00003F   12....       LCALL   ??afFindEndPointDesc?relay
   \   000042   7409         MOV     A,#0x9
   \   000044   12....       LCALL   ?XSTACK_DISP0_8
   \   000047   12....       LCALL   ?Subroutine33 & 0xFFFF
    592            if ( epDesc == NULL )
   \                     ??CrossCallReturnLabel_545:
   \   00004A   7409         MOV     A,#0x9
   \   00004C   12....       LCALL   ?XSTACK_DISP0_8
   \   00004F   12....       LCALL   ??Subroutine228_0 & 0xFFFF
   \                     ??CrossCallReturnLabel_473:
   \   000052   7005         JNZ     ??zcl_SendCommand_0
    593              return ( ZInvalidParameter ); // EMBEDDED RETURN
   \                     ??zcl_SendCommand_1:
   \   000054   7902         MOV     R1,#0x2
   \   000056   02....       LJMP    ??zcl_SendCommand_2 & 0xFFFF
    594          
    595            if ( clusterID == ZCL_INVALID_CLUSTER_ID )
   \                     ??zcl_SendCommand_0:
   \   000059   74FF         MOV     A,#-0x1
   \   00005B   65..         XRL     A,?V0 + 0
   \   00005D   7004         JNZ     ??zcl_SendCommand_3
   \   00005F   74FF         MOV     A,#-0x1
   \   000061   65..         XRL     A,?V0 + 1
   \                     ??zcl_SendCommand_3:
   \   000063   60EF         JZ      ??zcl_SendCommand_1
    596              return ( ZInvalidParameter ); // EMBEDDED RETURN
    597          
    598          #if defined ( INTER_PAN )
    599            if ( StubAPS_InterPan( destAddr->panId, destAddr->endPoint ) )
    600              options = AF_TX_OPTIONS_NONE;
    601            else
    602          #endif
    603              options = zclGetClusterOption( srcEP, clusterID );
   \   000065                ; Setup parameters for call to function zclGetClusterOption
   \   000065   AA..         MOV     R2,?V0 + 0
   \   000067   AB..         MOV     R3,?V0 + 1
   \   000069   A9..         MOV     R1,?V0 + 7
   \   00006B   12....       LCALL   ??zclGetClusterOption?relay
   \   00006E   7408         MOV     A,#0x8
   \   000070   12....       LCALL   ?XSTACK_DISP0_8
   \   000073   E9           MOV     A,R1
   \   000074   F0           MOVX    @DPTR,A
    604            
    605            osal_memset( &hdr, 0, sizeof( zclFrameHdr_t ) );
   \   000075                ; Setup parameters for call to function osal_memset
   \   000075   7C06         MOV     R4,#0x6
   \   000077   7D00         MOV     R5,#0x0
   \   000079   7900         MOV     R1,#0x0
   \   00007B   85..82       MOV     DPL,?XSP + 0
   \   00007E   85..83       MOV     DPH,?XSP + 1
   \   000081   AA82         MOV     R2,DPL
   \   000083   AB83         MOV     R3,DPH
   \   000085   12....       LCALL   ??osal_memset?relay
    606          
    607            // Not Profile wide command (like READ, WRITE)
    608            if ( specific )
   \   000088   EF           MOV     A,R7
   \   000089   85..82       MOV     DPL,?XSP + 0
   \   00008C   85..83       MOV     DPH,?XSP + 1
   \   00008F   6015         JZ      ??zcl_SendCommand_4
    609              hdr.fc.type = ZCL_FRAME_TYPE_SPECIFIC_CMD;
   \   000091   E0           MOVX    A,@DPTR
   \   000092   54FC         ANL     A,#0xfc
   \   000094   F8           MOV     R0,A
   \   000095   A3           INC     DPTR
   \   000096   E0           MOVX    A,@DPTR
   \   000097   F9           MOV     R1,A
   \   000098   E8           MOV     A,R0
   \   000099   4401         ORL     A,#0x1
   \   00009B   85..82       MOV     DPL,?XSP + 0
   \   00009E   85..83       MOV     DPH,?XSP + 1
   \   0000A1   F0           MOVX    @DPTR,A
   \   0000A2   A3           INC     DPTR
   \   0000A3   E9           MOV     A,R1
   \   0000A4   8003         SJMP    ??zcl_SendCommand_5
    610            else
    611              hdr.fc.type = ZCL_FRAME_TYPE_PROFILE_CMD;
   \                     ??zcl_SendCommand_4:
   \   0000A6   E0           MOVX    A,@DPTR
   \   0000A7   54FC         ANL     A,#0xfc
   \                     ??zcl_SendCommand_5:
   \   0000A9   F0           MOVX    @DPTR,A
    612          
    613            if ( zcl_DeviceOperational( srcEP, clusterID, hdr.fc.type, cmd, epDesc->simpleDesc->AppProfId ) == FALSE )
   \   0000AA                ; Setup parameters for call to function zcl_DeviceOperational
   \   0000AA   7409         MOV     A,#0x9
   \   0000AC   12....       LCALL   ?XSTACK_DISP0_8
   \   0000AF   12....       LCALL   ?Subroutine88 & 0xFFFF
   \                     ??CrossCallReturnLabel_164:
   \   0000B2   12....       LCALL   ??Subroutine225_0 & 0xFFFF
   \                     ??CrossCallReturnLabel_449:
   \   0000B5   12....       LCALL   ?PUSH_XSTACK8_X_TWO
   \   0000B8   EE           MOV     A,R6
   \   0000B9   FD           MOV     R5,A
   \   0000BA   7402         MOV     A,#0x2
   \   0000BC   12....       LCALL   ?XSTACK_DISP0_8
   \   0000BF   E0           MOVX    A,@DPTR
   \   0000C0   5403         ANL     A,#0x3
   \   0000C2   FC           MOV     R4,A
   \   0000C3   AA..         MOV     R2,?V0 + 0
   \   0000C5   AB..         MOV     R3,?V0 + 1
   \   0000C7   A9..         MOV     R1,?V0 + 7
   \   0000C9   12....       LCALL   ??zcl_DeviceOperational?relay
   \   0000CC   7402         MOV     A,#0x2
   \   0000CE   12....       LCALL   ?DEALLOC_XSTACK8
   \   0000D1   E9           MOV     A,R1
   \   0000D2   7005         JNZ     ??zcl_SendCommand_6
    614              return ( ZFailure ); // EMBEDDED RETURN
   \   0000D4   7901         MOV     R1,#0x1
   \   0000D6   02....       LJMP    ??zcl_SendCommand_2 & 0xFFFF
    615            
    616            // Fill in the Maufacturer Code
    617            if ( manuCode != 0 )
   \                     ??zcl_SendCommand_6:
   \   0000D9   742B         MOV     A,#0x2b
   \   0000DB   12....       LCALL   ?XSTACK_DISP0_8
   \   0000DE   12....       LCALL   ??Subroutine228_0 & 0xFFFF
   \                     ??CrossCallReturnLabel_474:
   \   0000E1   601A         JZ      ??CrossCallReturnLabel_575
    618            {
    619              hdr.fc.manuSpecific = 1;
   \   0000E3   85..82       MOV     DPL,?XSP + 0
   \   0000E6   85..83       MOV     DPH,?XSP + 1
   \   0000E9   E0           MOVX    A,@DPTR
   \   0000EA   4404         ORL     A,#0x4
   \   0000EC   F0           MOVX    @DPTR,A
    620              hdr.manuCode = manuCode;
   \   0000ED   742B         MOV     A,#0x2b
   \   0000EF   12....       LCALL   ?XSTACK_DISP0_8
   \   0000F2   12....       LCALL   ?Subroutine98 & 0xFFFF
    621            }
   \                     ??CrossCallReturnLabel_181:
   \   0000F5   7402         MOV     A,#0x2
   \   0000F7   12....       LCALL   ?XSTACK_DISP0_8
   \   0000FA   12....       LCALL   ??Subroutine246_0 & 0xFFFF
    622            
    623            // Set the Command Direction
    624            if ( direction )
   \                     ??CrossCallReturnLabel_575:
   \   0000FD   7429         MOV     A,#0x29
   \   0000FF   12....       LCALL   ?XSTACK_DISP0_8
   \   000102   12....       LCALL   ?Subroutine103 & 0xFFFF
   \                     ??CrossCallReturnLabel_193:
   \   000105   6005         JZ      ??zcl_SendCommand_7
    625              hdr.fc.direction = ZCL_FRAME_SERVER_CLIENT_DIR;
   \   000107   E0           MOVX    A,@DPTR
   \   000108   4408         ORL     A,#0x8
   \   00010A   8003         SJMP    ??zcl_SendCommand_8
    626            else
    627              hdr.fc.direction = ZCL_FRAME_CLIENT_SERVER_DIR;
   \                     ??zcl_SendCommand_7:
   \   00010C   E0           MOVX    A,@DPTR
   \   00010D   54F7         ANL     A,#0xf7
   \                     ??zcl_SendCommand_8:
   \   00010F   F0           MOVX    @DPTR,A
    628          
    629            // Set the Disable Default Response field
    630            if ( disableDefaultRsp )
   \   000110   742A         MOV     A,#0x2a
   \   000112   12....       LCALL   ?XSTACK_DISP0_8
   \   000115   12....       LCALL   ?Subroutine103 & 0xFFFF
   \                     ??CrossCallReturnLabel_194:
   \   000118   6005         JZ      ??zcl_SendCommand_9
    631              hdr.fc.disableDefaultRsp = 1;
   \   00011A   E0           MOVX    A,@DPTR
   \   00011B   4410         ORL     A,#0x10
   \   00011D   8003         SJMP    ??zcl_SendCommand_10
    632            else
    633              hdr.fc.disableDefaultRsp = 0;
   \                     ??zcl_SendCommand_9:
   \   00011F   E0           MOVX    A,@DPTR
   \   000120   54EF         ANL     A,#0xef
   \                     ??zcl_SendCommand_10:
   \   000122   F0           MOVX    @DPTR,A
    634                               
    635            // Fill in the Transaction Sequence Number
    636            hdr.transSeqNum = seqNum;
   \   000123   742D         MOV     A,#0x2d
   \   000125   12....       LCALL   ?XSTACK_DISP0_8
   \   000128   E0           MOVX    A,@DPTR
   \   000129   C0E0         PUSH    A
   \   00012B   7404         MOV     A,#0x4
   \   00012D   12....       LCALL   ?XSTACK_DISP0_8
   \   000130   D0E0         POP     A
   \   000132   F0           MOVX    @DPTR,A
    637            
    638            // Fill in the command
    639            hdr.commandID = cmd;
   \   000133   7405         MOV     A,#0x5
   \   000135   12....       LCALL   ?XSTACK_DISP0_8
   \   000138   EE           MOV     A,R6
   \   000139   F0           MOVX    @DPTR,A
    640            
    641            // calculate the needed buffer size
    642            msgLen = zclCalcHdrSize( &hdr );
   \   00013A   7A03         MOV     R2,#0x3
   \   00013C   85..82       MOV     DPL,?XSP + 0
   \   00013F   85..83       MOV     DPH,?XSP + 1
   \   000142   E0           MOVX    A,@DPTR
   \   000143   5404         ANL     A,#0x4
   \   000145   6002         JZ      ??zcl_SendCommand_11
   \   000147   0A           INC     R2
   \   000148   0A           INC     R2
    643            msgLen += cmdFormatLen;
   \                     ??zcl_SendCommand_11:
   \   000149   742E         MOV     A,#0x2e
   \   00014B   12....       LCALL   ?XSTACK_DISP0_8
   \   00014E   E0           MOVX    A,@DPTR
   \   00014F   2A           ADD     A,R2
   \   000150   F8           MOV     R0,A
    644          
    645            // Allocate the buffer needed
    646            msgBuf = osal_mem_alloc( msgLen );
   \   000151   8882         MOV     DPL,R0
   \   000153   8582..       MOV     ?V0 + 2,DPL
   \   000156   75..00       MOV     ?V0 + 3,#0x0
   \   000159                ; Setup parameters for call to function osal_mem_alloc
   \   000159   FA           MOV     R2,A
   \   00015A   AB..         MOV     R3,?V0 + 3
   \   00015C   12....       LCALL   ??osal_mem_alloc?relay
   \   00015F   7406         MOV     A,#0x6
   \   000161   12....       LCALL   ?XSTACK_DISP0_8
   \   000164   12....       LCALL   ?Subroutine33 & 0xFFFF
    647            if ( msgBuf != NULL )
   \                     ??CrossCallReturnLabel_546:
   \   000167   7406         MOV     A,#0x6
   \   000169   12....       LCALL   ?XSTACK_DISP0_8
   \   00016C   12....       LCALL   ??Subroutine228_0 & 0xFFFF
   \                     ??CrossCallReturnLabel_475:
   \   00016F   7003         JNZ     $+5
   \   000171   02....       LJMP    ??zcl_SendCommand_12 & 0xFFFF
    648            {
    649              // Fill in the ZCL Header
    650              pBuf = zclBuildHdr( &hdr, msgBuf );
    651          
    652              // Fill in the command frame
    653              osal_memcpy( pBuf, cmdFormat, cmdFormatLen );
   \   000174                ; Setup parameters for call to function osal_memcpy
   \   000174   742F         MOV     A,#0x2f
   \   000176   12....       LCALL   ?XSTACK_DISP0_8
   \   000179   E0           MOVX    A,@DPTR
   \   00017A   F5..         MOV     ?V0 + 4,A
   \   00017C   A3           INC     DPTR
   \   00017D   E0           MOVX    A,@DPTR
   \   00017E   F5..         MOV     ?V0 + 5,A
   \   000180   78..         MOV     R0,#?V0 + 4
   \   000182   12....       LCALL   ?PUSH_XSTACK_I_THREE
   \   000185   7431         MOV     A,#0x31
   \   000187   12....       LCALL   ?XSTACK_DISP0_8
   \   00018A   E0           MOVX    A,@DPTR
   \   00018B   FE           MOV     R6,A
   \   00018C                ; Setup parameters for call to function zclBuildHdr
   \   00018C   7409         MOV     A,#0x9
   \   00018E   12....       LCALL   ?XSTACK_DISP0_8
   \   000191   12....       LCALL   ??Subroutine250_0 & 0xFFFF
   \                     ??CrossCallReturnLabel_591:
   \   000194   7403         MOV     A,#0x3
   \   000196   12....       LCALL   ?XSTACK_DISP0_8
   \   000199   AA82         MOV     R2,DPL
   \   00019B   AB83         MOV     R3,DPH
   \   00019D   12....       LCALL   ??zclBuildHdr?relay
   \   0001A0   EE           MOV     A,R6
   \   0001A1   FC           MOV     R4,A
   \   0001A2   7D00         MOV     R5,#0x0
   \   0001A4   12....       LCALL   ??Subroutine222_0 & 0xFFFF
   \                     ??CrossCallReturnLabel_422:
   \   0001A7   12....       LCALL   ?DEALLOC_XSTACK8
    654          
    655              status = AF_DataRequest( &dstAddr, epDesc, clusterID, msgLen, msgBuf, 
    656                                       &zcl_TransID, options, AF_DEFAULT_RADIUS );  
   \   0001AA                ; Setup parameters for call to function AF_DataRequest
   \   0001AA   75..1E       MOV     ?V0 + 4,#0x1e
   \   0001AD   78..         MOV     R0,#?V0 + 4
   \   0001AF   12....       LCALL   ?PUSH_XSTACK_I_ONE
   \   0001B2   75....       MOV     ?V0 + 4,#zcl_TransID & 0xff
   \   0001B5   75....       MOV     ?V0 + 5,#(zcl_TransID >> 8) & 0xff
   \   0001B8   78..         MOV     R0,#?V0 + 4
   \   0001BA   12....       LCALL   ?PUSH_XSTACK_I_TWO
   \   0001BD   7409         MOV     A,#0x9
   \   0001BF   12....       LCALL   ?XSTACK_DISP0_8
   \   0001C2   12....       LCALL   ?PUSH_XSTACK8_X_TWO
   \   0001C5   78..         MOV     R0,#?V0 + 2
   \   0001C7   12....       LCALL   ?PUSH_XSTACK_I_TWO
   \   0001CA   78..         MOV     R0,#?V0 + 0
   \   0001CC   12....       LCALL   ?PUSH_XSTACK_I_TWO
   \   0001CF   7411         MOV     A,#0x11
   \   0001D1   12....       LCALL   ?XSTACK_DISP0_8
   \   0001D4   E0           MOVX    A,@DPTR
   \   0001D5   F9           MOV     R1,A
   \   0001D6   7412         MOV     A,#0x12
   \   0001D8   12....       LCALL   ?XSTACK_DISP0_8
   \   0001DB   12....       LCALL   ??Subroutine250_0 & 0xFFFF
   \                     ??CrossCallReturnLabel_592:
   \   0001DE   7414         MOV     A,#0x14
   \   0001E0   12....       LCALL   ?XSTACK_DISP0_8
   \   0001E3   AA82         MOV     R2,DPL
   \   0001E5   AB83         MOV     R3,DPH
   \   0001E7   12....       LCALL   ??AF_DataRequest?relay
   \   0001EA   7409         MOV     A,#0x9
   \   0001EC   12....       LCALL   ?DEALLOC_XSTACK8
   \   0001EF   E9           MOV     A,R1
   \   0001F0   FE           MOV     R6,A
    657              osal_mem_free ( msgBuf );
   \   0001F1                ; Setup parameters for call to function osal_mem_free
   \   0001F1   7406         MOV     A,#0x6
   \   0001F3   12....       LCALL   ?XSTACK_DISP0_8
   \   0001F6   12....       LCALL   ?Subroutine85 & 0xFFFF
    658            }
   \                     ??CrossCallReturnLabel_157:
   \   0001F9   8002         SJMP    ??zcl_SendCommand_13
    659            else
    660              status = ZMemError;
   \                     ??zcl_SendCommand_12:
   \   0001FB   7E10         MOV     R6,#0x10
    661          
    662            return ( status );
   \                     ??zcl_SendCommand_13:
   \   0001FD   EE           MOV     A,R6
   \   0001FE   F9           MOV     R1,A
   \                     ??zcl_SendCommand_2:
   \   0001FF   7417         MOV     A,#0x17
   \   000201   02....       LJMP    ??Subroutine214_0 & 0xFFFF
    663          }

   \                                 In  segment BANKED_CODE, align 1, keep-with-next
   \                     ??Subroutine214_0:
   \   000000   12....       LCALL   ?DEALLOC_XSTACK8
   \   000003                REQUIRE ??Subroutine215_0
   \   000003                ; // Fall through to label ??Subroutine215_0

   \                                 In  segment BANKED_CODE, align 1, keep-with-next
   \                     ??Subroutine215_0:
   \   000000   7F08         MOV     R7,#0x8
   \   000002   02....       LJMP    ?BANKED_LEAVE_XDATA

   \                                 In  segment BANKED_CODE, align 1, keep-with-next
   \                     ?Subroutine103:
   \   000000   E0           MOVX    A,@DPTR
   \   000001   85..82       MOV     DPL,?XSP + 0
   \   000004   85..83       MOV     DPH,?XSP + 1
   \   000007   22           RET

   \                                 In  segment BANKED_CODE, align 1, keep-with-next
   \                     ?Subroutine98:
   \   000000   12....       LCALL   ?Subroutine162 & 0xFFFF
   \                     ??CrossCallReturnLabel_486:
   \   000003   22           RET

   \                                 In  segment BANKED_CODE, align 1, keep-with-next
   \                     ?Subroutine85:
   \   000000   12....       LCALL   ?Subroutine150 & 0xFFFF
   \                     ??CrossCallReturnLabel_436:
   \   000003   12....       LCALL   ??osal_mem_free?relay
   \   000006   22           RET

   \                                 In  segment BANKED_CODE, align 1, keep-with-next
   \                     ??Subroutine222_0:
   \   000000   12....       LCALL   ??osal_memcpy?relay
   \   000003   7403         MOV     A,#0x3
   \   000005   22           RET

   \                                 In  segment BANKED_CODE, align 1, keep-with-next
   \                     ??Subroutine225_0:
   \   000000   12....       LCALL   ?Subroutine157 & 0xFFFF
   \                     ??CrossCallReturnLabel_458:
   \   000003   22           RET

   \                                 In  segment BANKED_CODE, align 1, keep-with-next
   \                     ?Subroutine157:
   \   000000   12....       LCALL   ?Subroutine187 & 0xFFFF
   \                     ??CrossCallReturnLabel_460:
   \   000003   22           RET

   \                                 In  segment BANKED_CODE, align 1, keep-with-next
   \                     ?Subroutine187:
   \   000000   E0           MOVX    A,@DPTR
   \   000001   F8           MOV     R0,A
   \   000002   A3           INC     DPTR
   \   000003   E0           MOVX    A,@DPTR
   \   000004   F583         MOV     DPH,A
   \   000006   8882         MOV     DPL,R0
   \   000008   A3           INC     DPTR
   \   000009   22           RET

   \                                 In  segment BANKED_CODE, align 1, keep-with-next
   \                     ?Subroutine88:
   \   000000   12....       LCALL   ?Subroutine157 & 0xFFFF
   \                     ??CrossCallReturnLabel_457:
   \   000003   A3           INC     DPTR
   \   000004   A3           INC     DPTR
   \   000005   22           RET

   \                                 In  segment BANKED_CODE, align 1, keep-with-next
   \                     ??Subroutine228_0:
   \   000000   12....       LCALL   ?Subroutine162 & 0xFFFF
   \                     ??CrossCallReturnLabel_489:
   \   000003   E8           MOV     A,R0
   \   000004   49           ORL     A,R1
   \   000005   22           RET

   \                                 In  segment BANKED_CODE, align 1, keep-with-next
   \                     ??Subroutine246_0:
   \   000000   E8           MOV     A,R0
   \   000001   F0           MOVX    @DPTR,A
   \   000002   A3           INC     DPTR
   \   000003   E9           MOV     A,R1
   \   000004   F0           MOVX    @DPTR,A
   \   000005   22           RET

   \                                 In  segment BANKED_CODE, align 1, keep-with-next
   \                     ?Subroutine162:
   \   000000   E0           MOVX    A,@DPTR
   \   000001   F8           MOV     R0,A
   \   000002   A3           INC     DPTR
   \   000003   E0           MOVX    A,@DPTR
   \   000004   F9           MOV     R1,A
   \   000005   22           RET

   \                                 In  segment BANKED_CODE, align 1, keep-with-next
   \                     ??Subroutine250_0:
   \   000000   12....       LCALL   ?Subroutine161 & 0xFFFF
   \                     ??CrossCallReturnLabel_605:
   \   000003   22           RET

   \                                 In  segment BANKED_CODE, align 1, keep-with-next
   \                     ?Subroutine161:
   \   000000   12....       LCALL   ?Subroutine190 & 0xFFFF
   \                     ??CrossCallReturnLabel_611:
   \   000003   FD           MOV     R5,A
   \   000004   22           RET
    664          
    665          #ifdef ZCL_READ
    666          /*********************************************************************
    667           * @fn      zcl_SendRead
    668           *
    669           * @brief   Send a Read command
    670           *
    671           * @param   srcEP - Application's endpoint
    672           * @param   dstAddr - destination address
    673           * @param   clusterID - cluster ID
    674           * @param   readCmd - read command to be sent
    675           * @param   direction - direction of the command
    676           * @param   seqNum - transaction sequence number
    677           *
    678           * @return  ZSuccess if OK
    679           */

   \                                 In  segment BANKED_CODE, align 1, keep-with-next
    680          ZStatus_t zcl_SendRead( uint8 srcEP, afAddrType_t *dstAddr,
   \                     zcl_SendRead:
    681                                  uint16 clusterID, zclReadCmd_t *readCmd,
    682                                  uint8 direction, uint8 disableDefaultRsp, uint8 seqNum)
    683          {
   \   000000   74F0         MOV     A,#-0x10
   \   000002   12....       LCALL   ?BANKED_ENTER_XDATA
   \   000005                ; Saved register size: 16
   \   000005                ; Auto size: 5
   \   000005   74FB         MOV     A,#-0x5
   \   000007   12....       LCALL   ?ALLOC_XSTACK8
   \   00000A   E9           MOV     A,R1
   \   00000B   85..82       MOV     DPL,?XSP + 0
   \   00000E   85..83       MOV     DPH,?XSP + 1
   \   000011   F0           MOVX    @DPTR,A
   \   000012   7403         MOV     A,#0x3
   \   000014   12....       LCALL   ?XSTACK_DISP0_8
   \   000017   12....       LCALL   ?Subroutine18 & 0xFFFF
   \                     ??CrossCallReturnLabel_17:
   \   00001A   12....       LCALL   ?XSTACK_DISP0_8
   \   00001D   12....       LCALL   ?Subroutine23 & 0xFFFF
   \                     ??CrossCallReturnLabel_30:
   \   000020   12....       LCALL   ?XSTACK_DISP0_8
   \   000023   12....       LCALL   ?Subroutine83 & 0xFFFF
   \                     ??CrossCallReturnLabel_151:
   \   000026   12....       LCALL   ?XSTACK_DISP0_8
   \   000029   12....       LCALL   ?Subroutine107 & 0xFFFF
   \                     ??CrossCallReturnLabel_202:
   \   00002C   12....       LCALL   ?XSTACK_DISP0_8
   \   00002F   12....       LCALL   ?Subroutine108 & 0xFFFF
   \                     ??CrossCallReturnLabel_206:
   \   000032   12....       LCALL   ?XSTACK_DISP0_8
   \   000035   E0           MOVX    A,@DPTR
   \   000036   F5..         MOV     ?V0 + 3,A
    684            uint8 dataLen;
    685            uint8 *buf;
    686            uint8 *pBuf;
    687            ZStatus_t status;
    688          
    689            dataLen = readCmd->numAttr * 2; // Attribute ID
   \   000038   8E82         MOV     DPL,R6
   \   00003A   8F83         MOV     DPH,R7
   \   00003C   E0           MOVX    A,@DPTR
   \   00003D   C3           CLR     C
   \   00003E   33           RLC     A
   \   00003F   12....       LCALL   ?Subroutine169 & 0xFFFF
    690          
    691            buf = osal_mem_alloc( dataLen );
    692            if ( buf != NULL )
   \                     ??CrossCallReturnLabel_278:
   \   000042   7003         JNZ     $+5
   \   000044   02....       LJMP    ??zcl_SendRead_0 & 0xFFFF
    693            {
    694              uint8 i;
    695          
    696              // Load the buffer - serially
    697              pBuf = buf;   
   \   000047   A8..         MOV     R0,?V0 + 0
   \   000049   A9..         MOV     R1,?V0 + 1
    698              for (i = 0; i < readCmd->numAttr; i++)
   \   00004B   75..00       MOV     ?V0 + 4,#0x0
   \   00004E   8021         SJMP    ??zcl_SendRead_1
    699              {
    700                *pBuf++ = LO_UINT16( readCmd->attrID[i] );
   \                     ??zcl_SendRead_2:
   \   000050   E5..         MOV     A,?V0 + 4
   \   000052   C3           CLR     C
   \   000053   33           RLC     A
   \   000054   FA           MOV     R2,A
   \   000055   E4           CLR     A
   \   000056   33           RLC     A
   \   000057   FB           MOV     R3,A
   \   000058   EE           MOV     A,R6
   \   000059   2A           ADD     A,R2
   \   00005A   F582         MOV     DPL,A
   \   00005C   EF           MOV     A,R7
   \   00005D   3B           ADDC    A,R3
   \   00005E   F583         MOV     DPH,A
   \   000060   A3           INC     DPTR
   \   000061   AA82         MOV     R2,DPL
   \   000063   AB83         MOV     R3,DPH
   \   000065   12....       LCALL   ?Subroutine152 & 0xFFFF
    701                *pBuf++ = HI_UINT16( readCmd->attrID[i] );
   \                     ??CrossCallReturnLabel_260:
   \   000068   8A82         MOV     DPL,R2
   \   00006A   8B83         MOV     DPH,R3
   \   00006C   12....       LCALL   ?Subroutine138 & 0xFFFF
    702              }
   \                     ??CrossCallReturnLabel_321:
   \   00006F   05..         INC     ?V0 + 4
   \                     ??zcl_SendRead_1:
   \   000071   8E82         MOV     DPL,R6
   \   000073   8F83         MOV     DPH,R7
   \   000075   E0           MOVX    A,@DPTR
   \   000076   FA           MOV     R2,A
   \   000077   E5..         MOV     A,?V0 + 4
   \   000079   C3           CLR     C
   \   00007A   9A           SUBB    A,R2
   \   00007B   40D3         JC      ??zcl_SendRead_2
    703            
    704              status = zcl_SendCommand( srcEP, dstAddr, clusterID, ZCL_CMD_READ, FALSE,
    705                                        direction, disableDefaultRsp, 0, seqNum, dataLen, buf );  
   \   00007D                ; Setup parameters for call to function zcl_SendCommand
   \   00007D   78..         MOV     R0,#?V0 + 0
   \   00007F   12....       LCALL   ?PUSH_XSTACK_I_TWO
   \   000082   78..         MOV     R0,#?V0 + 2
   \   000084   12....       LCALL   ?PUSH_XSTACK_I_ONE
   \   000087   E5..         MOV     A,?V0 + 3
   \   000089   F5..         MOV     ?V0 + 2,A
   \   00008B   78..         MOV     R0,#?V0 + 2
   \   00008D   12....       LCALL   ?PUSH_XSTACK_I_ONE
   \   000090   E4           CLR     A
   \   000091   F5..         MOV     ?V0 + 2,A
   \   000093   F5..         MOV     ?V0 + 3,A
   \   000095   78..         MOV     R0,#?V0 + 2
   \   000097   12....       LCALL   ?PUSH_XSTACK_I_TWO
   \   00009A   E5..         MOV     A,?V0 + 6
   \   00009C   F5..         MOV     ?V0 + 2,A
   \   00009E   78..         MOV     R0,#?V0 + 2
   \   0000A0   12....       LCALL   ?PUSH_XSTACK_I_ONE
   \   0000A3   E5..         MOV     A,?V0 + 7
   \   0000A5   F5..         MOV     ?V0 + 2,A
   \   0000A7   78..         MOV     R0,#?V0 + 2
   \   0000A9   12....       LCALL   ?PUSH_XSTACK_I_ONE
   \   0000AC   75..00       MOV     ?V0 + 2,#0x0
   \   0000AF   78..         MOV     R0,#?V0 + 2
   \   0000B1   12....       LCALL   ?PUSH_XSTACK_I_ONE
   \   0000B4   78..         MOV     R0,#?V0 + 2
   \   0000B6   12....       LCALL   ?PUSH_XSTACK_I_ONE
   \   0000B9   740B         MOV     A,#0xb
   \   0000BB   12....       LCALL   ?XSTACK_DISP0_8
   \   0000BE   12....       LCALL   ?Subroutine55 & 0xFFFF
   \                     ??CrossCallReturnLabel_102:
   \   0000C1   12....       LCALL   ?XSTACK_DISP0_8
   \   0000C4   12....       LCALL   ?Subroutine54 & 0xFFFF
   \                     ??CrossCallReturnLabel_93:
   \   0000C7   12....       LCALL   ?XSTACK_DISP0_8
   \   0000CA   12....       LCALL   ?Subroutine53 & 0xFFFF
   \                     ??CrossCallReturnLabel_84:
   \   0000CD   12....       LCALL   ?DEALLOC_XSTACK8
   \   0000D0   E9           MOV     A,R1
   \   0000D1   FE           MOV     R6,A
    706              osal_mem_free( buf );
   \   0000D2                ; Setup parameters for call to function osal_mem_free
   \   0000D2   AA..         MOV     R2,?V0 + 0
   \   0000D4   AB..         MOV     R3,?V0 + 1
   \   0000D6   12....       LCALL   ??osal_mem_free?relay
   \   0000D9   8002         SJMP    ??zcl_SendRead_3
    707            }
    708            else
    709              status = ZMemError;
   \                     ??zcl_SendRead_0:
   \   0000DB   7E10         MOV     R6,#0x10
    710          
    711            return ( status );
   \                     ??zcl_SendRead_3:
   \   0000DD   02....       LJMP    ?Subroutine7 & 0xFFFF
    712          }

   \                                 In  segment BANKED_CODE, align 1, keep-with-next
   \                     ?Subroutine138:
   \   000000   A3           INC     DPTR
   \   000001                REQUIRE ??Subroutine200_0
   \   000001                ; // Fall through to label ??Subroutine200_0

   \                                 In  segment BANKED_CODE, align 1, keep-with-next
   \                     ??Subroutine200_0:
   \   000000   E0           MOVX    A,@DPTR
   \   000001   8882         MOV     DPL,R0
   \   000003   8983         MOV     DPH,R1
   \   000005   F0           MOVX    @DPTR,A
   \   000006   A3           INC     DPTR
   \   000007   08           INC     R0
   \   000008   A983         MOV     R1,DPH
   \   00000A   22           RET

   \                                 In  segment BANKED_CODE, align 1, keep-with-next
   \                     ?Subroutine23:
   \   000000   EC           MOV     A,R4
   \   000001   F0           MOVX    @DPTR,A
   \   000002   A3           INC     DPTR
   \   000003   ED           MOV     A,R5
   \   000004   F0           MOVX    @DPTR,A
   \   000005   7415         MOV     A,#0x15
   \   000007   22           RET

   \                                 In  segment BANKED_CODE, align 1, keep-with-next
   \                     ?Subroutine7:
   \   000000   EE           MOV     A,R6
   \   000001   F9           MOV     R1,A
   \   000002   7405         MOV     A,#0x5
   \   000004   02....       LJMP    ??Subroutine214_0 & 0xFFFF

   \                                 In  segment BANKED_CODE, align 1, keep-with-next
   \                     ?Subroutine55:
   \   000000   12....       LCALL   ?Subroutine161 & 0xFFFF
   \                     ??CrossCallReturnLabel_603:
   \   000003   740D         MOV     A,#0xd
   \   000005   22           RET

   \                                 In  segment BANKED_CODE, align 1, keep-with-next
   \                     ?Subroutine54:
   \   000000   12....       LCALL   ?Subroutine150 & 0xFFFF
   \                     ??CrossCallReturnLabel_435:
   \   000003   740A         MOV     A,#0xa
   \   000005   22           RET

   \                                 In  segment BANKED_CODE, align 1, keep-with-next
   \                     ?Subroutine53:
   \   000000   E0           MOVX    A,@DPTR
   \   000001   F9           MOV     R1,A
   \   000002   12....       LCALL   ??zcl_SendCommand?relay
   \   000005   740A         MOV     A,#0xa
   \   000007   22           RET

   \                                 In  segment BANKED_CODE, align 1, keep-with-next
   \                     ?Subroutine18:
   \   000000   EA           MOV     A,R2
   \   000001   F0           MOVX    @DPTR,A
   \   000002   A3           INC     DPTR
   \   000003   EB           MOV     A,R3
   \   000004   F0           MOVX    @DPTR,A
   \   000005   7401         MOV     A,#0x1
   \   000007   22           RET

   \                                 In  segment BANKED_CODE, align 1, keep-with-next
   \                     ?Subroutine108:
   \   000000   E0           MOVX    A,@DPTR
   \   000001   F5..         MOV     ?V0 + 6,A
   \   000003   7419         MOV     A,#0x19
   \   000005   22           RET

   \                                 In  segment BANKED_CODE, align 1, keep-with-next
   \                     ?Subroutine107:
   \   000000   E0           MOVX    A,@DPTR
   \   000001   F5..         MOV     ?V0 + 7,A
   \   000003   7418         MOV     A,#0x18
   \   000005   22           RET

   \                                 In  segment BANKED_CODE, align 1, keep-with-next
   \                     ?Subroutine83:
   \   000000   12....       LCALL   ?Subroutine151 & 0xFFFF
   \                     ??CrossCallReturnLabel_467:
   \   000003   7417         MOV     A,#0x17
   \   000005   22           RET

   \                                 In  segment BANKED_CODE, align 1, keep-with-next
   \                     ?Subroutine169:
   \   000000   F5..         MOV     ?V0 + 2,A
   \   000002                ; Setup parameters for call to function osal_mem_alloc
   \   000002                ; Setup parameters for call to function osal_mem_alloc
   \   000002                ; Setup parameters for call to function osal_mem_alloc
   \   000002   FA           MOV     R2,A
   \   000003   7B00         MOV     R3,#0x0
   \   000005   12....       LCALL   ??osal_mem_alloc?relay
   \   000008   8A..         MOV     ?V0 + 0,R2
   \   00000A   8B..         MOV     ?V0 + 1,R3
   \   00000C   EA           MOV     A,R2
   \   00000D   45..         ORL     A,?V0 + 1
   \   00000F   22           RET

   \                                 In  segment BANKED_CODE, align 1, keep-with-next
   \                     ?Subroutine152:
   \   000000   E0           MOVX    A,@DPTR
   \   000001   8882         MOV     DPL,R0
   \   000003   8983         MOV     DPH,R1
   \   000005   F0           MOVX    @DPTR,A
   \   000006   A3           INC     DPTR
   \   000007   A882         MOV     R0,DPL
   \   000009   A983         MOV     R1,DPH
   \   00000B   22           RET

   \                                 In  segment BANKED_CODE, align 1, keep-with-next
   \                     ?Subroutine151:
   \   000000   E0           MOVX    A,@DPTR
   \   000001   FE           MOV     R6,A
   \   000002   A3           INC     DPTR
   \   000003   E0           MOVX    A,@DPTR
   \   000004   FF           MOV     R7,A
   \   000005   22           RET
    713          
    714          /*********************************************************************
    715           * @fn      zcl_SendReadRsp
    716           *
    717           * @brief   Send a Read Response command.
    718           *
    719           * @param   srcEP - Application's endpoint
    720           * @param   dstAddr - destination address
    721           * @param   clusterID - cluster ID
    722           * @param   readRspCmd - read response command to be sent
    723           * @param   direction - direction of the command
    724           * @param   seqNum - transaction sequence number
    725           *
    726           * @return  ZSuccess if OK
    727           */

   \                                 In  segment BANKED_CODE, align 1, keep-with-next
    728          ZStatus_t zcl_SendReadRsp( uint8 srcEP, afAddrType_t *dstAddr,
   \                     zcl_SendReadRsp:
    729                                     uint16 clusterID, zclReadRspCmd_t *readRspCmd,
    730                                     uint8 direction, uint8 disableDefaultRsp, uint8 seqNum )
    731          {
   \   000000   74F0         MOV     A,#-0x10
   \   000002   12....       LCALL   ?BANKED_ENTER_XDATA
   \   000005                ; Saved register size: 16
   \   000005                ; Auto size: 5
   \   000005   74FB         MOV     A,#-0x5
   \   000007   12....       LCALL   ?ALLOC_XSTACK8
   \   00000A   E9           MOV     A,R1
   \   00000B   85..82       MOV     DPL,?XSP + 0
   \   00000E   85..83       MOV     DPH,?XSP + 1
   \   000011   F0           MOVX    @DPTR,A
   \   000012   7403         MOV     A,#0x3
   \   000014   12....       LCALL   ?XSTACK_DISP0_8
   \   000017   12....       LCALL   ?Subroutine18 & 0xFFFF
   \                     ??CrossCallReturnLabel_18:
   \   00001A   12....       LCALL   ?XSTACK_DISP0_8
   \   00001D   12....       LCALL   ?Subroutine23 & 0xFFFF
   \                     ??CrossCallReturnLabel_31:
   \   000020   12....       LCALL   ?XSTACK_DISP0_8
   \   000023   12....       LCALL   ?Subroutine153 & 0xFFFF
    732            uint8 *buf;
    733            uint8 *pBuf;
    734            zclReadRspStatus_t *statusRec;
    735            uint8 len = 0;
   \                     ??CrossCallReturnLabel_262:
   \   000026   75..00       MOV     ?V0 + 3,#0x0
    736            uint8 i;
    737            ZStatus_t status;
    738            
    739            // calculate the size of the command
    740            for ( i = 0; i < readRspCmd->numAttr; i++ )
   \   000029   75..00       MOV     ?V0 + 2,#0x0
   \   00002C   8023         SJMP    ??zcl_SendReadRsp_0
    741            {
    742              statusRec = &(readRspCmd->attrList[i]);
   \                     ??zcl_SendReadRsp_1:
   \   00002E   E5..         MOV     A,?V0 + 2
   \   000030   75F006       MOV     B,#0x6
   \   000033   12....       LCALL   ?Subroutine193 & 0xFFFF
   \                     ??CrossCallReturnLabel_309:
   \   000036   8582..       MOV     ?V0 + 0,DPL
   \   000039   8583..       MOV     ?V0 + 1,DPH
    743              
    744              len += 2 + 1; // Attribute ID + Status
   \   00003C   05..         INC     ?V0 + 3
   \   00003E   05..         INC     ?V0 + 3
   \   000040   05..         INC     ?V0 + 3
    745          
    746              if ( statusRec->status == ZCL_STATUS_SUCCESS )
   \   000042   A3           INC     DPTR
   \   000043   A3           INC     DPTR
   \   000044   E0           MOVX    A,@DPTR
   \   000045   7008         JNZ     ??zcl_SendReadRsp_2
    747              {
    748                len++; // Attribute Data Type
    749                len += zclGetAttrDataLength( statusRec->dataType, statusRec->data); // Attribute Data
   \   000047                ; Setup parameters for call to function zclGetAttrDataLength
   \   000047   12....       LCALL   ?Subroutine68 & 0xFFFF
    750              }
    751            }
   \                     ??CrossCallReturnLabel_131:
   \   00004A   04           INC     A
   \   00004B   25..         ADD     A,?V0 + 3
   \   00004D   F5..         MOV     ?V0 + 3,A
   \                     ??zcl_SendReadRsp_2:
   \   00004F   05..         INC     ?V0 + 2
   \                     ??zcl_SendReadRsp_0:
   \   000051   12....       LCALL   ?Subroutine109 & 0xFFFF
   \                     ??CrossCallReturnLabel_327:
   \   000054   40D8         JC      ??zcl_SendReadRsp_1
    752          
    753            buf = osal_mem_alloc( len );
   \   000056                ; Setup parameters for call to function osal_mem_alloc
   \   000056   85....       MOV     ?V0 + 0,?V0 + 3
   \   000059   AA..         MOV     R2,?V0 + 0
   \   00005B   12....       LCALL   ??Subroutine205_0 & 0xFFFF
    754            if ( buf != NULL )
   \                     ??CrossCallReturnLabel_341:
   \   00005E   7003         JNZ     $+5
   \   000060   02....       LJMP    ??zcl_SendReadRsp_3 & 0xFFFF
    755            {
    756              // Load the buffer - serially
    757              pBuf = buf;
   \   000063   AE..         MOV     R6,?V0 + 4
   \   000065   AF..         MOV     R7,?V0 + 5
    758              for ( i = 0; i < readRspCmd->numAttr; i++ )
   \   000067   75..00       MOV     ?V0 + 2,#0x0
   \   00006A   803E         SJMP    ??zcl_SendReadRsp_4
    759              {
    760                statusRec = &(readRspCmd->attrList[i]);
   \                     ??zcl_SendReadRsp_5:
   \   00006C   E5..         MOV     A,?V0 + 2
   \   00006E   75F006       MOV     B,#0x6
   \   000071   A4           MUL     AB
   \   000072   F8           MOV     R0,A
   \   000073   A9F0         MOV     R1,B
   \   000075   E5..         MOV     A,?V0 + 6
   \   000077   28           ADD     A,R0
   \   000078   F582         MOV     DPL,A
   \   00007A   E5..         MOV     A,?V0 + 7
   \   00007C   39           ADDC    A,R1
   \   00007D   12....       LCALL   ??Subroutine208_0 & 0xFFFF
    761                
    762                *pBuf++ = LO_UINT16( statusRec->attrID );
    763                *pBuf++ = HI_UINT16( statusRec->attrID );
   \                     ??CrossCallReturnLabel_353:
   \   000080   12....       LCALL   ?Subroutine15 & 0xFFFF
    764                *pBuf++ = statusRec->status;
    765          
    766                if ( statusRec->status == ZCL_STATUS_SUCCESS )
   \                     ??CrossCallReturnLabel_13:
   \   000083   E0           MOVX    A,@DPTR
   \   000084   7022         JNZ     ??CrossCallReturnLabel_282
   \   000086   85..82       MOV     DPL,?V0 + 0
   \   000089   85..83       MOV     DPH,?V0 + 1
   \   00008C   A3           INC     DPTR
   \   00008D   A3           INC     DPTR
   \   00008E   12....       LCALL   ?Subroutine41 & 0xFFFF
   \                     ??CrossCallReturnLabel_336:
   \   000091                ; Setup parameters for call to function zclSerializeData
   \   000091   EE           MOV     A,R6
   \   000092   FC           MOV     R4,A
   \   000093   EF           MOV     A,R7
   \   000094   FD           MOV     R5,A
   \   000095   85..82       MOV     DPL,?V0 + 0
   \   000098   85..83       MOV     DPH,?V0 + 1
   \   00009B   A3           INC     DPTR
   \   00009C   12....       LCALL   ?Subroutine94 & 0xFFFF
   \                     ??CrossCallReturnLabel_174:
   \   00009F   12....       LCALL   ?Subroutine165 & 0xFFFF
    767                {
    768                  *pBuf++ = statusRec->dataType;
    769                  zclSerializeData( statusRec->dataType, statusRec->data, pBuf );
    770                  
    771                  // move pass attribute data
    772                  pBuf += zclGetAttrDataLength( statusRec->dataType, statusRec->data );
   \                     ??CrossCallReturnLabel_323:
   \   0000A2                ; Setup parameters for call to function zclGetAttrDataLength
   \   0000A2   12....       LCALL   ?Subroutine68 & 0xFFFF
    773                }
    774              } // for loop
   \                     ??CrossCallReturnLabel_132:
   \   0000A5   12....       LCALL   ?Subroutine171 & 0xFFFF
   \                     ??CrossCallReturnLabel_282:
   \   0000A8   05..         INC     ?V0 + 2
   \                     ??zcl_SendReadRsp_4:
   \   0000AA   12....       LCALL   ?Subroutine109 & 0xFFFF
   \                     ??CrossCallReturnLabel_328:
   \   0000AD   40BD         JC      ??zcl_SendReadRsp_5
    775          
    776              status = zcl_SendCommand( srcEP, dstAddr, clusterID, ZCL_CMD_READ_RSP, FALSE, 
    777                                        direction, disableDefaultRsp, 0, seqNum, len, buf );
   \   0000AF                ; Setup parameters for call to function zcl_SendCommand
   \   0000AF   78..         MOV     R0,#?V0 + 4
   \   0000B1   12....       LCALL   ?PUSH_XSTACK_I_TWO
   \   0000B4   E5..         MOV     A,?V0 + 3
   \   0000B6   F5..         MOV     ?V0 + 0,A
   \   0000B8   78..         MOV     R0,#?V0 + 0
   \   0000BA   12....       LCALL   ?PUSH_XSTACK_I_ONE
   \   0000BD   741C         MOV     A,#0x1c
   \   0000BF   12....       LCALL   ?XSTACK_DISP0_8
   \   0000C2   12....       LCALL   ??Subroutine213_0 & 0xFFFF
   \                     ??CrossCallReturnLabel_375:
   \   0000C5   12....       LCALL   ?PUSH_XSTACK_I_ONE
   \   0000C8   E4           CLR     A
   \   0000C9   F5..         MOV     ?V0 + 0,A
   \   0000CB   F5..         MOV     ?V0 + 1,A
   \   0000CD   78..         MOV     R0,#?V0 + 0
   \   0000CF   12....       LCALL   ?PUSH_XSTACK_I_TWO
   \   0000D2   741E         MOV     A,#0x1e
   \   0000D4   12....       LCALL   ?XSTACK_DISP0_8
   \   0000D7   12....       LCALL   ??Subroutine213_0 & 0xFFFF
   \                     ??CrossCallReturnLabel_376:
   \   0000DA   12....       LCALL   ?PUSH_XSTACK_I_ONE
   \   0000DD   741E         MOV     A,#0x1e
   \   0000DF   12....       LCALL   ?XSTACK_DISP0_8
   \   0000E2   12....       LCALL   ??Subroutine213_0 & 0xFFFF
   \                     ??CrossCallReturnLabel_377:
   \   0000E5   12....       LCALL   ?PUSH_XSTACK_I_ONE
   \   0000E8   75..00       MOV     ?V0 + 0,#0x0
   \   0000EB   78..         MOV     R0,#?V0 + 0
   \   0000ED   12....       LCALL   ?PUSH_XSTACK_I_ONE
   \   0000F0   75..01       MOV     ?V0 + 0,#0x1
   \   0000F3   78..         MOV     R0,#?V0 + 0
   \   0000F5   12....       LCALL   ?PUSH_XSTACK_I_ONE
   \   0000F8   740B         MOV     A,#0xb
   \   0000FA   12....       LCALL   ?XSTACK_DISP0_8
   \   0000FD   12....       LCALL   ?Subroutine55 & 0xFFFF
   \                     ??CrossCallReturnLabel_103:
   \   000100   12....       LCALL   ?XSTACK_DISP0_8
   \   000103   12....       LCALL   ?Subroutine54 & 0xFFFF
   \                     ??CrossCallReturnLabel_94:
   \   000106   12....       LCALL   ?XSTACK_DISP0_8
   \   000109   12....       LCALL   ?Subroutine53 & 0xFFFF
   \                     ??CrossCallReturnLabel_85:
   \   00010C   12....       LCALL   ?DEALLOC_XSTACK8
   \   00010F   E9           MOV     A,R1
   \   000110   FE           MOV     R6,A
    778              osal_mem_free( buf );
   \   000111                ; Setup parameters for call to function osal_mem_free
   \   000111   AA..         MOV     R2,?V0 + 4
   \   000113   AB..         MOV     R3,?V0 + 5
   \   000115   12....       LCALL   ??osal_mem_free?relay
   \   000118   8002         SJMP    ??zcl_SendReadRsp_6
    779            }
    780            else
    781              status = ZMemError;
   \                     ??zcl_SendReadRsp_3:
   \   00011A   7E10         MOV     R6,#0x10
    782          
    783            return ( status );
   \                     ??zcl_SendReadRsp_6:
   \   00011C   02....       LJMP    ?Subroutine7 & 0xFFFF
    784          }

   \                                 In  segment BANKED_CODE, align 1, keep-with-next
   \                     ?Subroutine165:
   \   000000   A3           INC     DPTR
   \   000001                REQUIRE ??Subroutine201_0
   \   000001                ; // Fall through to label ??Subroutine201_0

   \                                 In  segment BANKED_CODE, align 1, keep-with-next
   \                     ??Subroutine201_0:
   \   000000   E0           MOVX    A,@DPTR
   \   000001   F9           MOV     R1,A
   \   000002   12....       LCALL   ??zclSerializeData?relay
   \   000005   22           RET

   \                                 In  segment BANKED_CODE, align 1, keep-with-next
   \                     ?Subroutine109:
   \   000000   85..82       MOV     DPL,?V0 + 6
   \   000003   85..83       MOV     DPH,?V0 + 7
   \   000006                REQUIRE ??Subroutine202_0
   \   000006                ; // Fall through to label ??Subroutine202_0

   \                                 In  segment BANKED_CODE, align 1, keep-with-next
   \                     ??Subroutine202_0:
   \   000000   E0           MOVX    A,@DPTR
   \   000001   F8           MOV     R0,A
   \   000002   E5..         MOV     A,?V0 + 2
   \   000004   C3           CLR     C
   \   000005   98           SUBB    A,R0
   \   000006   22           RET

   \                                 In  segment BANKED_CODE, align 1, keep-with-next
   \                     ?Subroutine68:
   \   000000   85..82       MOV     DPL,?V0 + 0
   \   000003   85..83       MOV     DPH,?V0 + 1
   \   000006   A3           INC     DPTR
   \   000007   12....       LCALL   ?Subroutine144 & 0xFFFF
   \                     ??CrossCallReturnLabel_249:
   \   00000A   12....       LCALL   ?Subroutine159 & 0xFFFF
   \                     ??CrossCallReturnLabel_329:
   \   00000D   22           RET

   \                                 In  segment BANKED_CODE, align 1, keep-with-next
   \                     ?Subroutine159:
   \   000000   A3           INC     DPTR
   \   000001                REQUIRE ??Subroutine203_0
   \   000001                ; // Fall through to label ??Subroutine203_0

   \                                 In  segment BANKED_CODE, align 1, keep-with-next
   \                     ??Subroutine203_0:
   \   000000   12....       LCALL   ?Subroutine189 & 0xFFFF
   \                     ??CrossCallReturnLabel_332:
   \   000003   E9           MOV     A,R1
   \   000004   22           RET

   \                                 In  segment BANKED_CODE, align 1, keep-with-next
   \                     ?Subroutine41:
   \   000000   A3           INC     DPTR
   \   000001                REQUIRE ??Subroutine204_0
   \   000001                ; // Fall through to label ??Subroutine204_0

   \                                 In  segment BANKED_CODE, align 1, keep-with-next
   \                     ??Subroutine204_0:
   \   000000   12....       LCALL   ??Subroutine212_0 & 0xFFFF
   \                     ??CrossCallReturnLabel_368:
   \   000003   22           RET

   \                                 In  segment BANKED_CODE, align 1, keep-with-next
   \                     ??Subroutine205_0:
   \   000000   7B00         MOV     R3,#0x0
   \   000002   12....       LCALL   ??osal_mem_alloc?relay
   \   000005   8A..         MOV     ?V0 + 4,R2
   \   000007   8B..         MOV     ?V0 + 5,R3
   \   000009   EA           MOV     A,R2
   \   00000A   45..         ORL     A,?V0 + 5
   \   00000C   22           RET

   \                                 In  segment BANKED_CODE, align 1, keep-with-next
   \                     ??Subroutine208_0:
   \   000000   F583         MOV     DPH,A
   \   000002   A3           INC     DPTR
   \   000003   8582..       MOV     ?V0 + 0,DPL
   \   000006   8583..       MOV     ?V0 + 1,DPH
   \   000009   12....       LCALL   ?Subroutine155 & 0xFFFF
   \                     ??CrossCallReturnLabel_355:
   \   00000C   85..82       MOV     DPL,?V0 + 0
   \   00000F   85..83       MOV     DPH,?V0 + 1
   \   000012   A3           INC     DPTR
   \   000013   22           RET

   \                                 In  segment BANKED_CODE, align 1, keep-with-next
   \                     ?Subroutine171:
   \   000000   F8           MOV     R0,A
   \   000001   EE           MOV     A,R6
   \   000002   28           ADD     A,R0
   \   000003   FE           MOV     R6,A
   \   000004   EF           MOV     A,R7
   \   000005   3400         ADDC    A,#0x0
   \   000007   FF           MOV     R7,A
   \   000008   22           RET

   \                                 In  segment BANKED_CODE, align 1, keep-with-next
   \                     ??Subroutine212_0:
   \   000000   12....       LCALL   ?Subroutine184 & 0xFFFF
   \                     ??CrossCallReturnLabel_371:
   \   000003   22           RET

   \                                 In  segment BANKED_CODE, align 1, keep-with-next
   \                     ?Subroutine184:
   \   000000   12....       LCALL   ?Subroutine195 & 0xFFFF
   \                     ??CrossCallReturnLabel_374:
   \   000003   A3           INC     DPTR
   \   000004   0E           INC     R6
   \   000005   AF83         MOV     R7,DPH
   \   000007   22           RET

   \                                 In  segment BANKED_CODE, align 1, keep-with-next
   \                     ?Subroutine195:
   \   000000   E0           MOVX    A,@DPTR
   \   000001   8E82         MOV     DPL,R6
   \   000003   8F83         MOV     DPH,R7
   \   000005   F0           MOVX    @DPTR,A
   \   000006   22           RET

   \                                 In  segment BANKED_CODE, align 1, keep-with-next
   \                     ?Subroutine15:
   \   000000   12....       LCALL   ??Subroutine212_0 & 0xFFFF
   \                     ??CrossCallReturnLabel_363:
   \   000003   E5..         MOV     A,?V0 + 0
   \   000005   2402         ADD     A,#0x2
   \   000007   F8           MOV     R0,A
   \   000008   E5..         MOV     A,?V0 + 1
   \   00000A   12....       LCALL   ?Subroutine175 & 0xFFFF
   \                     ??CrossCallReturnLabel_293:
   \   00000D   12....       LCALL   ??Subroutine212_0 & 0xFFFF
   \                     ??CrossCallReturnLabel_364:
   \   000010   8882         MOV     DPL,R0
   \   000012   8983         MOV     DPH,R1
   \   000014   22           RET

   \                                 In  segment BANKED_CODE, align 1, keep-with-next
   \                     ?Subroutine153:
   \   000000   E0           MOVX    A,@DPTR
   \   000001   F5..         MOV     ?V0 + 6,A
   \   000003   A3           INC     DPTR
   \   000004   E0           MOVX    A,@DPTR
   \   000005   F5..         MOV     ?V0 + 7,A
   \   000007   22           RET

   \                                 In  segment BANKED_CODE, align 1, keep-with-next
   \                     ??Subroutine213_0:
   \   000000   E0           MOVX    A,@DPTR
   \   000001   F5..         MOV     ?V0 + 0,A
   \   000003   78..         MOV     R0,#?V0 + 0
   \   000005   22           RET

   \                                 In  segment BANKED_CODE, align 1, keep-with-next
   \                     ?Subroutine193:
   \   000000   A4           MUL     AB
   \   000001   F8           MOV     R0,A
   \   000002   A9F0         MOV     R1,B
   \   000004   E5..         MOV     A,?V0 + 6
   \   000006   28           ADD     A,R0
   \   000007   F582         MOV     DPL,A
   \   000009   E5..         MOV     A,?V0 + 7
   \   00000B   39           ADDC    A,R1
   \   00000C   F583         MOV     DPH,A
   \   00000E   A3           INC     DPTR
   \   00000F   22           RET

   \                                 In  segment BANKED_CODE, align 1, keep-with-next
   \                     ?Subroutine155:
   \   000000   12....       LCALL   ?Subroutine195 & 0xFFFF
   \                     ??CrossCallReturnLabel_373:
   \   000003   A3           INC     DPTR
   \   000004   AE82         MOV     R6,DPL
   \   000006   AF83         MOV     R7,DPH
   \   000008   22           RET

   \                                 In  segment BANKED_CODE, align 1, keep-with-next
   \                     ?Subroutine189:
   \   000000   E0           MOVX    A,@DPTR
   \   000001   F9           MOV     R1,A
   \   000002   12....       LCALL   ??zclGetAttrDataLength?relay
   \   000005   22           RET

   \                                 In  segment BANKED_CODE, align 1, keep-with-next
   \                     ?Subroutine175:
   \   000000   12....       LCALL   ?Subroutine197 & 0xFFFF
   \                     ??CrossCallReturnLabel_312:
   \   000003   22           RET

   \                                 In  segment BANKED_CODE, align 1, keep-with-next
   \                     ?Subroutine94:
   \   000000   12....       LCALL   ?Subroutine144 & 0xFFFF
   \                     ??CrossCallReturnLabel_250:
   \   000003   22           RET

   \                                 In  segment BANKED_CODE, align 1, keep-with-next
   \                     ?Subroutine144:
   \   000000   A3           INC     DPTR
   \   000001   A3           INC     DPTR
   \   000002   A3           INC     DPTR
   \   000003   E0           MOVX    A,@DPTR
   \   000004   FA           MOV     R2,A
   \   000005   A3           INC     DPTR
   \   000006   12....       LCALL   ?Subroutine192 & 0xFFFF
   \                     ??CrossCallReturnLabel_308:
   \   000009   A3           INC     DPTR
   \   00000A   A3           INC     DPTR
   \   00000B   22           RET

   \                                 In  segment BANKED_CODE, align 1, keep-with-next
   \                     ?Subroutine192:
   \   000000   E0           MOVX    A,@DPTR
   \   000001   FB           MOV     R3,A
   \   000002   85..82       MOV     DPL,?V0 + 0
   \   000005   85..83       MOV     DPH,?V0 + 1
   \   000008   22           RET

   \                                 In  segment BANKED_CODE, align 1, keep-with-next
   \                     ?Subroutine197:
   \   000000   3400         ADDC    A,#0x0
   \   000002   F9           MOV     R1,A
   \   000003   8882         MOV     DPL,R0
   \   000005   8983         MOV     DPH,R1
   \   000007   22           RET
    785          #endif // ZCL_READ
    786          
    787          #ifdef ZCL_WRITE
    788          /*********************************************************************
    789           * @fn      sendWriteRequest
    790           *
    791           * @brief   Send a Write command
    792           *
    793           * @param   dstAddr - destination address
    794           * @param   clusterID - cluster ID
    795           * @param   writeCmd - write command to be sent
    796           * @param   cmd - ZCL_CMD_WRITE, ZCL_CMD_WRITE_UNDIVIDED or ZCL_CMD_WRITE_NO_RSP
    797           * @param   direction - direction of the command
    798           * @param   seqNum - transaction sequence number
    799           *
    800           * @return  ZSuccess if OK
    801           */

   \                                 In  segment BANKED_CODE, align 1, keep-with-next
    802          ZStatus_t zcl_SendWriteRequest( uint8 srcEP, afAddrType_t *dstAddr, uint16 clusterID, 
   \                     zcl_SendWriteRequest:
    803                                          zclWriteCmd_t *writeCmd, uint8 cmd, uint8 direction, 
    804                                          uint8 disableDefaultRsp, uint8 seqNum )
    805          {
   \   000000   74F0         MOV     A,#-0x10
   \   000002   12....       LCALL   ?BANKED_ENTER_XDATA
   \   000005                ; Saved register size: 16
   \   000005                ; Auto size: 5
   \   000005   74FB         MOV     A,#-0x5
   \   000007   12....       LCALL   ?ALLOC_XSTACK8
   \   00000A   E9           MOV     A,R1
   \   00000B   85..82       MOV     DPL,?XSP + 0
   \   00000E   85..83       MOV     DPH,?XSP + 1
   \   000011   F0           MOVX    @DPTR,A
   \   000012   7403         MOV     A,#0x3
   \   000014   12....       LCALL   ?XSTACK_DISP0_8
   \   000017   12....       LCALL   ?Subroutine18 & 0xFFFF
   \                     ??CrossCallReturnLabel_19:
   \   00001A   12....       LCALL   ?XSTACK_DISP0_8
   \   00001D   12....       LCALL   ?Subroutine23 & 0xFFFF
   \                     ??CrossCallReturnLabel_32:
   \   000020   12....       LCALL   ?XSTACK_DISP0_8
   \   000023   12....       LCALL   ?Subroutine93 & 0xFFFF
    806            uint8 *buf;
    807            uint8 *pBuf;
    808            zclWriteRec_t *statusRec;
    809            uint8 attrDataLen;
    810            uint8 dataLen = 0;
    811            uint8 i;
    812            ZStatus_t status;
    813            
    814            for ( i = 0; i < writeCmd->numAttr; i++ )
   \                     ??CrossCallReturnLabel_172:
   \   000026   8003         SJMP    ??CrossCallReturnLabel_117
    815            {
    816              statusRec = &(writeCmd->attrList[i]);
   \                     ??zcl_SendWriteRequest_0:
   \   000028   12....       LCALL   ?Subroutine59 & 0xFFFF
    817              
    818              attrDataLen = zclGetAttrDataLength( statusRec->dataType, statusRec->attrData );
    819              dataLen += 2 + 1 + attrDataLen; // Attribute ID + Attribute Type + Attribute Data
    820            }
   \                     ??CrossCallReturnLabel_117:
   \   00002B   12....       LCALL   ?Subroutine78 & 0xFFFF
   \                     ??CrossCallReturnLabel_344:
   \   00002E   40F8         JC      ??zcl_SendWriteRequest_0
    821          
    822            buf = osal_mem_alloc( dataLen );
   \   000030                ; Setup parameters for call to function osal_mem_alloc
   \   000030   12....       LCALL   ?Subroutine112 & 0xFFFF
    823            if ( buf != NULL )
   \                     ??CrossCallReturnLabel_339:
   \   000033   607F         JZ      ??zcl_SendWriteRequest_1
    824            {
    825              // Load the buffer - serially
    826              pBuf = buf;
   \   000035   AE..         MOV     R6,?V0 + 4
   \   000037   AF..         MOV     R7,?V0 + 5
    827              for ( i = 0; i < writeCmd->numAttr; i++ )
   \   000039   75..00       MOV     ?V0 + 0,#0x0
   \   00003C   8003         SJMP    ??CrossCallReturnLabel_0
    828              { 
    829                statusRec = &(writeCmd->attrList[i]);
   \                     ??zcl_SendWriteRequest_2:
   \   00003E   12....       LCALL   ?Subroutine8 & 0xFFFF
    830                
    831                *pBuf++ = LO_UINT16( statusRec->attrID );
    832                *pBuf++ = HI_UINT16( statusRec->attrID );
    833                *pBuf++ = statusRec->dataType;
    834                
    835                zclSerializeData( statusRec->dataType, statusRec->attrData, pBuf );
    836                
    837                attrDataLen = zclGetAttrDataLength( statusRec->dataType, statusRec->attrData );
    838                pBuf += attrDataLen; // move pass attribute data
    839              }
   \                     ??CrossCallReturnLabel_0:
   \   000041   12....       LCALL   ?Subroutine78 & 0xFFFF
   \                     ??CrossCallReturnLabel_345:
   \   000044   40F8         JC      ??zcl_SendWriteRequest_2
    840          
    841              status = zcl_SendCommand( srcEP, dstAddr, clusterID, cmd, FALSE, 
    842                                        direction, disableDefaultRsp, 0, seqNum, dataLen, buf );
   \   000046                ; Setup parameters for call to function zcl_SendCommand
   \   000046   78..         MOV     R0,#?V0 + 4
   \   000048   12....       LCALL   ?PUSH_XSTACK_I_TWO
   \   00004B   E5..         MOV     A,?V0 + 1
   \   00004D   F5..         MOV     ?V0 + 0,A
   \   00004F   78..         MOV     R0,#?V0 + 0
   \   000051   12....       LCALL   ?PUSH_XSTACK_I_ONE
   \   000054   741D         MOV     A,#0x1d
   \   000056   12....       LCALL   ?XSTACK_DISP0_8
   \   000059   12....       LCALL   ??Subroutine213_0 & 0xFFFF
   \                     ??CrossCallReturnLabel_378:
   \   00005C   12....       LCALL   ?PUSH_XSTACK_I_ONE
   \   00005F   E4           CLR     A
   \   000060   F5..         MOV     ?V0 + 0,A
   \   000062   F5..         MOV     ?V0 + 1,A
   \   000064   78..         MOV     R0,#?V0 + 0
   \   000066   12....       LCALL   ?PUSH_XSTACK_I_TWO
   \   000069   741F         MOV     A,#0x1f
   \   00006B   12....       LCALL   ?XSTACK_DISP0_8
   \   00006E   12....       LCALL   ??Subroutine213_0 & 0xFFFF
   \                     ??CrossCallReturnLabel_379:
   \   000071   12....       LCALL   ?PUSH_XSTACK_I_ONE
   \   000074   741F         MOV     A,#0x1f
   \   000076   12....       LCALL   ?XSTACK_DISP0_8
   \   000079   12....       LCALL   ??Subroutine213_0 & 0xFFFF
   \                     ??CrossCallReturnLabel_380:
   \   00007C   12....       LCALL   ?PUSH_XSTACK_I_ONE
   \   00007F   75..00       MOV     ?V0 + 0,#0x0
   \   000082   78..         MOV     R0,#?V0 + 0
   \   000084   12....       LCALL   ?PUSH_XSTACK_I_ONE
   \   000087   7420         MOV     A,#0x20
   \   000089   12....       LCALL   ?XSTACK_DISP0_8
   \   00008C   12....       LCALL   ??Subroutine213_0 & 0xFFFF
   \                     ??CrossCallReturnLabel_381:
   \   00008F   12....       LCALL   ?PUSH_XSTACK_I_ONE
   \   000092   740B         MOV     A,#0xb
   \   000094   12....       LCALL   ?XSTACK_DISP0_8
   \   000097   12....       LCALL   ?Subroutine55 & 0xFFFF
   \                     ??CrossCallReturnLabel_104:
   \   00009A   12....       LCALL   ?XSTACK_DISP0_8
   \   00009D   12....       LCALL   ?Subroutine54 & 0xFFFF
   \                     ??CrossCallReturnLabel_95:
   \   0000A0   12....       LCALL   ?XSTACK_DISP0_8
   \   0000A3   12....       LCALL   ?Subroutine53 & 0xFFFF
   \                     ??CrossCallReturnLabel_86:
   \   0000A6   12....       LCALL   ?DEALLOC_XSTACK8
   \   0000A9   E9           MOV     A,R1
   \   0000AA   FE           MOV     R6,A
    843              osal_mem_free( buf );
   \   0000AB                ; Setup parameters for call to function osal_mem_free
   \   0000AB   AA..         MOV     R2,?V0 + 4
   \   0000AD   AB..         MOV     R3,?V0 + 5
   \   0000AF   12....       LCALL   ??osal_mem_free?relay
   \   0000B2   8002         SJMP    ??zcl_SendWriteRequest_3
    844            }
    845            else
    846              status = ZMemError;
   \                     ??zcl_SendWriteRequest_1:
   \   0000B4   7E10         MOV     R6,#0x10
    847          
    848            return ( status);
   \                     ??zcl_SendWriteRequest_3:
   \   0000B6   02....       LJMP    ?Subroutine7 & 0xFFFF
    849          }

   \                                 In  segment BANKED_CODE, align 1, keep-with-next
   \                     ?Subroutine112:
   \   000000   85....       MOV     ?V0 + 0,?V0 + 1
   \   000003   85....       MOV     ?V0 + 2,?V0 + 0
   \   000006   AA..         MOV     R2,?V0 + 2
   \   000008                REQUIRE ??Subroutine205_0
   \   000008                ; // Fall through to label ??Subroutine205_0

   \                                 In  segment BANKED_CODE, align 1, keep-with-next
   \                     ?Subroutine78:
   \   000000   85..82       MOV     DPL,?V0 + 6
   \   000003   85..83       MOV     DPH,?V0 + 7
   \   000006                REQUIRE ??Subroutine206_0
   \   000006                ; // Fall through to label ??Subroutine206_0

   \                                 In  segment BANKED_CODE, align 1, keep-with-next
   \                     ??Subroutine206_0:
   \   000000   E0           MOVX    A,@DPTR
   \   000001   F8           MOV     R0,A
   \   000002   E5..         MOV     A,?V0 + 0
   \   000004   C3           CLR     C
   \   000005   98           SUBB    A,R0
   \   000006   22           RET

   \                                 In  segment BANKED_CODE, align 1, keep-with-next
   \                     ?Subroutine132:
   \   000000   A3           INC     DPTR
   \   000001                REQUIRE ??Subroutine212_0
   \   000001                ; // Fall through to label ??Subroutine212_0

   \                                 In  segment BANKED_CODE, align 1, keep-with-next
   \                     ?Subroutine93:
   \   000000   12....       LCALL   ?Subroutine153 & 0xFFFF
   \                     ??CrossCallReturnLabel_264:
   \   000003   75..00       MOV     ?V0 + 1,#0x0
   \   000006   75..00       MOV     ?V0 + 0,#0x0
   \   000009   22           RET

   \                                 In  segment BANKED_CODE, align 1, keep-with-next
   \                     ?Subroutine59:
   \   000000   12....       LCALL   ?Subroutine170 & 0xFFFF
   \                     ??CrossCallReturnLabel_281:
   \   000003                ; Setup parameters for call to function zclGetAttrDataLength
   \   000003                ; Setup parameters for call to function zclGetAttrDataLength
   \   000003   12....       LCALL   ?Subroutine137 & 0xFFFF
   \                     ??CrossCallReturnLabel_240:
   \   000006   2403         ADD     A,#0x3
   \   000008   25..         ADD     A,?V0 + 1
   \   00000A   F5..         MOV     ?V0 + 1,A
   \   00000C   05..         INC     ?V0 + 0
   \   00000E   22           RET

   \                                 In  segment BANKED_CODE, align 1, keep-with-next
   \                     ?Subroutine8:
   \   000000   12....       LCALL   ?Subroutine170 & 0xFFFF
   \                     ??CrossCallReturnLabel_280:
   \   000003   12....       LCALL   ?Subroutine155 & 0xFFFF
   \                     ??CrossCallReturnLabel_354:
   \   000006   85..82       MOV     DPL,?V0 + 2
   \   000009   85..83       MOV     DPH,?V0 + 3
   \   00000C   12....       LCALL   ?Subroutine132 & 0xFFFF
   \                     ??CrossCallReturnLabel_365:
   \   00000F   85..82       MOV     DPL,?V0 + 2
   \   000012   85..83       MOV     DPH,?V0 + 3
   \   000015   A3           INC     DPTR
   \   000016   12....       LCALL   ?Subroutine132 & 0xFFFF
   \                     ??CrossCallReturnLabel_366:
   \   000019                ; Setup parameters for call to function zclSerializeData
   \   000019                ; Setup parameters for call to function zclSerializeData
   \   000019   EE           MOV     A,R6
   \   00001A   FC           MOV     R4,A
   \   00001B   EF           MOV     A,R7
   \   00001C   FD           MOV     R5,A
   \   00001D   85..82       MOV     DPL,?V0 + 2
   \   000020   85..83       MOV     DPH,?V0 + 3
   \   000023   A3           INC     DPTR
   \   000024   A3           INC     DPTR
   \   000025   A3           INC     DPTR
   \   000026   12....       LCALL   ?Subroutine149 & 0xFFFF
   \                     ??CrossCallReturnLabel_258:
   \   000029   A3           INC     DPTR
   \   00002A   12....       LCALL   ?Subroutine165 & 0xFFFF
   \                     ??CrossCallReturnLabel_324:
   \   00002D                ; Setup parameters for call to function zclGetAttrDataLength
   \   00002D                ; Setup parameters for call to function zclGetAttrDataLength
   \   00002D   85..82       MOV     DPL,?V0 + 2
   \   000030   85..83       MOV     DPH,?V0 + 3
   \   000033   12....       LCALL   ?Subroutine137 & 0xFFFF
   \                     ??CrossCallReturnLabel_241:
   \   000036   12....       LCALL   ?Subroutine171 & 0xFFFF
   \                     ??CrossCallReturnLabel_283:
   \   000039   05..         INC     ?V0 + 0
   \   00003B   22           RET

   \                                 In  segment BANKED_CODE, align 1, keep-with-next
   \                     ?Subroutine170:
   \   000000   E5..         MOV     A,?V0 + 0
   \   000002   75F005       MOV     B,#0x5
   \   000005   12....       LCALL   ?Subroutine193 & 0xFFFF
   \                     ??CrossCallReturnLabel_310:
   \   000008   8582..       MOV     ?V0 + 2,DPL
   \   00000B   8583..       MOV     ?V0 + 3,DPH
   \   00000E   22           RET

   \                                 In  segment BANKED_CODE, align 1, keep-with-next
   \                     ?Subroutine137:
   \   000000   A3           INC     DPTR
   \   000001   A3           INC     DPTR
   \   000002   A3           INC     DPTR
   \   000003   12....       LCALL   ?Subroutine185 & 0xFFFF
   \                     ??CrossCallReturnLabel_303:
   \   000006   A3           INC     DPTR
   \   000007   A3           INC     DPTR
   \   000008   12....       LCALL   ?Subroutine189 & 0xFFFF
   \                     ??CrossCallReturnLabel_333:
   \   00000B   E9           MOV     A,R1
   \   00000C   22           RET

   \                                 In  segment BANKED_CODE, align 1, keep-with-next
   \                     ?Subroutine149:
   \   000000   12....       LCALL   ?Subroutine185 & 0xFFFF
   \                     ??CrossCallReturnLabel_304:
   \   000003   22           RET

   \                                 In  segment BANKED_CODE, align 1, keep-with-next
   \                     ?Subroutine185:
   \   000000   E0           MOVX    A,@DPTR
   \   000001   FA           MOV     R2,A
   \   000002   A3           INC     DPTR
   \   000003   E0           MOVX    A,@DPTR
   \   000004   FB           MOV     R3,A
   \   000005   85..82       MOV     DPL,?V0 + 2
   \   000008   85..83       MOV     DPH,?V0 + 3
   \   00000B   22           RET
    850          
    851          /*********************************************************************
    852           * @fn      zcl_SendWriteRsp
    853           *
    854           * @brief   Send a Write Response command
    855           *
    856           * @param   dstAddr - destination address
    857           * @param   clusterID - cluster ID
    858           * @param   wrtieRspCmd - write response command to be sent
    859           * @param   direction - direction of the command
    860           * @param   seqNum - transaction sequence number
    861           *
    862           * @return  ZSuccess if OK
    863           */

   \                                 In  segment BANKED_CODE, align 1, keep-with-next
    864          ZStatus_t zcl_SendWriteRsp( uint8 srcEP, afAddrType_t *dstAddr,
   \                     zcl_SendWriteRsp:
    865                                      uint16 clusterID, zclWriteRspCmd_t *writeRspCmd,
    866                                      uint8 direction, uint8 disableDefaultRsp, uint8 seqNum )
    867          {
   \   000000   74F0         MOV     A,#-0x10
   \   000002   12....       LCALL   ?BANKED_ENTER_XDATA
   \   000005                ; Saved register size: 16
   \   000005                ; Auto size: 5
   \   000005   74FB         MOV     A,#-0x5
   \   000007   12....       LCALL   ?ALLOC_XSTACK8
   \   00000A   E9           MOV     A,R1
   \   00000B   85..82       MOV     DPL,?XSP + 0
   \   00000E   85..83       MOV     DPH,?XSP + 1
   \   000011   F0           MOVX    @DPTR,A
   \   000012   7403         MOV     A,#0x3
   \   000014   12....       LCALL   ?XSTACK_DISP0_8
   \   000017   12....       LCALL   ?Subroutine18 & 0xFFFF
   \                     ??CrossCallReturnLabel_20:
   \   00001A   12....       LCALL   ?XSTACK_DISP0_8
   \   00001D   12....       LCALL   ?Subroutine23 & 0xFFFF
   \                     ??CrossCallReturnLabel_33:
   \   000020   12....       LCALL   ?XSTACK_DISP0_8
   \   000023   12....       LCALL   ?Subroutine83 & 0xFFFF
   \                     ??CrossCallReturnLabel_152:
   \   000026   12....       LCALL   ?XSTACK_DISP0_8
   \   000029   12....       LCALL   ?Subroutine107 & 0xFFFF
   \                     ??CrossCallReturnLabel_203:
   \   00002C   12....       LCALL   ?XSTACK_DISP0_8
   \   00002F   12....       LCALL   ?Subroutine108 & 0xFFFF
   \                     ??CrossCallReturnLabel_207:
   \   000032   12....       LCALL   ?XSTACK_DISP0_8
   \   000035   12....       LCALL   ?Subroutine58 & 0xFFFF
    868            uint8 dataLen;
    869            uint8 *buf;
    870            uint8 *pBuf;
    871            uint8 i;
    872            ZStatus_t status;
    873            
    874            dataLen = writeRspCmd->numAttr * ( 1 + 2 ); // status + attribute id
    875          
    876            buf = osal_mem_alloc( dataLen );
    877            if ( buf != NULL )
   \                     ??CrossCallReturnLabel_115:
   \   000038   7003         JNZ     $+5
   \   00003A   02....       LJMP    ??zcl_SendWriteRsp_0 & 0xFFFF
    878            {
    879              // Load the buffer - serially
    880              pBuf = buf;
   \   00003D   A8..         MOV     R0,?V0 + 0
   \   00003F   A9..         MOV     R1,?V0 + 1
    881              for ( i = 0; i < writeRspCmd->numAttr; i++ )
   \   000041   7C00         MOV     R4,#0x0
   \   000043   8003         SJMP    ??CrossCallReturnLabel_7
    882              { 
    883                *pBuf++ = writeRspCmd->attrList[i].status;
   \                     ??zcl_SendWriteRsp_1:
   \   000045   12....       LCALL   ?Subroutine11 & 0xFFFF
    884                *pBuf++ = LO_UINT16( writeRspCmd->attrList[i].attrID );
    885                *pBuf++ = HI_UINT16( writeRspCmd->attrList[i].attrID );
    886              }
   \                     ??CrossCallReturnLabel_7:
   \   000048   8E82         MOV     DPL,R6
   \   00004A   8F83         MOV     DPH,R7
   \   00004C   E0           MOVX    A,@DPTR
   \   00004D   FA           MOV     R2,A
   \   00004E   EC           MOV     A,R4
   \   00004F   C3           CLR     C
   \   000050   9A           SUBB    A,R2
   \   000051   40F2         JC      ??zcl_SendWriteRsp_1
    887              
    888              // If there's only a single status record and its status field is set to 
    889              // SUCCESS then omit the attribute ID field.
    890              if ( writeRspCmd->numAttr == 1 && writeRspCmd->attrList[0].status == ZCL_STATUS_SUCCESS )
   \   000053   E0           MOVX    A,@DPTR
   \   000054   6401         XRL     A,#0x1
   \   000056   7007         JNZ     ??zcl_SendWriteRsp_2
   \   000058   A3           INC     DPTR
   \   000059   E0           MOVX    A,@DPTR
   \   00005A   7003         JNZ     ??zcl_SendWriteRsp_2
    891                dataLen = 1;
   \   00005C   75..01       MOV     ?V0 + 2,#0x1
    892                
    893              status = zcl_SendCommand( srcEP, dstAddr, clusterID, ZCL_CMD_WRITE_RSP, FALSE,
    894                                        direction, disableDefaultRsp, 0, seqNum, dataLen, buf );
   \                     ??zcl_SendWriteRsp_2:
   \   00005F                ; Setup parameters for call to function zcl_SendCommand
   \   00005F   78..         MOV     R0,#?V0 + 0
   \   000061   12....       LCALL   ?PUSH_XSTACK_I_TWO
   \   000064   78..         MOV     R0,#?V0 + 2
   \   000066   12....       LCALL   ?PUSH_XSTACK_I_ONE
   \   000069   E5..         MOV     A,?V0 + 3
   \   00006B   F5..         MOV     ?V0 + 2,A
   \   00006D   78..         MOV     R0,#?V0 + 2
   \   00006F   12....       LCALL   ?PUSH_XSTACK_I_ONE
   \   000072   E4           CLR     A
   \   000073   F5..         MOV     ?V0 + 2,A
   \   000075   F5..         MOV     ?V0 + 3,A
   \   000077   78..         MOV     R0,#?V0 + 2
   \   000079   12....       LCALL   ?PUSH_XSTACK_I_TWO
   \   00007C   E5..         MOV     A,?V0 + 6
   \   00007E   F5..         MOV     ?V0 + 2,A
   \   000080   78..         MOV     R0,#?V0 + 2
   \   000082   12....       LCALL   ?PUSH_XSTACK_I_ONE
   \   000085   E5..         MOV     A,?V0 + 7
   \   000087   F5..         MOV     ?V0 + 2,A
   \   000089   78..         MOV     R0,#?V0 + 2
   \   00008B   12....       LCALL   ?PUSH_XSTACK_I_ONE
   \   00008E   75..00       MOV     ?V0 + 2,#0x0
   \   000091   78..         MOV     R0,#?V0 + 2
   \   000093   12....       LCALL   ?PUSH_XSTACK_I_ONE
   \   000096   75..04       MOV     ?V0 + 2,#0x4
   \   000099   78..         MOV     R0,#?V0 + 2
   \   00009B   12....       LCALL   ?PUSH_XSTACK_I_ONE
   \   00009E   740B         MOV     A,#0xb
   \   0000A0   12....       LCALL   ?XSTACK_DISP0_8
   \   0000A3   12....       LCALL   ?Subroutine55 & 0xFFFF
   \                     ??CrossCallReturnLabel_105:
   \   0000A6   12....       LCALL   ?XSTACK_DISP0_8
   \   0000A9   12....       LCALL   ?Subroutine54 & 0xFFFF
   \                     ??CrossCallReturnLabel_96:
   \   0000AC   12....       LCALL   ?XSTACK_DISP0_8
   \   0000AF   12....       LCALL   ?Subroutine53 & 0xFFFF
   \                     ??CrossCallReturnLabel_87:
   \   0000B2   12....       LCALL   ?DEALLOC_XSTACK8
   \   0000B5   E9           MOV     A,R1
   \   0000B6   FE           MOV     R6,A
    895              osal_mem_free( buf );
   \   0000B7                ; Setup parameters for call to function osal_mem_free
   \   0000B7   AA..         MOV     R2,?V0 + 0
   \   0000B9   AB..         MOV     R3,?V0 + 1
   \   0000BB   12....       LCALL   ??osal_mem_free?relay
   \   0000BE   8002         SJMP    ??zcl_SendWriteRsp_3
    896            }
    897            else
    898              status = ZMemError;
   \                     ??zcl_SendWriteRsp_0:
   \   0000C0   7E10         MOV     R6,#0x10
    899          
    900            return ( status );
   \                     ??zcl_SendWriteRsp_3:
   \   0000C2   02....       LJMP    ?Subroutine7 & 0xFFFF
    901          }

   \                                 In  segment BANKED_CODE, align 1, keep-with-next
   \                     ?Subroutine58:
   \   000000   E0           MOVX    A,@DPTR
   \   000001   F5..         MOV     ?V0 + 3,A
   \   000003   75F003       MOV     B,#0x3
   \   000006   8E82         MOV     DPL,R6
   \   000008   8F83         MOV     DPH,R7
   \   00000A   E0           MOVX    A,@DPTR
   \   00000B   A4           MUL     AB
   \   00000C   12....       LCALL   ?Subroutine169 & 0xFFFF
   \                     ??CrossCallReturnLabel_279:
   \   00000F   22           RET

   \                                 In  segment BANKED_CODE, align 1, keep-with-next
   \                     ?Subroutine11:
   \   000000   EC           MOV     A,R4
   \   000001   75F003       MOV     B,#0x3
   \   000004   A4           MUL     AB
   \   000005   FA           MOV     R2,A
   \   000006   ABF0         MOV     R3,B
   \   000008   EE           MOV     A,R6
   \   000009   2A           ADD     A,R2
   \   00000A   FA           MOV     R2,A
   \   00000B   EF           MOV     A,R7
   \   00000C   3B           ADDC    A,R3
   \   00000D   FB           MOV     R3,A
   \   00000E   8A82         MOV     DPL,R2
   \   000010   8B83         MOV     DPH,R3
   \   000012   A3           INC     DPTR
   \   000013   12....       LCALL   ?Subroutine152 & 0xFFFF
   \                     ??CrossCallReturnLabel_261:
   \   000016   EA           MOV     A,R2
   \   000017   2402         ADD     A,#0x2
   \   000019   F5..         MOV     ?V0 + 4,A
   \   00001B   EB           MOV     A,R3
   \   00001C   12....       LCALL   ?Subroutine173 & 0xFFFF
   \                     ??CrossCallReturnLabel_287:
   \   00001F   12....       LCALL   ??Subroutine200_0 & 0xFFFF
   \                     ??CrossCallReturnLabel_320:
   \   000022   85..82       MOV     DPL,?V0 + 4
   \   000025   85..83       MOV     DPH,?V0 + 5
   \   000028   12....       LCALL   ?Subroutine138 & 0xFFFF
   \                     ??CrossCallReturnLabel_322:
   \   00002B   0C           INC     R4
   \   00002C   22           RET

   \                                 In  segment BANKED_CODE, align 1, keep-with-next
   \                     ?Subroutine173:
   \   000000   3400         ADDC    A,#0x0
   \   000002   F5..         MOV     ?V0 + 5,A
   \   000004   85..82       MOV     DPL,?V0 + 4
   \   000007   F583         MOV     DPH,A
   \   000009   22           RET
    902          #endif // ZCL_WRITE
    903          
    904          #ifdef ZCL_REPORT
    905          /*********************************************************************
    906           * @fn      zcl_SendConfigReportCmd
    907           *
    908           * @brief   Send a Configure Reporting command
    909           *
    910           * @param   dstAddr - destination address
    911           * @param   clusterID - cluster ID
    912           * @param   cfgReportCmd - configure reporting command to be sent
    913           * @param   direction - direction of the command
    914           * @param   seqNum - transaction sequence number
    915           *
    916           * @return  ZSuccess if OK
    917           */

   \                                 In  segment BANKED_CODE, align 1, keep-with-next
    918          ZStatus_t zcl_SendConfigReportCmd( uint8 srcEP, afAddrType_t *dstAddr,
   \                     zcl_SendConfigReportCmd:
    919                                    uint16 clusterID, zclCfgReportCmd_t *cfgReportCmd,
    920                                    uint8 direction, uint8 disableDefaultRsp, uint8 seqNum )
    921          {
   \   000000   74F0         MOV     A,#-0x10
   \   000002   12....       LCALL   ?BANKED_ENTER_XDATA
   \   000005                ; Saved register size: 16
   \   000005                ; Auto size: 5
   \   000005   74FB         MOV     A,#-0x5
   \   000007   12....       LCALL   ?ALLOC_XSTACK8
   \   00000A   E9           MOV     A,R1
   \   00000B   85..82       MOV     DPL,?XSP + 0
   \   00000E   85..83       MOV     DPH,?XSP + 1
   \   000011   F0           MOVX    @DPTR,A
   \   000012   7403         MOV     A,#0x3
   \   000014   12....       LCALL   ?XSTACK_DISP0_8
   \   000017   12....       LCALL   ?Subroutine18 & 0xFFFF
   \                     ??CrossCallReturnLabel_21:
   \   00001A   12....       LCALL   ?XSTACK_DISP0_8
   \   00001D   12....       LCALL   ?Subroutine34 & 0xFFFF
    922            uint8 *buf;
    923            uint8 *pBuf;
    924            uint8 dataLen = 0;
    925            zclCfgReportRec_t *reportRec;
    926            uint8 reportChangeLen; // length of Reportable Change field
    927            uint8 i;
    928            ZStatus_t status;
    929            
    930            // Find out the data length
    931            for ( i = 0; i < cfgReportCmd->numAttr; i++ )
   \                     ??CrossCallReturnLabel_49:
   \   000020   8006         SJMP    ??zcl_SendConfigReportCmd_0
    932            {
    933              reportRec = &(cfgReportCmd->attrList[i]);
    934              
    935              dataLen += 1 + 2; // Direction + Attribute ID
    936              reportChangeLen = 0;
    937              
    938              if ( reportRec->direction == ZCL_SEND_ATTR_REPORTS )
    939              {
    940                dataLen += 1 + 2 + 2; // Data Type + Min + Max Reporting Intervals
    941                
    942                // Find out the size of the Reportable Change field (for Analog data types)
    943                if ( zclAnalogDataType( reportRec->dataType ) )
    944                {
    945                  reportChangeLen = zclGetDataTypeLength( reportRec->dataType );
    946                  dataLen += reportChangeLen;
    947                }
    948              }
    949              else
    950              {
    951                dataLen += 2; // Timeout Period
   \                     ??zcl_SendConfigReportCmd_1:
   \   000022   05..         INC     ?V0 + 3
   \   000024   05..         INC     ?V0 + 3
    952              }
   \                     ??zcl_SendConfigReportCmd_2:
   \   000026   05..         INC     ?V0 + 2
   \                     ??zcl_SendConfigReportCmd_0:
   \   000028   7415         MOV     A,#0x15
   \   00002A   12....       LCALL   ?XSTACK_DISP0_8
   \   00002D   12....       LCALL   ?Subroutine52 & 0xFFFF
   \                     ??CrossCallReturnLabel_80:
   \   000030   502E         JNC     ??zcl_SendConfigReportCmd_3
   \   000032   E5..         MOV     A,?V0 + 2
   \   000034   75F00C       MOV     B,#0xc
   \   000037   A4           MUL     AB
   \   000038   F8           MOV     R0,A
   \   000039   A9F0         MOV     R1,B
   \   00003B   7415         MOV     A,#0x15
   \   00003D   12....       LCALL   ?XSTACK_DISP0_8
   \   000040   12....       LCALL   ??Subroutine234_0 & 0xFFFF
   \                     ??CrossCallReturnLabel_506:
   \   000043   05..         INC     ?V0 + 3
   \   000045   05..         INC     ?V0 + 3
   \   000047   05..         INC     ?V0 + 3
   \   000049   E0           MOVX    A,@DPTR
   \   00004A   70D6         JNZ     ??zcl_SendConfigReportCmd_1
   \   00004C   7405         MOV     A,#0x5
   \   00004E   25..         ADD     A,?V0 + 3
   \   000050   F5..         MOV     ?V0 + 3,A
   \   000052   E5..         MOV     A,?V0 + 0
   \   000054   2403         ADD     A,#0x3
   \   000056   12....       LCALL   ?Subroutine119 & 0xFFFF
   \                     ??CrossCallReturnLabel_220:
   \   000059   60CB         JZ      ??zcl_SendConfigReportCmd_2
   \   00005B                ; Setup parameters for call to function zclGetDataTypeLength
   \   00005B   12....       LCALL   ?Subroutine101 & 0xFFFF
    953            }
   \                     ??CrossCallReturnLabel_189:
   \   00005E   80C6         SJMP    ??zcl_SendConfigReportCmd_2
    954            
    955            buf = osal_mem_alloc( dataLen );
   \                     ??zcl_SendConfigReportCmd_3:
   \   000060                ; Setup parameters for call to function osal_mem_alloc
   \   000060   12....       LCALL   ?Subroutine113 & 0xFFFF
    956            if ( buf != NULL )
   \                     ??CrossCallReturnLabel_348:
   \   000063   7003         JNZ     $+5
   \   000065   02....       LJMP    ??zcl_SendConfigReportCmd_4 & 0xFFFF
    957            {
    958              // Load the buffer - serially
    959              pBuf = buf;
   \   000068   AE..         MOV     R6,?V0 + 6
   \   00006A   AF..         MOV     R7,?V0 + 7
    960              for ( i = 0; i < cfgReportCmd->numAttr; i++ )
   \   00006C   75..00       MOV     ?V0 + 2,#0x0
   \   00006F   8009         SJMP    ??zcl_SendConfigReportCmd_5
    961              {
    962                reportRec = &(cfgReportCmd->attrList[i]);
    963                
    964                *pBuf++ = reportRec->direction;
    965                *pBuf++ = LO_UINT16( reportRec->attrID );
    966                *pBuf++ = HI_UINT16( reportRec->attrID );
    967                
    968                if ( reportRec->direction == ZCL_SEND_ATTR_REPORTS )
    969                {
    970                  *pBuf++ = reportRec->dataType;
    971                  *pBuf++ = LO_UINT16( reportRec->minReportInt );
    972                  *pBuf++ = HI_UINT16( reportRec->minReportInt );
    973                  *pBuf++ = LO_UINT16( reportRec->maxReportInt );
    974                  *pBuf++ = HI_UINT16( reportRec->maxReportInt );
    975          
    976                  if ( zclAnalogDataType( reportRec->dataType ) )
    977                  {
    978                    zclSerializeData( reportRec->dataType, reportRec->reportableChange, pBuf );
    979                    reportChangeLen = zclGetDataTypeLength( reportRec->dataType );
    980                    pBuf += reportChangeLen;
    981                  }
    982                }
    983                else
    984                {
    985                  *pBuf++ = LO_UINT16( reportRec->timeoutPeriod );
   \                     ??zcl_SendConfigReportCmd_6:
   \   000071   E5..         MOV     A,?V0 + 0
   \   000073   2408         ADD     A,#0x8
   \   000075   12....       LCALL   ?Subroutine26 & 0xFFFF
    986                  *pBuf++ = HI_UINT16( reportRec->timeoutPeriod );
    987                } 
   \                     ??CrossCallReturnLabel_39:
   \   000078   05..         INC     ?V0 + 2
   \                     ??zcl_SendConfigReportCmd_5:
   \   00007A   7415         MOV     A,#0x15
   \   00007C   12....       LCALL   ?XSTACK_DISP0_8
   \   00007F   12....       LCALL   ?Subroutine52 & 0xFFFF
   \                     ??CrossCallReturnLabel_81:
   \   000082   5057         JNC     ??zcl_SendConfigReportCmd_7
   \   000084   E5..         MOV     A,?V0 + 2
   \   000086   75F00C       MOV     B,#0xc
   \   000089   A4           MUL     AB
   \   00008A   F8           MOV     R0,A
   \   00008B   A9F0         MOV     R1,B
   \   00008D   7415         MOV     A,#0x15
   \   00008F   12....       LCALL   ?XSTACK_DISP0_8
   \   000092   12....       LCALL   ?Subroutine20 & 0xFFFF
   \                     ??CrossCallReturnLabel_351:
   \   000095   A882         MOV     R0,DPL
   \   000097   A983         MOV     R1,DPH
   \   000099   12....       LCALL   ??Subroutine204_0 & 0xFFFF
   \                     ??CrossCallReturnLabel_335:
   \   00009C   8882         MOV     DPL,R0
   \   00009E   8983         MOV     DPH,R1
   \   0000A0   12....       LCALL   ?Subroutine41 & 0xFFFF
   \                     ??CrossCallReturnLabel_337:
   \   0000A3   A3           INC     DPTR
   \   0000A4   A983         MOV     R1,DPH
   \   0000A6   85..82       MOV     DPL,?V0 + 0
   \   0000A9   85..83       MOV     DPH,?V0 + 1
   \   0000AC   E0           MOVX    A,@DPTR
   \   0000AD   70C2         JNZ     ??zcl_SendConfigReportCmd_6
   \   0000AF   E5..         MOV     A,?V0 + 0
   \   0000B1   2403         ADD     A,#0x3
   \   0000B3   12....       LCALL   ?Subroutine99 & 0xFFFF
   \                     ??CrossCallReturnLabel_185:
   \   0000B6   2404         ADD     A,#0x4
   \   0000B8   12....       LCALL   ?Subroutine21 & 0xFFFF
   \                     ??CrossCallReturnLabel_28:
   \   0000BB   2406         ADD     A,#0x6
   \   0000BD   12....       LCALL   ?Subroutine16 & 0xFFFF
   \                     ??CrossCallReturnLabel_15:
   \   0000C0   60B6         JZ      ??CrossCallReturnLabel_39
   \   0000C2                ; Setup parameters for call to function zclSerializeData
   \   0000C2   EE           MOV     A,R6
   \   0000C3   FC           MOV     R4,A
   \   0000C4   EF           MOV     A,R7
   \   0000C5   FD           MOV     R5,A
   \   0000C6   85..82       MOV     DPL,?V0 + 0
   \   0000C9   85..83       MOV     DPH,?V0 + 1
   \   0000CC   A3           INC     DPTR
   \   0000CD   A3           INC     DPTR
   \   0000CE   A3           INC     DPTR
   \   0000CF   A3           INC     DPTR
   \   0000D0   A3           INC     DPTR
   \   0000D1   A3           INC     DPTR
   \   0000D2   A3           INC     DPTR
   \   0000D3   A3           INC     DPTR
   \   0000D4   A3           INC     DPTR
   \   0000D5   A3           INC     DPTR
   \   0000D6   12....       LCALL   ?Subroutine51 & 0xFFFF
    988              } // for loop
   \                     ??CrossCallReturnLabel_78:
   \   0000D9   809D         SJMP    ??CrossCallReturnLabel_39
    989              
    990              status = zcl_SendCommand( srcEP, dstAddr, clusterID, ZCL_CMD_CONFIG_REPORT, FALSE, 
    991                                        direction, disableDefaultRsp, 0, seqNum, dataLen, buf );
   \                     ??zcl_SendConfigReportCmd_7:
   \   0000DB                ; Setup parameters for call to function zcl_SendCommand
   \   0000DB   78..         MOV     R0,#?V0 + 6
   \   0000DD   12....       LCALL   ?PUSH_XSTACK_I_TWO
   \   0000E0   E5..         MOV     A,?V0 + 3
   \   0000E2   F5..         MOV     ?V0 + 0,A
   \   0000E4   78..         MOV     R0,#?V0 + 0
   \   0000E6   12....       LCALL   ?PUSH_XSTACK_I_ONE
   \   0000E9   741C         MOV     A,#0x1c
   \   0000EB   12....       LCALL   ?XSTACK_DISP0_8
   \   0000EE   12....       LCALL   ??Subroutine213_0 & 0xFFFF
   \                     ??CrossCallReturnLabel_382:
   \   0000F1   12....       LCALL   ?PUSH_XSTACK_I_ONE
   \   0000F4   E4           CLR     A
   \   0000F5   F5..         MOV     ?V0 + 0,A
   \   0000F7   F5..         MOV     ?V0 + 1,A
   \   0000F9   78..         MOV     R0,#?V0 + 0
   \   0000FB   12....       LCALL   ?PUSH_XSTACK_I_TWO
   \   0000FE   741E         MOV     A,#0x1e
   \   000100   12....       LCALL   ?XSTACK_DISP0_8
   \   000103   12....       LCALL   ??Subroutine213_0 & 0xFFFF
   \                     ??CrossCallReturnLabel_383:
   \   000106   12....       LCALL   ?PUSH_XSTACK_I_ONE
   \   000109   741E         MOV     A,#0x1e
   \   00010B   12....       LCALL   ?XSTACK_DISP0_8
   \   00010E   12....       LCALL   ??Subroutine213_0 & 0xFFFF
   \                     ??CrossCallReturnLabel_384:
   \   000111   12....       LCALL   ?PUSH_XSTACK_I_ONE
   \   000114   75..00       MOV     ?V0 + 0,#0x0
   \   000117   78..         MOV     R0,#?V0 + 0
   \   000119   12....       LCALL   ?PUSH_XSTACK_I_ONE
   \   00011C   75..06       MOV     ?V0 + 0,#0x6
   \   00011F   78..         MOV     R0,#?V0 + 0
   \   000121   12....       LCALL   ?PUSH_XSTACK_I_ONE
   \   000124   740B         MOV     A,#0xb
   \   000126   12....       LCALL   ?XSTACK_DISP0_8
   \   000129   12....       LCALL   ?Subroutine55 & 0xFFFF
   \                     ??CrossCallReturnLabel_106:
   \   00012C   12....       LCALL   ?XSTACK_DISP0_8
   \   00012F   12....       LCALL   ?Subroutine54 & 0xFFFF
   \                     ??CrossCallReturnLabel_97:
   \   000132   12....       LCALL   ?XSTACK_DISP0_8
   \   000135   12....       LCALL   ?Subroutine53 & 0xFFFF
   \                     ??CrossCallReturnLabel_88:
   \   000138   12....       LCALL   ?DEALLOC_XSTACK8
   \   00013B   E9           MOV     A,R1
   \   00013C   FE           MOV     R6,A
    992              osal_mem_free( buf );
   \   00013D                ; Setup parameters for call to function osal_mem_free
   \   00013D   AA..         MOV     R2,?V0 + 6
   \   00013F   AB..         MOV     R3,?V0 + 7
   \   000141   12....       LCALL   ??osal_mem_free?relay
   \   000144   8002         SJMP    ??zcl_SendConfigReportCmd_8
    993            }
    994            else
    995              status = ZMemError;
   \                     ??zcl_SendConfigReportCmd_4:
   \   000146   7E10         MOV     R6,#0x10
    996            
    997            return ( status );
   \                     ??zcl_SendConfigReportCmd_8:
   \   000148                REQUIRE ?Subroutine7
   \   000148                ; // Fall through to label ?Subroutine7
    998          }

   \                                 In  segment BANKED_CODE, align 1, keep-with-next
   \                     ?Subroutine113:
   \   000000   85....       MOV     ?V0 + 0,?V0 + 3
   \   000003   AA..         MOV     R2,?V0 + 0
   \   000005                REQUIRE ??Subroutine207_0
   \   000005                ; // Fall through to label ??Subroutine207_0

   \                                 In  segment BANKED_CODE, align 1, keep-with-next
   \                     ??Subroutine207_0:
   \   000000   7B00         MOV     R3,#0x0
   \   000002   12....       LCALL   ??osal_mem_alloc?relay
   \   000005   8A..         MOV     ?V0 + 6,R2
   \   000007   8B..         MOV     ?V0 + 7,R3
   \   000009   EA           MOV     A,R2
   \   00000A   45..         ORL     A,?V0 + 7
   \   00000C   22           RET

   \                                 In  segment BANKED_CODE, align 1, keep-with-next
   \                     ?Subroutine20:
   \   000000   12....       LCALL   ?Subroutine168 & 0xFFFF
   \                     ??CrossCallReturnLabel_277:
   \   000003                REQUIRE ??Subroutine208_0
   \   000003                ; // Fall through to label ??Subroutine208_0

   \                                 In  segment BANKED_CODE, align 1, keep-with-next
   \                     ?Subroutine119:
   \   000000   FE           MOV     R6,A
   \   000001   E5..         MOV     A,?V0 + 1
   \   000003   12....       LCALL   ?Subroutine176 & 0xFFFF
   \                     ??CrossCallReturnLabel_296:
   \   000006   12....       LCALL   ??zclAnalogDataType?relay
   \   000009   E9           MOV     A,R1
   \   00000A   22           RET

   \                                 In  segment BANKED_CODE, align 1, keep-with-next
   \                     ?Subroutine101:
   \   000000   8E82         MOV     DPL,R6
   \   000002   8F83         MOV     DPH,R7
   \   000004   12....       LCALL   ?Subroutine160 & 0xFFFF
   \                     ??CrossCallReturnLabel_267:
   \   000007   25..         ADD     A,?V0 + 3
   \   000009   F5..         MOV     ?V0 + 3,A
   \   00000B   22           RET

   \                                 In  segment BANKED_CODE, align 1, keep-with-next
   \                     ?Subroutine99:
   \   000000   F5..         MOV     ?V0 + 4,A
   \   000002   E5..         MOV     A,?V0 + 1
   \   000004   12....       LCALL   ?Subroutine173 & 0xFFFF
   \                     ??CrossCallReturnLabel_288:
   \   000007   12....       LCALL   ?Subroutine163 & 0xFFFF
   \                     ??CrossCallReturnLabel_271:
   \   00000A   E5..         MOV     A,?V0 + 0
   \   00000C   22           RET

   \                                 In  segment BANKED_CODE, align 1, keep-with-next
   \                     ?Subroutine52:
   \   000000   12....       LCALL   ?Subroutine139 & 0xFFFF
   \                     ??CrossCallReturnLabel_242:
   \   000003   E5..         MOV     A,?V0 + 2
   \   000005   C3           CLR     C
   \   000006   98           SUBB    A,R0
   \   000007   22           RET

   \                                 In  segment BANKED_CODE, align 1, keep-with-next
   \                     ?Subroutine51:
   \   000000   12....       LCALL   ?Subroutine150 & 0xFFFF
   \                     ??CrossCallReturnLabel_434:
   \   000003   85..82       MOV     DPL,?V0 + 4
   \   000006   85..83       MOV     DPH,?V0 + 5
   \   000009   12....       LCALL   ??Subroutine201_0 & 0xFFFF
   \                     ??CrossCallReturnLabel_325:
   \   00000C                ; Setup parameters for call to function zclGetDataTypeLength
   \   00000C                ; Setup parameters for call to function zclGetDataTypeLength
   \   00000C   85..82       MOV     DPL,?V0 + 4
   \   00000F   85..83       MOV     DPH,?V0 + 5
   \   000012   12....       LCALL   ?Subroutine160 & 0xFFFF
   \                     ??CrossCallReturnLabel_268:
   \   000015   12....       LCALL   ?Subroutine171 & 0xFFFF
   \                     ??CrossCallReturnLabel_284:
   \   000018   22           RET

   \                                 In  segment BANKED_CODE, align 1, keep-with-next
   \                     ?Subroutine160:
   \   000000   E0           MOVX    A,@DPTR
   \   000001   F9           MOV     R1,A
   \   000002   12....       LCALL   ??zclGetDataTypeLength?relay
   \   000005   E9           MOV     A,R1
   \   000006   22           RET

   \                                 In  segment BANKED_CODE, align 1, keep-with-next
   \                     ?Subroutine34:
   \   000000   EC           MOV     A,R4
   \   000001   F0           MOVX    @DPTR,A
   \   000002   A3           INC     DPTR
   \   000003   ED           MOV     A,R5
   \   000004   F0           MOVX    @DPTR,A
   \   000005   75..00       MOV     ?V0 + 3,#0x0
   \   000008   75..00       MOV     ?V0 + 2,#0x0
   \   00000B   22           RET

   \                                 In  segment BANKED_CODE, align 1, keep-with-next
   \                     ?Subroutine26:
   \   000000   FA           MOV     R2,A
   \   000001   E5..         MOV     A,?V0 + 1
   \   000003   3400         ADDC    A,#0x0
   \   000005   FB           MOV     R3,A
   \   000006   8A82         MOV     DPL,R2
   \   000008   8B83         MOV     DPH,R3
   \   00000A   12....       LCALL   ?Subroutine163 & 0xFFFF
   \                     ??CrossCallReturnLabel_270:
   \   00000D   8A82         MOV     DPL,R2
   \   00000F   8B83         MOV     DPH,R3
   \   000011   12....       LCALL   ?Subroutine132 & 0xFFFF
   \                     ??CrossCallReturnLabel_367:
   \   000014   22           RET

   \                                 In  segment BANKED_CODE, align 1, keep-with-next
   \                     ?Subroutine163:
   \   000000   12....       LCALL   ?Subroutine195 & 0xFFFF
   \                     ??CrossCallReturnLabel_372:
   \   000003   0E           INC     R6
   \   000004   E9           MOV     A,R1
   \   000005   FF           MOV     R7,A
   \   000006   22           RET

   \                                 In  segment BANKED_CODE, align 1, keep-with-next
   \                     ?Subroutine21:
   \   000000   08           INC     R0
   \   000001   12....       LCALL   ?Subroutine129 & 0xFFFF
   \                     ??CrossCallReturnLabel_232:
   \   000004   E5..         MOV     A,?V0 + 0
   \   000006   22           RET

   \                                 In  segment BANKED_CODE, align 1, keep-with-next
   \                     ?Subroutine16:
   \   000000   12....       LCALL   ?Subroutine129 & 0xFFFF
   \                     ??CrossCallReturnLabel_233:
   \   000003                ; Setup parameters for call to function zclAnalogDataType
   \   000003                ; Setup parameters for call to function zclAnalogDataType
   \   000003   85..82       MOV     DPL,?V0 + 4
   \   000006   85..83       MOV     DPH,?V0 + 5
   \   000009   E0           MOVX    A,@DPTR
   \   00000A   F9           MOV     R1,A
   \   00000B   12....       LCALL   ??zclAnalogDataType?relay
   \   00000E   E9           MOV     A,R1
   \   00000F   22           RET

   \                                 In  segment BANKED_CODE, align 1, keep-with-next
   \                     ?Subroutine129:
   \   000000   08           INC     R0
   \   000001   08           INC     R0
   \   000002   E5..         MOV     A,?V0 + 1
   \   000004   12....       LCALL   ?Subroutine197 & 0xFFFF
   \                     ??CrossCallReturnLabel_311:
   \   000007   12....       LCALL   ?Subroutine184 & 0xFFFF
   \                     ??CrossCallReturnLabel_369:
   \   00000A   8882         MOV     DPL,R0
   \   00000C   8983         MOV     DPH,R1
   \   00000E   A3           INC     DPTR
   \   00000F   12....       LCALL   ?Subroutine184 & 0xFFFF
   \                     ??CrossCallReturnLabel_370:
   \   000012   22           RET

   \                                 In  segment BANKED_CODE, align 1, keep-with-next
   \                     ?Subroutine168:
   \   000000   12....       LCALL   ?Subroutine196 & 0xFFFF
   \                     ??CrossCallReturnLabel_514:
   \   000003   22           RET

   \                                 In  segment BANKED_CODE, align 1, keep-with-next
   \                     ?Subroutine196:
   \   000000   E0           MOVX    A,@DPTR
   \   000001   28           ADD     A,R0
   \   000002   FA           MOV     R2,A
   \   000003   A3           INC     DPTR
   \   000004   E0           MOVX    A,@DPTR
   \   000005   39           ADDC    A,R1
   \   000006   8A82         MOV     DPL,R2
   \   000008   22           RET

   \                                 In  segment BANKED_CODE, align 1, keep-with-next
   \                     ??Subroutine234_0:
   \   000000   12....       LCALL   ?Subroutine141 & 0xFFFF
   \                     ??CrossCallReturnLabel_511:
   \   000003   22           RET

   \                                 In  segment BANKED_CODE, align 1, keep-with-next
   \                     ?Subroutine141:
   \   000000   12....       LCALL   ?Subroutine186 & 0xFFFF
   \                     ??CrossCallReturnLabel_513:
   \   000003   8582..       MOV     ?V0 + 0,DPL
   \   000006   8583..       MOV     ?V0 + 1,DPH
   \   000009   22           RET

   \                                 In  segment BANKED_CODE, align 1, keep-with-next
   \                     ?Subroutine176:
   \   000000   3400         ADDC    A,#0x0
   \   000002   FF           MOV     R7,A
   \   000003                ; Setup parameters for call to function zclAnalogDataType
   \   000003                ; Setup parameters for call to function zclAnalogDataType
   \   000003   8E82         MOV     DPL,R6
   \   000005   8F83         MOV     DPH,R7
   \   000007   E0           MOVX    A,@DPTR
   \   000008   F9           MOV     R1,A
   \   000009   22           RET

   \                                 In  segment BANKED_CODE, align 1, keep-with-next
   \                     ?Subroutine186:
   \   000000   12....       LCALL   ?Subroutine196 & 0xFFFF
   \                     ??CrossCallReturnLabel_515:
   \   000003   F583         MOV     DPH,A
   \   000005   A3           INC     DPTR
   \   000006   22           RET

   \                                 In  segment BANKED_CODE, align 1, keep-with-next
   \                     ?Subroutine139:
   \   000000   12....       LCALL   ?Subroutine188 & 0xFFFF
   \                     ??CrossCallReturnLabel_632:
   \   000003   E0           MOVX    A,@DPTR
   \   000004   F8           MOV     R0,A
   \   000005   22           RET

   \                                 In  segment BANKED_CODE, align 1, keep-with-next
   \                     ?Subroutine188:
   \   000000   E0           MOVX    A,@DPTR
   \   000001   F8           MOV     R0,A
   \   000002                REQUIRE ??Subroutine252_0
   \   000002                ; // Fall through to label ??Subroutine252_0

   \                                 In  segment BANKED_CODE, align 1, keep-with-next
   \                     ??Subroutine252_0:
   \   000000   A3           INC     DPTR
   \   000001                REQUIRE ??Subroutine253_0
   \   000001                ; // Fall through to label ??Subroutine253_0

   \                                 In  segment BANKED_CODE, align 1, keep-with-next
   \                     ??Subroutine253_0:
   \   000000   E0           MOVX    A,@DPTR
   \   000001   F583         MOV     DPH,A
   \   000003   8882         MOV     DPL,R0
   \   000005   22           RET
    999          
   1000          /*********************************************************************
   1001           * @fn      zcl_SendConfigReportRspCmd
   1002           *
   1003           * @brief   Send a Configure Reporting Response command
   1004           *
   1005           * @param   dstAddr - destination address
   1006           * @param   clusterID - cluster ID
   1007           * @param   cfgReportRspCmd - configure reporting response command to be sent
   1008           * @param   direction - direction of the command
   1009           * @param   seqNum - transaction sequence number
   1010           *
   1011           * @return  ZSuccess if OK
   1012           */

   \                                 In  segment BANKED_CODE, align 1, keep-with-next
   1013          ZStatus_t zcl_SendConfigReportRspCmd( uint8 srcEP, afAddrType_t *dstAddr,
   \                     zcl_SendConfigReportRspCmd:
   1014                              uint16 clusterID, zclCfgReportRspCmd_t *cfgReportRspCmd,
   1015                              uint8 direction, uint8 disableDefaultRsp, uint8 seqNum )
   1016          {
   \   000000   74F0         MOV     A,#-0x10
   \   000002   12....       LCALL   ?BANKED_ENTER_XDATA
   \   000005                ; Saved register size: 16
   \   000005                ; Auto size: 5
   \   000005   74FB         MOV     A,#-0x5
   \   000007   12....       LCALL   ?ALLOC_XSTACK8
   \   00000A   E9           MOV     A,R1
   \   00000B   85..82       MOV     DPL,?XSP + 0
   \   00000E   85..83       MOV     DPH,?XSP + 1
   \   000011   F0           MOVX    @DPTR,A
   \   000012   7403         MOV     A,#0x3
   \   000014   12....       LCALL   ?XSTACK_DISP0_8
   \   000017   12....       LCALL   ?Subroutine18 & 0xFFFF
   \                     ??CrossCallReturnLabel_22:
   \   00001A   12....       LCALL   ?XSTACK_DISP0_8
   \   00001D   12....       LCALL   ?Subroutine23 & 0xFFFF
   \                     ??CrossCallReturnLabel_34:
   \   000020   12....       LCALL   ?XSTACK_DISP0_8
   \   000023   12....       LCALL   ?Subroutine83 & 0xFFFF
   \                     ??CrossCallReturnLabel_153:
   \   000026   12....       LCALL   ?XSTACK_DISP0_8
   \   000029   12....       LCALL   ?Subroutine107 & 0xFFFF
   \                     ??CrossCallReturnLabel_204:
   \   00002C   12....       LCALL   ?XSTACK_DISP0_8
   \   00002F   12....       LCALL   ?Subroutine108 & 0xFFFF
   \                     ??CrossCallReturnLabel_208:
   \   000032   12....       LCALL   ?XSTACK_DISP0_8
   \   000035   E0           MOVX    A,@DPTR
   \   000036   F5..         MOV     ?V0 + 1,A
   1017            uint8 dataLen;
   1018            uint8 *buf;
   1019            uint8 *pBuf;
   1020            uint8 i;
   1021            ZStatus_t status;
   1022            
   1023            // Atrribute list (Status, Direction and Attribute ID)
   1024            dataLen = cfgReportRspCmd->numAttr * ( 1 + 1 + 2 ); 
   \   000038   8E82         MOV     DPL,R6
   \   00003A   8F83         MOV     DPH,R7
   \   00003C   E0           MOVX    A,@DPTR
   \   00003D   33           RLC     A
   \   00003E   33           RLC     A
   \   00003F   54FC         ANL     A,#0xfc
   \   000041   F5..         MOV     ?V0 + 0,A
   1025            
   1026            buf = osal_mem_alloc( dataLen );
   \   000043                ; Setup parameters for call to function osal_mem_alloc
   \   000043   FA           MOV     R2,A
   \   000044   7B00         MOV     R3,#0x0
   \   000046   12....       LCALL   ??osal_mem_alloc?relay
   \   000049   8A..         MOV     ?V0 + 2,R2
   \   00004B   8B..         MOV     ?V0 + 3,R3
   1027            if ( buf != NULL )
   \   00004D   EA           MOV     A,R2
   \   00004E   45..         ORL     A,?V0 + 3
   \   000050   7003         JNZ     $+5
   \   000052   02....       LJMP    ??zcl_SendConfigReportRspCmd_0 & 0xFFFF
   1028            {
   1029              // Load the buffer - serially
   1030              pBuf = buf; 
   1031              for ( i = 0; i < cfgReportRspCmd->numAttr; i++ )
   \   000055   7900         MOV     R1,#0x0
   \   000057   803F         SJMP    ??zcl_SendConfigReportRspCmd_1
   1032              {
   1033                *pBuf++ = cfgReportRspCmd->attrList[i].status;
   \                     ??zcl_SendConfigReportRspCmd_2:
   \   000059   89..         MOV     ?V0 + 4,R1
   \   00005B   75..00       MOV     ?V0 + 5,#0x0
   \   00005E   7402         MOV     A,#0x2
   \   000060   78..         MOV     R0,#?V0 + 4
   \   000062   12....       LCALL   ?S_SHL
   \   000065   EE           MOV     A,R6
   \   000066   25..         ADD     A,?V0 + 4
   \   000068   FC           MOV     R4,A
   \   000069   EF           MOV     A,R7
   \   00006A   35..         ADDC    A,?V0 + 5
   \   00006C   FD           MOV     R5,A
   \   00006D   8C82         MOV     DPL,R4
   \   00006F   8D83         MOV     DPH,R5
   \   000071   A3           INC     DPTR
   \   000072   12....       LCALL   ??Subroutine244_0 & 0xFFFF
   \                     ??CrossCallReturnLabel_564:
   \   000075   F0           MOVX    @DPTR,A
   \   000076   A3           INC     DPTR
   \   000077   AA82         MOV     R2,DPL
   \   000079   AB83         MOV     R3,DPH
   1034                *pBuf++ = cfgReportRspCmd->attrList[i].direction;
   \   00007B   8C82         MOV     DPL,R4
   \   00007D   8D83         MOV     DPH,R5
   \   00007F   12....       LCALL   ?Subroutine31 & 0xFFFF
   1035                *pBuf++ = LO_UINT16( cfgReportRspCmd->attrList[i].attrID );
   \                     ??CrossCallReturnLabel_361:
   \   000082   EC           MOV     A,R4
   \   000083   2403         ADD     A,#0x3
   \   000085   F5..         MOV     ?V0 + 4,A
   \   000087   ED           MOV     A,R5
   \   000088   12....       LCALL   ?Subroutine121 & 0xFFFF
   \                     ??CrossCallReturnLabel_222:
   \   00008B   12....       LCALL   ??Subroutine210_0 & 0xFFFF
   1036                *pBuf++ = HI_UINT16( cfgReportRspCmd->attrList[i].attrID );
   \                     ??CrossCallReturnLabel_357:
   \   00008E   85..82       MOV     DPL,?V0 + 4
   \   000091   85..83       MOV     DPH,?V0 + 5
   \   000094   12....       LCALL   ??Subroutine209_0 & 0xFFFF
   1037              }
   \                     ??CrossCallReturnLabel_359:
   \   000097   09           INC     R1
   \                     ??zcl_SendConfigReportRspCmd_1:
   \   000098   8E82         MOV     DPL,R6
   \   00009A   8F83         MOV     DPH,R7
   \   00009C   E0           MOVX    A,@DPTR
   \   00009D   F8           MOV     R0,A
   \   00009E   E9           MOV     A,R1
   \   00009F   C3           CLR     C
   \   0000A0   98           SUBB    A,R0
   \   0000A1   40B6         JC      ??zcl_SendConfigReportRspCmd_2
   1038              
   1039              // If there's only a single status record and its status field is set to 
   1040              // SUCCESS then omit the attribute ID field.
   1041              if ( cfgReportRspCmd->numAttr == 1 && cfgReportRspCmd->attrList[0].status == ZCL_STATUS_SUCCESS )
   \   0000A3   E0           MOVX    A,@DPTR
   \   0000A4   6401         XRL     A,#0x1
   \   0000A6   7007         JNZ     ??zcl_SendConfigReportRspCmd_3
   \   0000A8   A3           INC     DPTR
   \   0000A9   E0           MOVX    A,@DPTR
   \   0000AA   7003         JNZ     ??zcl_SendConfigReportRspCmd_3
   1042                dataLen = 1;
   \   0000AC   75..01       MOV     ?V0 + 0,#0x1
   1043              
   1044              status = zcl_SendCommand( srcEP, dstAddr, clusterID,
   1045                                        ZCL_CMD_CONFIG_REPORT_RSP, FALSE, direction, 
   1046                                        disableDefaultRsp, 0, seqNum, dataLen, buf );
   \                     ??zcl_SendConfigReportRspCmd_3:
   \   0000AF                ; Setup parameters for call to function zcl_SendCommand
   \   0000AF   78..         MOV     R0,#?V0 + 2
   \   0000B1   12....       LCALL   ?PUSH_XSTACK_I_TWO
   \   0000B4   78..         MOV     R0,#?V0 + 0
   \   0000B6   12....       LCALL   ?PUSH_XSTACK_I_ONE
   \   0000B9   E5..         MOV     A,?V0 + 1
   \   0000BB   F5..         MOV     ?V0 + 0,A
   \   0000BD   78..         MOV     R0,#?V0 + 0
   \   0000BF   12....       LCALL   ?PUSH_XSTACK_I_ONE
   \   0000C2   E4           CLR     A
   \   0000C3   F5..         MOV     ?V0 + 0,A
   \   0000C5   F5..         MOV     ?V0 + 1,A
   \   0000C7   78..         MOV     R0,#?V0 + 0
   \   0000C9   12....       LCALL   ?PUSH_XSTACK_I_TWO
   \   0000CC   E5..         MOV     A,?V0 + 6
   \   0000CE   F5..         MOV     ?V0 + 0,A
   \   0000D0   78..         MOV     R0,#?V0 + 0
   \   0000D2   12....       LCALL   ?PUSH_XSTACK_I_ONE
   \   0000D5   E5..         MOV     A,?V0 + 7
   \   0000D7   F5..         MOV     ?V0 + 0,A
   \   0000D9   78..         MOV     R0,#?V0 + 0
   \   0000DB   12....       LCALL   ?PUSH_XSTACK_I_ONE
   \   0000DE   75..00       MOV     ?V0 + 0,#0x0
   \   0000E1   78..         MOV     R0,#?V0 + 0
   \   0000E3   12....       LCALL   ?PUSH_XSTACK_I_ONE
   \   0000E6   75..07       MOV     ?V0 + 0,#0x7
   \   0000E9   78..         MOV     R0,#?V0 + 0
   \   0000EB   12....       LCALL   ?PUSH_XSTACK_I_ONE
   \   0000EE   740B         MOV     A,#0xb
   \   0000F0   12....       LCALL   ?XSTACK_DISP0_8
   \   0000F3   12....       LCALL   ?Subroutine55 & 0xFFFF
   \                     ??CrossCallReturnLabel_107:
   \   0000F6   12....       LCALL   ?XSTACK_DISP0_8
   \   0000F9   12....       LCALL   ?Subroutine54 & 0xFFFF
   \                     ??CrossCallReturnLabel_98:
   \   0000FC   12....       LCALL   ?XSTACK_DISP0_8
   \   0000FF   12....       LCALL   ?Subroutine53 & 0xFFFF
   \                     ??CrossCallReturnLabel_89:
   \   000102   12....       LCALL   ?DEALLOC_XSTACK8
   \   000105   E9           MOV     A,R1
   \   000106   FE           MOV     R6,A
   1047              osal_mem_free( buf );
   \   000107                ; Setup parameters for call to function osal_mem_free
   \   000107   AA..         MOV     R2,?V0 + 2
   \   000109   AB..         MOV     R3,?V0 + 3
   \   00010B   12....       LCALL   ??osal_mem_free?relay
   \   00010E   8002         SJMP    ??zcl_SendConfigReportRspCmd_4
   1048            }
   1049            else
   1050              status = ZMemError;
   \                     ??zcl_SendConfigReportRspCmd_0:
   \   000110   7E10         MOV     R6,#0x10
   1051            
   1052            return ( status );
   \                     ??zcl_SendConfigReportRspCmd_4:
   \   000112   02....       LJMP    ?Subroutine7 & 0xFFFF
   1053          }

   \                                 In  segment BANKED_CODE, align 1, keep-with-next
   \                     ?Subroutine31:
   \   000000   A3           INC     DPTR
   \   000001                REQUIRE ??Subroutine209_0
   \   000001                ; // Fall through to label ??Subroutine209_0

   \                                 In  segment BANKED_CODE, align 1, keep-with-next
   \                     ??Subroutine209_0:
   \   000000   A3           INC     DPTR
   \   000001                REQUIRE ??Subroutine210_0
   \   000001                ; // Fall through to label ??Subroutine210_0

   \                                 In  segment BANKED_CODE, align 1, keep-with-next
   \                     ??Subroutine210_0:
   \   000000   E0           MOVX    A,@DPTR
   \   000001                REQUIRE ??Subroutine211_0
   \   000001                ; // Fall through to label ??Subroutine211_0

   \                                 In  segment BANKED_CODE, align 1, keep-with-next
   \                     ??Subroutine211_0:
   \   000000   8A82         MOV     DPL,R2
   \   000002   8B83         MOV     DPH,R3
   \   000004   F0           MOVX    @DPTR,A
   \   000005   A3           INC     DPTR
   \   000006   0A           INC     R2
   \   000007   AB83         MOV     R3,DPH
   \   000009   22           RET

   \                                 In  segment BANKED_CODE, align 1, keep-with-next
   \                     ?Subroutine121:
   \   000000   12....       LCALL   ?Subroutine173 & 0xFFFF
   \                     ??CrossCallReturnLabel_289:
   \   000003   22           RET

   \                                 In  segment BANKED_CODE, align 1, keep-with-next
   \                     ??Subroutine244_0:
   \   000000   E0           MOVX    A,@DPTR
   \   000001   8A82         MOV     DPL,R2
   \   000003   8B83         MOV     DPH,R3
   \   000005   22           RET
   1054          
   1055          /*********************************************************************
   1056           * @fn      zcl_SendReadReportCfgCmd
   1057           *
   1058           * @brief   Send a Read Reporting Configuration command
   1059           *
   1060           * @param   dstAddr - destination address
   1061           * @param   clusterID - cluster ID
   1062           * @param   readReportCfgCmd - read reporting configuration command to be sent
   1063           * @param   direction - direction of the command
   1064           * @param   seqNum - transaction sequence number
   1065           *
   1066           * @return  ZSuccess if OK
   1067           */

   \                                 In  segment BANKED_CODE, align 1, keep-with-next
   1068          ZStatus_t zcl_SendReadReportCfgCmd( uint8 srcEP, afAddrType_t *dstAddr,
   \                     zcl_SendReadReportCfgCmd:
   1069                            uint16 clusterID, zclReadReportCfgCmd_t *readReportCfgCmd,
   1070                            uint8 direction, uint8 disableDefaultRsp, uint8 seqNum )
   1071          {
   \   000000   74F0         MOV     A,#-0x10
   \   000002   12....       LCALL   ?BANKED_ENTER_XDATA
   \   000005                ; Saved register size: 16
   \   000005                ; Auto size: 5
   \   000005   74FB         MOV     A,#-0x5
   \   000007   12....       LCALL   ?ALLOC_XSTACK8
   \   00000A   E9           MOV     A,R1
   \   00000B   85..82       MOV     DPL,?XSP + 0
   \   00000E   85..83       MOV     DPH,?XSP + 1
   \   000011   F0           MOVX    @DPTR,A
   \   000012   7403         MOV     A,#0x3
   \   000014   12....       LCALL   ?XSTACK_DISP0_8
   \   000017   12....       LCALL   ?Subroutine18 & 0xFFFF
   \                     ??CrossCallReturnLabel_23:
   \   00001A   12....       LCALL   ?XSTACK_DISP0_8
   \   00001D   12....       LCALL   ?Subroutine23 & 0xFFFF
   \                     ??CrossCallReturnLabel_35:
   \   000020   12....       LCALL   ?XSTACK_DISP0_8
   \   000023   12....       LCALL   ?Subroutine83 & 0xFFFF
   \                     ??CrossCallReturnLabel_154:
   \   000026   12....       LCALL   ?XSTACK_DISP0_8
   \   000029   12....       LCALL   ?Subroutine107 & 0xFFFF
   \                     ??CrossCallReturnLabel_205:
   \   00002C   12....       LCALL   ?XSTACK_DISP0_8
   \   00002F   12....       LCALL   ?Subroutine108 & 0xFFFF
   \                     ??CrossCallReturnLabel_209:
   \   000032   12....       LCALL   ?XSTACK_DISP0_8
   \   000035   12....       LCALL   ?Subroutine58 & 0xFFFF
   1072            uint8 dataLen;
   1073            uint8 *buf;
   1074            uint8 *pBuf;
   1075            uint8 i;
   1076            ZStatus_t status;
   1077           
   1078            dataLen = readReportCfgCmd->numAttr * ( 1 + 2 ); // Direction + Atrribute ID
   1079            
   1080            buf = osal_mem_alloc( dataLen );
   1081            if ( buf != NULL )
   \                     ??CrossCallReturnLabel_116:
   \   000038   6077         JZ      ??zcl_SendReadReportCfgCmd_0
   1082            {
   1083              // Load the buffer - serially
   1084              pBuf = buf;
   \   00003A   A8..         MOV     R0,?V0 + 0
   \   00003C   A9..         MOV     R1,?V0 + 1
   1085              for ( i = 0; i < readReportCfgCmd->numAttr; i++ )
   \   00003E   7C00         MOV     R4,#0x0
   \   000040   8003         SJMP    ??CrossCallReturnLabel_8
   1086              {
   1087                *pBuf++ = readReportCfgCmd->attrList[i].direction;
   \                     ??zcl_SendReadReportCfgCmd_1:
   \   000042   12....       LCALL   ?Subroutine11 & 0xFFFF
   1088                *pBuf++ = LO_UINT16( readReportCfgCmd->attrList[i].attrID );
   1089                *pBuf++ = HI_UINT16( readReportCfgCmd->attrList[i].attrID );
   1090              }
   \                     ??CrossCallReturnLabel_8:
   \   000045   8E82         MOV     DPL,R6
   \   000047   8F83         MOV     DPH,R7
   \   000049   E0           MOVX    A,@DPTR
   \   00004A   FA           MOV     R2,A
   \   00004B   EC           MOV     A,R4
   \   00004C   C3           CLR     C
   \   00004D   9A           SUBB    A,R2
   \   00004E   40F2         JC      ??zcl_SendReadReportCfgCmd_1
   1091              
   1092              status = zcl_SendCommand( srcEP, dstAddr, clusterID, ZCL_CMD_READ_REPORT_CFG, FALSE, 
   1093                                        direction, disableDefaultRsp, 0, seqNum, dataLen, buf );
   \   000050                ; Setup parameters for call to function zcl_SendCommand
   \   000050   78..         MOV     R0,#?V0 + 0
   \   000052   12....       LCALL   ?PUSH_XSTACK_I_TWO
   \   000055   78..         MOV     R0,#?V0 + 2
   \   000057   12....       LCALL   ?PUSH_XSTACK_I_ONE
   \   00005A   E5..         MOV     A,?V0 + 3
   \   00005C   F5..         MOV     ?V0 + 2,A
   \   00005E   78..         MOV     R0,#?V0 + 2
   \   000060   12....       LCALL   ?PUSH_XSTACK_I_ONE
   \   000063   E4           CLR     A
   \   000064   F5..         MOV     ?V0 + 2,A
   \   000066   F5..         MOV     ?V0 + 3,A
   \   000068   78..         MOV     R0,#?V0 + 2
   \   00006A   12....       LCALL   ?PUSH_XSTACK_I_TWO
   \   00006D   E5..         MOV     A,?V0 + 6
   \   00006F   F5..         MOV     ?V0 + 2,A
   \   000071   78..         MOV     R0,#?V0 + 2
   \   000073   12....       LCALL   ?PUSH_XSTACK_I_ONE
   \   000076   E5..         MOV     A,?V0 + 7
   \   000078   F5..         MOV     ?V0 + 2,A
   \   00007A   78..         MOV     R0,#?V0 + 2
   \   00007C   12....       LCALL   ?PUSH_XSTACK_I_ONE
   \   00007F   75..00       MOV     ?V0 + 2,#0x0
   \   000082   78..         MOV     R0,#?V0 + 2
   \   000084   12....       LCALL   ?PUSH_XSTACK_I_ONE
   \   000087   75..08       MOV     ?V0 + 2,#0x8
   \   00008A   78..         MOV     R0,#?V0 + 2
   \   00008C   12....       LCALL   ?PUSH_XSTACK_I_ONE
   \   00008F   740B         MOV     A,#0xb
   \   000091   12....       LCALL   ?XSTACK_DISP0_8
   \   000094   12....       LCALL   ?Subroutine55 & 0xFFFF
   \                     ??CrossCallReturnLabel_108:
   \   000097   12....       LCALL   ?XSTACK_DISP0_8
   \   00009A   12....       LCALL   ?Subroutine54 & 0xFFFF
   \                     ??CrossCallReturnLabel_99:
   \   00009D   12....       LCALL   ?XSTACK_DISP0_8
   \   0000A0   12....       LCALL   ?Subroutine53 & 0xFFFF
   \                     ??CrossCallReturnLabel_90:
   \   0000A3   12....       LCALL   ?DEALLOC_XSTACK8
   \   0000A6   E9           MOV     A,R1
   \   0000A7   FE           MOV     R6,A
   1094              osal_mem_free( buf );
   \   0000A8                ; Setup parameters for call to function osal_mem_free
   \   0000A8   AA..         MOV     R2,?V0 + 0
   \   0000AA   AB..         MOV     R3,?V0 + 1
   \   0000AC   12....       LCALL   ??osal_mem_free?relay
   \   0000AF   8002         SJMP    ??zcl_SendReadReportCfgCmd_2
   1095            }
   1096            else
   1097              status = ZMemError;
   \                     ??zcl_SendReadReportCfgCmd_0:
   \   0000B1   7E10         MOV     R6,#0x10
   1098            
   1099            return ( status );
   \                     ??zcl_SendReadReportCfgCmd_2:
   \   0000B3   02....       LJMP    ?Subroutine7 & 0xFFFF
   1100          }
   1101          
   1102          /*********************************************************************
   1103           * @fn      zcl_SendReadReportCfgRspCmd
   1104           *
   1105           * @brief   Send a Read Reporting Configuration Response command
   1106           *
   1107           * @param   dstAddr - destination address
   1108           * @param   clusterID - cluster ID
   1109           * @param   readReportCfgRspCmd - read reporting configuration response command to be sent
   1110           * @param   direction - direction of the command
   1111           * @param   seqNum - transaction sequence number
   1112           *
   1113           * @return  ZSuccess if OK
   1114           */

   \                                 In  segment BANKED_CODE, align 1, keep-with-next
   1115          ZStatus_t zcl_SendReadReportCfgRspCmd( uint8 srcEP, afAddrType_t *dstAddr,
   \                     zcl_SendReadReportCfgRspCmd:
   1116                       uint16 clusterID, zclReadReportCfgRspCmd_t *readReportCfgRspCmd,
   1117                       uint8 direction, uint8 disableDefaultRsp, uint8 seqNum )
   1118          {
   \   000000   74F0         MOV     A,#-0x10
   \   000002   12....       LCALL   ?BANKED_ENTER_XDATA
   \   000005                ; Saved register size: 16
   \   000005                ; Auto size: 5
   \   000005   74FB         MOV     A,#-0x5
   \   000007   12....       LCALL   ?ALLOC_XSTACK8
   \   00000A   E9           MOV     A,R1
   \   00000B   85..82       MOV     DPL,?XSP + 0
   \   00000E   85..83       MOV     DPH,?XSP + 1
   \   000011   F0           MOVX    @DPTR,A
   \   000012   7403         MOV     A,#0x3
   \   000014   12....       LCALL   ?XSTACK_DISP0_8
   \   000017   12....       LCALL   ?Subroutine18 & 0xFFFF
   \                     ??CrossCallReturnLabel_24:
   \   00001A   12....       LCALL   ?XSTACK_DISP0_8
   \   00001D   12....       LCALL   ?Subroutine34 & 0xFFFF
   1119            uint8 *buf;
   1120            uint8 *pBuf;
   1121            uint8 dataLen = 0;
   1122            zclReportCfgRspRec_t *reportRspRec;
   1123            uint8 reportChangeLen;
   1124            uint8 i;
   1125            ZStatus_t status;
   1126          
   1127            // Find out the data length
   1128            for ( i = 0; i < readReportCfgRspCmd->numAttr; i++ )
   \                     ??CrossCallReturnLabel_50:
   \   000020   8006         SJMP    ??zcl_SendReadReportCfgRspCmd_0
   1129            {
   1130              reportRspRec = &(readReportCfgRspCmd->attrList[i]);
   1131              
   1132              dataLen += 1 + 1 + 2 ; // Status, Direction and Atrribute ID
   1133              
   1134              if ( reportRspRec->status == ZCL_STATUS_SUCCESS )
   1135              {
   1136                if ( reportRspRec->direction == ZCL_SEND_ATTR_REPORTS )
   1137                {
   1138                  dataLen += 1 + 2 + 2; // Data Type + Min + Max Reporting Intervals
   1139                
   1140                  if ( zclAnalogDataType( reportRspRec->dataType ) )
   1141                  {
   1142                    reportChangeLen = zclGetDataTypeLength( reportRspRec->dataType );
   1143                    dataLen += reportChangeLen; // Reportable Change field
   1144                  }
   1145                }
   1146                else
   1147                {
   1148                  dataLen += 2; // Timeout Period
   \                     ??zcl_SendReadReportCfgRspCmd_1:
   \   000022   05..         INC     ?V0 + 3
   \   000024   05..         INC     ?V0 + 3
   1149                }
   \                     ??zcl_SendReadReportCfgRspCmd_2:
   \   000026   05..         INC     ?V0 + 2
   \                     ??zcl_SendReadReportCfgRspCmd_0:
   \   000028   7415         MOV     A,#0x15
   \   00002A   12....       LCALL   ?XSTACK_DISP0_8
   \   00002D   12....       LCALL   ?Subroutine52 & 0xFFFF
   \                     ??CrossCallReturnLabel_82:
   \   000030   5030         JNC     ??zcl_SendReadReportCfgRspCmd_3
   \   000032   E5..         MOV     A,?V0 + 2
   \   000034   75F00D       MOV     B,#0xd
   \   000037   A4           MUL     AB
   \   000038   F8           MOV     R0,A
   \   000039   A9F0         MOV     R1,B
   \   00003B   7415         MOV     A,#0x15
   \   00003D   12....       LCALL   ?XSTACK_DISP0_8
   \   000040   12....       LCALL   ?Subroutine75 & 0xFFFF
   \                     ??CrossCallReturnLabel_142:
   \   000043   25..         ADD     A,?V0 + 3
   \   000045   F5..         MOV     ?V0 + 3,A
   \   000047   E0           MOVX    A,@DPTR
   \   000048   70DC         JNZ     ??zcl_SendReadReportCfgRspCmd_2
   \   00004A   A3           INC     DPTR
   \   00004B   E0           MOVX    A,@DPTR
   \   00004C   70D4         JNZ     ??zcl_SendReadReportCfgRspCmd_1
   \   00004E   7405         MOV     A,#0x5
   \   000050   25..         ADD     A,?V0 + 3
   \   000052   F5..         MOV     ?V0 + 3,A
   \   000054   E5..         MOV     A,?V0 + 0
   \   000056   2404         ADD     A,#0x4
   \   000058   12....       LCALL   ?Subroutine119 & 0xFFFF
   \                     ??CrossCallReturnLabel_221:
   \   00005B   60C9         JZ      ??zcl_SendReadReportCfgRspCmd_2
   \   00005D                ; Setup parameters for call to function zclGetDataTypeLength
   \   00005D   12....       LCALL   ?Subroutine101 & 0xFFFF
   1150              }
   1151            }
   \                     ??CrossCallReturnLabel_190:
   \   000060   80C4         SJMP    ??zcl_SendReadReportCfgRspCmd_2
   1152            
   1153            buf = osal_mem_alloc( dataLen );
   \                     ??zcl_SendReadReportCfgRspCmd_3:
   \   000062                ; Setup parameters for call to function osal_mem_alloc
   \   000062   12....       LCALL   ?Subroutine113 & 0xFFFF
   1154            if ( buf != NULL )
   \                     ??CrossCallReturnLabel_349:
   \   000065   7003         JNZ     $+5
   \   000067   02....       LJMP    ??zcl_SendReadReportCfgRspCmd_4 & 0xFFFF
   1155            {
   1156              // Load the buffer - serially
   1157              pBuf = buf;
   \   00006A   AE..         MOV     R6,?V0 + 6
   \   00006C   AF..         MOV     R7,?V0 + 7
   1158          
   1159              for ( i = 0; i < readReportCfgRspCmd->numAttr; i++ )
   \   00006E   75..00       MOV     ?V0 + 2,#0x0
   \   000071   8009         SJMP    ??zcl_SendReadReportCfgRspCmd_5
   1160              {
   1161                reportRspRec = &(readReportCfgRspCmd->attrList[i]);
   1162          
   1163                *pBuf++ = reportRspRec->status;
   1164                *pBuf++ = reportRspRec->direction;
   1165                *pBuf++ = LO_UINT16( reportRspRec->attrID );
   1166                *pBuf++ = HI_UINT16( reportRspRec->attrID );
   1167               
   1168                if ( reportRspRec->status == ZCL_STATUS_SUCCESS )
   1169                {
   1170                  if ( reportRspRec->direction == ZCL_SEND_ATTR_REPORTS )
   1171                  {
   1172                    *pBuf++ = reportRspRec->dataType;
   1173                    *pBuf++ = LO_UINT16( reportRspRec->minReportInt );
   1174                    *pBuf++ = HI_UINT16( reportRspRec->minReportInt );
   1175                    *pBuf++ = LO_UINT16( reportRspRec->maxReportInt );
   1176                    *pBuf++ = HI_UINT16( reportRspRec->maxReportInt );
   1177          
   1178                    if ( zclAnalogDataType( reportRspRec->dataType ) )
   1179                    {
   1180                      zclSerializeData( reportRspRec->dataType, 
   1181                                        reportRspRec->reportableChange, pBuf );
   1182                      reportChangeLen = zclGetDataTypeLength( reportRspRec->dataType );
   1183                      pBuf += reportChangeLen;
   1184                    }
   1185                  }
   1186                  else
   1187                  {
   1188                    *pBuf++ = LO_UINT16( reportRspRec->timeoutPeriod );
   \                     ??zcl_SendReadReportCfgRspCmd_6:
   \   000073   E5..         MOV     A,?V0 + 0
   \   000075   2409         ADD     A,#0x9
   \   000077   12....       LCALL   ?Subroutine26 & 0xFFFF
   1189                    *pBuf++ = HI_UINT16( reportRspRec->timeoutPeriod );
   1190                  }
   \                     ??CrossCallReturnLabel_40:
   \   00007A   05..         INC     ?V0 + 2
   \                     ??zcl_SendReadReportCfgRspCmd_5:
   \   00007C   7415         MOV     A,#0x15
   \   00007E   12....       LCALL   ?XSTACK_DISP0_8
   \   000081   12....       LCALL   ?Subroutine52 & 0xFFFF
   \                     ??CrossCallReturnLabel_83:
   \   000084   5051         JNC     ??zcl_SendReadReportCfgRspCmd_7
   \   000086   E5..         MOV     A,?V0 + 2
   \   000088   75F00D       MOV     B,#0xd
   \   00008B   A4           MUL     AB
   \   00008C   F8           MOV     R0,A
   \   00008D   A9F0         MOV     R1,B
   \   00008F   7415         MOV     A,#0x15
   \   000091   12....       LCALL   ?XSTACK_DISP0_8
   \   000094   12....       LCALL   ?Subroutine20 & 0xFFFF
   \                     ??CrossCallReturnLabel_352:
   \   000097   AA82         MOV     R2,DPL
   \   000099   AB83         MOV     R3,DPH
   \   00009B   12....       LCALL   ?Subroutine15 & 0xFFFF
   \                     ??CrossCallReturnLabel_14:
   \   00009E   12....       LCALL   ?Subroutine41 & 0xFFFF
   \                     ??CrossCallReturnLabel_338:
   \   0000A1   85..82       MOV     DPL,?V0 + 0
   \   0000A4   85..83       MOV     DPH,?V0 + 1
   \   0000A7   E0           MOVX    A,@DPTR
   \   0000A8   70D0         JNZ     ??CrossCallReturnLabel_40
   \   0000AA   8E82         MOV     DPL,R6
   \   0000AC   8F83         MOV     DPH,R7
   \   0000AE   A3           INC     DPTR
   \   0000AF   A983         MOV     R1,DPH
   \   0000B1   8A82         MOV     DPL,R2
   \   0000B3   8B83         MOV     DPH,R3
   \   0000B5   E0           MOVX    A,@DPTR
   \   0000B6   70BB         JNZ     ??zcl_SendReadReportCfgRspCmd_6
   \   0000B8   E5..         MOV     A,?V0 + 0
   \   0000BA   2404         ADD     A,#0x4
   \   0000BC   12....       LCALL   ?Subroutine99 & 0xFFFF
   \                     ??CrossCallReturnLabel_186:
   \   0000BF   2405         ADD     A,#0x5
   \   0000C1   12....       LCALL   ?Subroutine21 & 0xFFFF
   \                     ??CrossCallReturnLabel_29:
   \   0000C4   2407         ADD     A,#0x7
   \   0000C6   12....       LCALL   ?Subroutine16 & 0xFFFF
   \                     ??CrossCallReturnLabel_16:
   \   0000C9   60AF         JZ      ??CrossCallReturnLabel_40
   \   0000CB                ; Setup parameters for call to function zclSerializeData
   \   0000CB   EE           MOV     A,R6
   \   0000CC   FC           MOV     R4,A
   \   0000CD   EF           MOV     A,R7
   \   0000CE   FD           MOV     R5,A
   \   0000CF   12....       LCALL   ?Subroutine122 & 0xFFFF
   1191                }
   1192              }
   \                     ??CrossCallReturnLabel_624:
   \   0000D2   12....       LCALL   ?Subroutine51 & 0xFFFF
   \                     ??CrossCallReturnLabel_79:
   \   0000D5   80A3         SJMP    ??CrossCallReturnLabel_40
   1193             
   1194              status = zcl_SendCommand( srcEP, dstAddr, clusterID,
   1195                                        ZCL_CMD_READ_REPORT_CFG_RSP, FALSE,
   1196                                        direction, disableDefaultRsp, 0, seqNum, dataLen, buf );
   \                     ??zcl_SendReadReportCfgRspCmd_7:
   \   0000D7                ; Setup parameters for call to function zcl_SendCommand
   \   0000D7   78..         MOV     R0,#?V0 + 6
   \   0000D9   12....       LCALL   ?PUSH_XSTACK_I_TWO
   \   0000DC   E5..         MOV     A,?V0 + 3
   \   0000DE   F5..         MOV     ?V0 + 0,A
   \   0000E0   78..         MOV     R0,#?V0 + 0
   \   0000E2   12....       LCALL   ?PUSH_XSTACK_I_ONE
   \   0000E5   741C         MOV     A,#0x1c
   \   0000E7   12....       LCALL   ?XSTACK_DISP0_8
   \   0000EA   12....       LCALL   ??Subroutine213_0 & 0xFFFF
   \                     ??CrossCallReturnLabel_385:
   \   0000ED   12....       LCALL   ?PUSH_XSTACK_I_ONE
   \   0000F0   E4           CLR     A
   \   0000F1   F5..         MOV     ?V0 + 0,A
   \   0000F3   F5..         MOV     ?V0 + 1,A
   \   0000F5   78..         MOV     R0,#?V0 + 0
   \   0000F7   12....       LCALL   ?PUSH_XSTACK_I_TWO
   \   0000FA   741E         MOV     A,#0x1e
   \   0000FC   12....       LCALL   ?XSTACK_DISP0_8
   \   0000FF   12....       LCALL   ??Subroutine213_0 & 0xFFFF
   \                     ??CrossCallReturnLabel_386:
   \   000102   12....       LCALL   ?PUSH_XSTACK_I_ONE
   \   000105   741E         MOV     A,#0x1e
   \   000107   12....       LCALL   ?XSTACK_DISP0_8
   \   00010A   12....       LCALL   ??Subroutine213_0 & 0xFFFF
   \                     ??CrossCallReturnLabel_387:
   \   00010D   12....       LCALL   ?PUSH_XSTACK_I_ONE
   \   000110   75..00       MOV     ?V0 + 0,#0x0
   \   000113   78..         MOV     R0,#?V0 + 0
   \   000115   12....       LCALL   ?PUSH_XSTACK_I_ONE
   \   000118   75..09       MOV     ?V0 + 0,#0x9
   \   00011B   78..         MOV     R0,#?V0 + 0
   \   00011D   12....       LCALL   ?PUSH_XSTACK_I_ONE
   \   000120   740B         MOV     A,#0xb
   \   000122   12....       LCALL   ?XSTACK_DISP0_8
   \   000125   12....       LCALL   ?Subroutine55 & 0xFFFF
   \                     ??CrossCallReturnLabel_109:
   \   000128   12....       LCALL   ?XSTACK_DISP0_8
   \   00012B   12....       LCALL   ?Subroutine54 & 0xFFFF
   \                     ??CrossCallReturnLabel_100:
   \   00012E   12....       LCALL   ?XSTACK_DISP0_8
   \   000131   12....       LCALL   ?Subroutine53 & 0xFFFF
   \                     ??CrossCallReturnLabel_91:
   \   000134   12....       LCALL   ?DEALLOC_XSTACK8
   \   000137   E9           MOV     A,R1
   \   000138   FE           MOV     R6,A
   1197              osal_mem_free( buf );
   \   000139                ; Setup parameters for call to function osal_mem_free
   \   000139   AA..         MOV     R2,?V0 + 6
   \   00013B   AB..         MOV     R3,?V0 + 7
   \   00013D   12....       LCALL   ??osal_mem_free?relay
   \   000140   8002         SJMP    ??zcl_SendReadReportCfgRspCmd_8
   1198            }
   1199            else
   1200              status = ZMemError;
   \                     ??zcl_SendReadReportCfgRspCmd_4:
   \   000142   7E10         MOV     R6,#0x10
   1201            
   1202            return ( status );
   \                     ??zcl_SendReadReportCfgRspCmd_8:
   \   000144   02....       LJMP    ?Subroutine7 & 0xFFFF
   1203          }

   \                                 In  segment BANKED_CODE, align 1, keep-with-next
   \                     ?Subroutine75:
   \   000000   12....       LCALL   ?Subroutine141 & 0xFFFF
   \                     ??CrossCallReturnLabel_510:
   \   000003   7404         MOV     A,#0x4
   \   000005   22           RET

   \                                 In  segment BANKED_CODE, align 1, keep-with-next
   \                     ?Subroutine122:
   \   000000   E5..         MOV     A,?V0 + 0
   \   000002   240B         ADD     A,#0xb
   \   000004   F582         MOV     DPL,A
   \   000006   E5..         MOV     A,?V0 + 1
   \   000008                REQUIRE ??Subroutine254_0
   \   000008                ; // Fall through to label ??Subroutine254_0

   \                                 In  segment BANKED_CODE, align 1, keep-with-next
   \                     ??Subroutine254_0:
   \   000000   3400         ADDC    A,#0x0
   \   000002   F583         MOV     DPH,A
   \   000004   22           RET
   1204          
   1205          /*********************************************************************
   1206           * @fn      zcl_SendReportCmd
   1207           *
   1208           * @brief   Send a Report command
   1209           *
   1210           * @param   dstAddr - destination address
   1211           * @param   clusterID - cluster ID
   1212           * @param   reportCmd - report command to be sent
   1213           * @param   direction - direction of the command
   1214           * @param   seqNum - transaction sequence number
   1215           *
   1216           * @return  ZSuccess if OK
   1217           */

   \                                 In  segment BANKED_CODE, align 1, keep-with-next
   1218          ZStatus_t zcl_SendReportCmd( uint8 srcEP, afAddrType_t *dstAddr,
   \                     zcl_SendReportCmd:
   1219                                       uint16 clusterID, zclReportCmd_t *reportCmd,
   1220                                       uint8 direction, uint8 disableDefaultRsp, uint8 seqNum )
   1221          {
   \   000000   74F0         MOV     A,#-0x10
   \   000002   12....       LCALL   ?BANKED_ENTER_XDATA
   \   000005                ; Saved register size: 16
   \   000005                ; Auto size: 5
   \   000005   74FB         MOV     A,#-0x5
   \   000007   12....       LCALL   ?ALLOC_XSTACK8
   \   00000A   E9           MOV     A,R1
   \   00000B   85..82       MOV     DPL,?XSP + 0
   \   00000E   85..83       MOV     DPH,?XSP + 1
   \   000011   F0           MOVX    @DPTR,A
   \   000012   7403         MOV     A,#0x3
   \   000014   12....       LCALL   ?XSTACK_DISP0_8
   \   000017   12....       LCALL   ?Subroutine18 & 0xFFFF
   \                     ??CrossCallReturnLabel_25:
   \   00001A   12....       LCALL   ?XSTACK_DISP0_8
   \   00001D   12....       LCALL   ?Subroutine23 & 0xFFFF
   \                     ??CrossCallReturnLabel_36:
   \   000020   12....       LCALL   ?XSTACK_DISP0_8
   \   000023   12....       LCALL   ?Subroutine93 & 0xFFFF
   1222            zclReport_t *reportRec;
   1223            uint8 attrDataLen;
   1224            uint8 dataLen = 0;
   1225            uint8 *buf;
   1226            uint8 *pBuf;
   1227            uint8 i;
   1228            ZStatus_t status;
   1229            
   1230            // calculate the size of the command
   1231            for ( i = 0; i < reportCmd->numAttr; i++ )
   \                     ??CrossCallReturnLabel_173:
   \   000026   8003         SJMP    ??CrossCallReturnLabel_118
   1232            {
   1233              reportRec = &(reportCmd->attrList[i]);
   \                     ??zcl_SendReportCmd_0:
   \   000028   12....       LCALL   ?Subroutine59 & 0xFFFF
   1234              
   1235              dataLen += 2 + 1; // Attribute ID + data type
   1236          
   1237              attrDataLen = zclGetAttrDataLength( reportRec->dataType, reportRec->attrData );
   1238              dataLen += attrDataLen; // Attribute Data
   1239            }
   \                     ??CrossCallReturnLabel_118:
   \   00002B   12....       LCALL   ?Subroutine78 & 0xFFFF
   \                     ??CrossCallReturnLabel_346:
   \   00002E   40F8         JC      ??zcl_SendReportCmd_0
   1240            
   1241            buf = osal_mem_alloc( dataLen );
   \   000030                ; Setup parameters for call to function osal_mem_alloc
   \   000030   12....       LCALL   ?Subroutine112 & 0xFFFF
   1242            if ( buf != NULL )
   \                     ??CrossCallReturnLabel_340:
   \   000033   607C         JZ      ??zcl_SendReportCmd_1
   1243            {
   1244              // Load the buffer - serially
   1245              pBuf = buf;
   \   000035   AE..         MOV     R6,?V0 + 4
   \   000037   AF..         MOV     R7,?V0 + 5
   1246              for ( i = 0; i < reportCmd->numAttr; i++ )
   \   000039   75..00       MOV     ?V0 + 0,#0x0
   \   00003C   8003         SJMP    ??CrossCallReturnLabel_1
   1247              {
   1248                reportRec = &(reportCmd->attrList[i]);
   \                     ??zcl_SendReportCmd_2:
   \   00003E   12....       LCALL   ?Subroutine8 & 0xFFFF
   1249                
   1250                *pBuf++ = LO_UINT16( reportRec->attrID );
   1251                *pBuf++ = HI_UINT16( reportRec->attrID );
   1252                *pBuf++ = reportRec->dataType;
   1253          
   1254                zclSerializeData( reportRec->dataType, reportRec->attrData, pBuf );
   1255                attrDataLen = zclGetAttrDataLength( reportRec->dataType, reportRec->attrData );
   1256                pBuf += attrDataLen; // move pass attribute data
   1257              }
   \                     ??CrossCallReturnLabel_1:
   \   000041   12....       LCALL   ?Subroutine78 & 0xFFFF
   \                     ??CrossCallReturnLabel_347:
   \   000044   40F8         JC      ??zcl_SendReportCmd_2
   1258           
   1259              status = zcl_SendCommand( srcEP, dstAddr, clusterID, ZCL_CMD_REPORT, FALSE, 
   1260                                        direction, disableDefaultRsp, 0, seqNum, dataLen, buf );
   \   000046                ; Setup parameters for call to function zcl_SendCommand
   \   000046   78..         MOV     R0,#?V0 + 4
   \   000048   12....       LCALL   ?PUSH_XSTACK_I_TWO
   \   00004B   E5..         MOV     A,?V0 + 1
   \   00004D   F5..         MOV     ?V0 + 0,A
   \   00004F   78..         MOV     R0,#?V0 + 0
   \   000051   12....       LCALL   ?PUSH_XSTACK_I_ONE
   \   000054   741C         MOV     A,#0x1c
   \   000056   12....       LCALL   ?XSTACK_DISP0_8
   \   000059   12....       LCALL   ??Subroutine213_0 & 0xFFFF
   \                     ??CrossCallReturnLabel_388:
   \   00005C   12....       LCALL   ?PUSH_XSTACK_I_ONE
   \   00005F   E4           CLR     A
   \   000060   F5..         MOV     ?V0 + 0,A
   \   000062   F5..         MOV     ?V0 + 1,A
   \   000064   78..         MOV     R0,#?V0 + 0
   \   000066   12....       LCALL   ?PUSH_XSTACK_I_TWO
   \   000069   741E         MOV     A,#0x1e
   \   00006B   12....       LCALL   ?XSTACK_DISP0_8
   \   00006E   12....       LCALL   ??Subroutine213_0 & 0xFFFF
   \                     ??CrossCallReturnLabel_389:
   \   000071   12....       LCALL   ?PUSH_XSTACK_I_ONE
   \   000074   741E         MOV     A,#0x1e
   \   000076   12....       LCALL   ?XSTACK_DISP0_8
   \   000079   12....       LCALL   ??Subroutine213_0 & 0xFFFF
   \                     ??CrossCallReturnLabel_390:
   \   00007C   12....       LCALL   ?PUSH_XSTACK_I_ONE
   \   00007F   75..00       MOV     ?V0 + 0,#0x0
   \   000082   78..         MOV     R0,#?V0 + 0
   \   000084   12....       LCALL   ?PUSH_XSTACK_I_ONE
   \   000087   75..0A       MOV     ?V0 + 0,#0xa
   \   00008A   78..         MOV     R0,#?V0 + 0
   \   00008C   12....       LCALL   ?PUSH_XSTACK_I_ONE
   \   00008F   740B         MOV     A,#0xb
   \   000091   12....       LCALL   ?XSTACK_DISP0_8
   \   000094   12....       LCALL   ?Subroutine55 & 0xFFFF
   \                     ??CrossCallReturnLabel_110:
   \   000097   12....       LCALL   ?XSTACK_DISP0_8
   \   00009A   12....       LCALL   ?Subroutine54 & 0xFFFF
   \                     ??CrossCallReturnLabel_101:
   \   00009D   12....       LCALL   ?XSTACK_DISP0_8
   \   0000A0   12....       LCALL   ?Subroutine53 & 0xFFFF
   \                     ??CrossCallReturnLabel_92:
   \   0000A3   12....       LCALL   ?DEALLOC_XSTACK8
   \   0000A6   E9           MOV     A,R1
   \   0000A7   FE           MOV     R6,A
   1261              osal_mem_free( buf );
   \   0000A8                ; Setup parameters for call to function osal_mem_free
   \   0000A8   AA..         MOV     R2,?V0 + 4
   \   0000AA   AB..         MOV     R3,?V0 + 5
   \   0000AC   12....       LCALL   ??osal_mem_free?relay
   \   0000AF   8002         SJMP    ??zcl_SendReportCmd_3
   1262            }
   1263            else
   1264              status = ZMemError;
   \                     ??zcl_SendReportCmd_1:
   \   0000B1   7E10         MOV     R6,#0x10
   1265            
   1266            return ( status );
   \                     ??zcl_SendReportCmd_3:
   \   0000B3   02....       LJMP    ?Subroutine7 & 0xFFFF
   1267          }
   1268          #endif // ZCL_REPORT
   1269                 
   1270          /*********************************************************************
   1271           * @fn      zcl_SendDefaultRspCmd
   1272           *
   1273           * @brief   Send a Default Response command
   1274           *
   1275           * @param   dstAddr - destination address
   1276           * @param   clusterID - cluster ID
   1277           * @param   defaultRspCmd - default response command to be sent
   1278           * @param   direction - direction of the command
   1279           * @param   seqNum - transaction sequence number
   1280           *
   1281           * @return  ZSuccess if OK
   1282           */

   \                                 In  segment BANKED_CODE, align 1, keep-with-next
   1283          ZStatus_t zcl_SendDefaultRspCmd( uint8 srcEP, afAddrType_t *dstAddr,
   \                     zcl_SendDefaultRspCmd:
   1284                                      uint16 clusterID, zclDefaultRspCmd_t *defaultRspCmd,
   1285                                      uint8 direction, uint8 disableDefaultRsp, uint8 seqNum )
   1286          {
   \   000000   74F5         MOV     A,#-0xb
   \   000002   12....       LCALL   ?BANKED_ENTER_XDATA
   \   000005                ; Saved register size: 11
   \   000005                ; Auto size: 2
   \   000005   74FE         MOV     A,#-0x2
   \   000007   12....       LCALL   ?ALLOC_XSTACK8
   \   00000A   E9           MOV     A,R1
   \   00000B   FE           MOV     R6,A
   \   00000C   740D         MOV     A,#0xd
   \   00000E   12....       LCALL   ?XSTACK_DISP0_8
   \   000011   12....       LCALL   ?Subroutine98 & 0xFFFF
   \                     ??CrossCallReturnLabel_182:
   \   000014   89..         MOV     ?V0 + 1,R1
   \   000016   740F         MOV     A,#0xf
   \   000018   12....       LCALL   ?XSTACK_DISP0_8
   \   00001B   E0           MOVX    A,@DPTR
   \   00001C   F9           MOV     R1,A
   \   00001D   7410         MOV     A,#0x10
   \   00001F   12....       LCALL   ?XSTACK_DISP0_8
   \   000022   E0           MOVX    A,@DPTR
   \   000023   FF           MOV     R7,A
   \   000024   7411         MOV     A,#0x11
   \   000026   12....       LCALL   ?XSTACK_DISP0_8
   \   000029   E0           MOVX    A,@DPTR
   \   00002A   F5..         MOV     ?V0 + 2,A
   1287            uint8 buf[2]; // Command ID and Status;
   1288          
   1289            // Load the buffer - serially
   1290            buf[0] = defaultRspCmd->commandID;
   \   00002C   8882         MOV     DPL,R0
   \   00002E   85..83       MOV     DPH,?V0 + 1
   \   000031   12....       LCALL   ?Subroutine103 & 0xFFFF
   \                     ??CrossCallReturnLabel_195:
   \   000034   F0           MOVX    @DPTR,A
   1291            buf[1] = defaultRspCmd->statusCode;
   \   000035   8882         MOV     DPL,R0
   \   000037   85..83       MOV     DPH,?V0 + 1
   \   00003A   A3           INC     DPTR
   \   00003B   E0           MOVX    A,@DPTR
   \   00003C   C0E0         PUSH    A
   \   00003E   7401         MOV     A,#0x1
   \   000040   12....       LCALL   ?XSTACK_DISP0_8
   \   000043   D0E0         POP     A
   \   000045   F0           MOVX    @DPTR,A
   1292          
   1293            return ( zcl_SendCommand( srcEP, dstAddr, clusterID, ZCL_CMD_DEFAULT_RSP, FALSE,
   1294                                      direction, disableDefaultRsp, 0, seqNum, 2, buf ) ); 
   \   000046                ; Setup parameters for call to function zcl_SendCommand
   \   000046   85..82       MOV     DPL,?XSP + 0
   \   000049   85..83       MOV     DPH,?XSP + 1
   \   00004C   8582..       MOV     ?V0 + 0,DPL
   \   00004F   8583..       MOV     ?V0 + 1,DPH
   \   000052   78..         MOV     R0,#?V0 + 0
   \   000054   12....       LCALL   ?PUSH_XSTACK_I_TWO
   \   000057   75..02       MOV     ?V0 + 0,#0x2
   \   00005A   78..         MOV     R0,#?V0 + 0
   \   00005C   12....       LCALL   ?PUSH_XSTACK_I_ONE
   \   00005F   E5..         MOV     A,?V0 + 2
   \   000061   F5..         MOV     ?V0 + 0,A
   \   000063   78..         MOV     R0,#?V0 + 0
   \   000065   12....       LCALL   ?PUSH_XSTACK_I_ONE
   \   000068   E4           CLR     A
   \   000069   F5..         MOV     ?V0 + 0,A
   \   00006B   F5..         MOV     ?V0 + 1,A
   \   00006D   78..         MOV     R0,#?V0 + 0
   \   00006F   12....       LCALL   ?PUSH_XSTACK_I_TWO
   \   000072   EF           MOV     A,R7
   \   000073   F5..         MOV     ?V0 + 0,A
   \   000075   78..         MOV     R0,#?V0 + 0
   \   000077   12....       LCALL   ?PUSH_XSTACK_I_ONE
   \   00007A   E9           MOV     A,R1
   \   00007B   F5..         MOV     ?V0 + 0,A
   \   00007D   78..         MOV     R0,#?V0 + 0
   \   00007F   12....       LCALL   ?PUSH_XSTACK_I_ONE
   \   000082   75..00       MOV     ?V0 + 0,#0x0
   \   000085   78..         MOV     R0,#?V0 + 0
   \   000087   12....       LCALL   ?PUSH_XSTACK_I_ONE
   \   00008A   75..0B       MOV     ?V0 + 0,#0xb
   \   00008D   78..         MOV     R0,#?V0 + 0
   \   00008F   12....       LCALL   ?PUSH_XSTACK_I_ONE
   \   000092   EE           MOV     A,R6
   \   000093   F9           MOV     R1,A
   \   000094   12....       LCALL   ??zcl_SendCommand?relay
   \   000097   740A         MOV     A,#0xa
   \   000099   12....       LCALL   ?DEALLOC_XSTACK8
   \   00009C   7402         MOV     A,#0x2
   \   00009E   12....       LCALL   ?DEALLOC_XSTACK8
   \   0000A1   02....       LJMP    ?Subroutine3 & 0xFFFF
   1295          }

   \                                 In  segment BANKED_CODE, align 1, keep-with-next
   \                     ?Subroutine3:
   \   000000   7F03         MOV     R7,#0x3
   \   000002   02....       LJMP    ?BANKED_LEAVE_XDATA
   1296          
   1297          #ifdef ZCL_DISCOVER
   1298          /*********************************************************************
   1299           * @fn      zcl_SendDiscoverCmd
   1300           *
   1301           * @brief   Send a Discover command
   1302           *
   1303           * @param   dstAddr - destination address
   1304           * @param   clusterID - cluster ID
   1305           * @param   discoverCmd - discover command to be sent
   1306           * @param   direction - direction of the command
   1307           * @param   seqNum - transaction sequence number
   1308           *
   1309           * @return  ZSuccess if OK
   1310           */
   1311          ZStatus_t zcl_SendDiscoverCmd( uint8 srcEP, afAddrType_t *dstAddr,
   1312                                      uint16 clusterID, zclDiscoverCmd_t *discoverCmd,
   1313                                      uint8 direction, uint8 disableDefaultRsp, uint8 seqNum )
   1314          {
   1315            uint8 dataLen = 2 + 1; // Start Attribute ID and Max Attribute IDs
   1316            uint8 *buf;
   1317            uint8 *pBuf;
   1318            ZStatus_t status;
   1319            
   1320            buf = osal_mem_alloc( dataLen );
   1321            if ( buf != NULL )
   1322            {
   1323              // Load the buffer - serially
   1324              pBuf = buf;
   1325              *pBuf++ = LO_UINT16(discoverCmd->startAttr);
   1326              *pBuf++ = HI_UINT16(discoverCmd->startAttr);
   1327              *pBuf++ = discoverCmd->maxAttrIDs;
   1328              
   1329              status = zcl_SendCommand( srcEP, dstAddr, clusterID, ZCL_CMD_DISCOVER, FALSE, 
   1330                                        direction, disableDefaultRsp, 0, seqNum, dataLen, buf );
   1331              osal_mem_free( buf );
   1332            }
   1333            else
   1334              status = ZMemError;
   1335            
   1336            return ( status );
   1337          }
   1338          
   1339          /*********************************************************************
   1340           * @fn      zcl_SendDiscoverRspCmd
   1341           *
   1342           * @brief   Send a Discover Response command
   1343           *
   1344           * @param   dstAddr - destination address
   1345           * @param   clusterID - cluster ID
   1346           * @param   reportRspCmd - report response command to be sent
   1347           * @param   direction - direction of the command
   1348           * @param   seqNum - transaction sequence number
   1349           *
   1350           * @return  ZSuccess if OK
   1351           */
   1352          ZStatus_t zcl_SendDiscoverRspCmd( uint8 srcEP, afAddrType_t *dstAddr,
   1353                                uint16 clusterID, zclDiscoverRspCmd_t *discoverRspCmd,
   1354                                uint8 direction, uint8 disableDefaultRsp, uint8 seqNum )
   1355          {
   1356            uint8 dataLen = 1; // Discovery complete
   1357            uint8 *buf;
   1358            uint8 *pBuf;
   1359            uint8 i;
   1360            ZStatus_t status;
   1361            
   1362            // calculate the size of the command
   1363            dataLen += discoverRspCmd->numAttr * (2 + 1); // Attribute ID and Data Type
   1364            
   1365            buf = osal_mem_alloc( dataLen );
   1366            if ( buf != NULL )
   1367            {
   1368              // Load the buffer - serially
   1369              pBuf = buf;
   1370              *pBuf++ = discoverRspCmd->discComplete;    
   1371              for ( i = 0; i < discoverRspCmd->numAttr; i++ )
   1372              {
   1373                *pBuf++ = LO_UINT16(discoverRspCmd->attrList[i].attrID);
   1374                *pBuf++ = HI_UINT16(discoverRspCmd->attrList[i].attrID);
   1375                *pBuf++ = discoverRspCmd->attrList[i].dataType;
   1376              }
   1377              
   1378              status = zcl_SendCommand( srcEP, dstAddr, clusterID, ZCL_CMD_DISCOVER_RSP, FALSE,
   1379                                        direction, disableDefaultRsp, 0, seqNum, dataLen, buf );
   1380              osal_mem_free( buf );
   1381            }
   1382            else
   1383              status = ZMemError;
   1384            
   1385            return ( status );
   1386          }
   1387          #endif // ZCL_DISCOVER
   1388          
   1389          /*********************************************************************
   1390           * PRIVATE FUNCTIONS
   1391           *********************************************************************/
   1392          
   1393          /*********************************************************************
   1394           * @fn      zclProcessMessageMSG
   1395           *
   1396           * @brief   Data message processor callback.  This function processes
   1397           *          any incoming data - probably from other devices.  So, based
   1398           *          on cluster ID, perform the intended action.
   1399           *
   1400           * @param   pkt - incoming message
   1401           *
   1402           * @return  none
   1403           */

   \                                 In  segment BANKED_CODE, align 1, keep-with-next
   1404          static void zclProcessMessageMSG( afIncomingMSGPacket_t *pkt )
   \                     zclProcessMessageMSG:
   1405          {
   \   000000   74F0         MOV     A,#-0x10
   \   000002   12....       LCALL   ?BANKED_ENTER_XDATA
   \   000005                ; Saved register size: 16
   \   000005                ; Auto size: 19
   \   000005   74ED         MOV     A,#-0x13
   \   000007   12....       LCALL   ?ALLOC_XSTACK8
   \   00000A   EA           MOV     A,R2
   \   00000B   FE           MOV     R6,A
   \   00000C   EB           MOV     A,R3
   \   00000D   FF           MOV     R7,A
   1406            endPointDesc_t *epDesc;
   1407            zclIncoming_t inMsg;
   1408            zclLibPlugin_t *pInPlugin;
   1409            zclDefaultRspCmd_t defautlRspCmd;
   1410            uint8 options;
   1411            uint8 securityEnable;
   1412            uint8 interPanMsg;
   1413            ZStatus_t status = ZFailure;
   1414          
   1415            if ( pkt->cmd.DataLength == 0 )
   \   00000E   EE           MOV     A,R6
   \   00000F   241F         ADD     A,#0x1f
   \   000011   12....       LCALL   ?Subroutine118 & 0xFFFF
   \                     ??CrossCallReturnLabel_541:
   \   000014   12....       LCALL   ??Subroutine228_0 & 0xFFFF
   \                     ??CrossCallReturnLabel_476:
   \   000017   7003         JNZ     $+5
   \   000019   02....       LJMP    ??zclProcessMessageMSG_0 & 0xFFFF
   1416              return;   // Error, ignore the message
   1417          
   1418            // Initialize
   1419            inMsg.msg = pkt;
   \   00001C   7402         MOV     A,#0x2
   \   00001E   12....       LCALL   ?XSTACK_DISP0_8
   \   000021   EE           MOV     A,R6
   \   000022   F0           MOVX    @DPTR,A
   \   000023   A3           INC     DPTR
   \   000024   EF           MOV     A,R7
   \   000025   F0           MOVX    @DPTR,A
   1420            inMsg.attrCmd = NULL;
   \   000026   740D         MOV     A,#0xd
   \   000028   12....       LCALL   ?XSTACK_DISP0_8
   \   00002B   E4           CLR     A
   \   00002C   F0           MOVX    @DPTR,A
   \   00002D   A3           INC     DPTR
   \   00002E   F0           MOVX    @DPTR,A
   1421            inMsg.pData = NULL;
   \   00002F   740A         MOV     A,#0xa
   \   000031   12....       LCALL   ?XSTACK_DISP0_8
   \   000034   E4           CLR     A
   \   000035   F0           MOVX    @DPTR,A
   \   000036   A3           INC     DPTR
   \   000037   F0           MOVX    @DPTR,A
   1422            inMsg.pDataLen = 0;
   \   000038   740C         MOV     A,#0xc
   \   00003A   12....       LCALL   ?XSTACK_DISP0_8
   \   00003D   E4           CLR     A
   \   00003E   F0           MOVX    @DPTR,A
   1423          
   1424            inMsg.pData = zclParseHdr( &(inMsg.hdr), pkt->cmd.Data );
   \   00003F   EE           MOV     A,R6
   \   000040   2421         ADD     A,#0x21
   \   000042   F5..         MOV     ?V0 + 0,A
   \   000044   EF           MOV     A,R7
   \   000045   12....       LCALL   ?Subroutine177 & 0xFFFF
   \                     ??CrossCallReturnLabel_297:
   \   000048   12....       LCALL   ??Subroutine250_0 & 0xFFFF
   \                     ??CrossCallReturnLabel_593:
   \   00004B   7404         MOV     A,#0x4
   \   00004D   12....       LCALL   ?XSTACK_DISP0_8
   \   000050   AA82         MOV     R2,DPL
   \   000052   AB83         MOV     R3,DPH
   \   000054   12....       LCALL   ??zclParseHdr?relay
   \   000057   8A..         MOV     ?V0 + 4,R2
   \   000059   A8..         MOV     R0,?V0 + 4
   \   00005B   740A         MOV     A,#0xa
   \   00005D   12....       LCALL   ?XSTACK_DISP0_8
   \   000060   E8           MOV     A,R0
   \   000061   12....       LCALL   ??Subroutine241_0 & 0xFFFF
   1425            inMsg.pDataLen = pkt->cmd.DataLength;
   1426            inMsg.pDataLen -= (uint8)(inMsg.pData - pkt->cmd.Data);
   \                     ??CrossCallReturnLabel_543:
   \   000064   85..82       MOV     DPL,?V0 + 0
   \   000067   85..83       MOV     DPH,?V0 + 1
   \   00006A   E0           MOVX    A,@DPTR
   \   00006B   FA           MOV     R2,A
   \   00006C   85..82       MOV     DPL,?V0 + 2
   \   00006F   85..83       MOV     DPH,?V0 + 3
   \   000072   E0           MOVX    A,@DPTR
   \   000073   C3           CLR     C
   \   000074   98           SUBB    A,R0
   \   000075   2A           ADD     A,R2
   \   000076   C0E0         PUSH    A
   \   000078   740C         MOV     A,#0xc
   \   00007A   12....       LCALL   ?XSTACK_DISP0_8
   \   00007D   D0E0         POP     A
   \   00007F   F0           MOVX    @DPTR,A
   1427          
   1428            // Find the wanted endpoint
   1429            epDesc = afFindEndPointDesc( pkt->endPoint );
   \   000080   EE           MOV     A,R6
   \   000081   2414         ADD     A,#0x14
   \   000083   12....       LCALL   ?Subroutine118 & 0xFFFF
   \                     ??CrossCallReturnLabel_542:
   \   000086   E0           MOVX    A,@DPTR
   \   000087   F9           MOV     R1,A
   \   000088   12....       LCALL   ??afFindEndPointDesc?relay
   \   00008B   8A..         MOV     ?V0 + 0,R2
   \   00008D   8B..         MOV     ?V0 + 1,R3
   \   00008F   A8..         MOV     R0,?V0 + 0
   \   000091   A9..         MOV     R1,?V0 + 1
   1430            if ( epDesc == NULL )
   \   000093   E8           MOV     A,R0
   \   000094   49           ORL     A,R1
   \   000095   7003         JNZ     $+5
   \   000097   02....       LJMP    ??zclProcessMessageMSG_0 & 0xFFFF
   1431              return;   // Error, ignore the message
   1432          
   1433            if ( pkt->clusterId == ZCL_INVALID_CLUSTER_ID )
   \   00009A   EE           MOV     A,R6
   \   00009B   2404         ADD     A,#0x4
   \   00009D   F5..         MOV     ?V0 + 4,A
   \   00009F   EF           MOV     A,R7
   \   0000A0   12....       LCALL   ?Subroutine121 & 0xFFFF
   \                     ??CrossCallReturnLabel_223:
   \   0000A3   12....       LCALL   ?Subroutine110 & 0xFFFF
   \                     ??CrossCallReturnLabel_211:
   \   0000A6   7003         JNZ     ??zclProcessMessageMSG_1
   \   0000A8   74FF         MOV     A,#-0x1
   \   0000AA   6B           XRL     A,R3
   \                     ??zclProcessMessageMSG_1:
   \   0000AB   7003         JNZ     $+5
   \   0000AD   02....       LJMP    ??zclProcessMessageMSG_0 & 0xFFFF
   1434              return;   // Error, ignore the message
   1435            
   1436            if ( zcl_DeviceOperational( pkt->endPoint, pkt->clusterId, 
   1437                                        inMsg.hdr.fc.type, inMsg.hdr.commandID, epDesc->simpleDesc->AppProfId ) == FALSE )
   \   0000B0                ; Setup parameters for call to function zcl_DeviceOperational
   \   0000B0   8882         MOV     DPL,R0
   \   0000B2   8983         MOV     DPH,R1
   \   0000B4   A3           INC     DPTR
   \   0000B5   A3           INC     DPTR
   \   0000B6   A3           INC     DPTR
   \   0000B7   12....       LCALL   ??Subroutine225_0 & 0xFFFF
   \                     ??CrossCallReturnLabel_450:
   \   0000BA   12....       LCALL   ?PUSH_XSTACK8_X_TWO
   \   0000BD   740B         MOV     A,#0xb
   \   0000BF   12....       LCALL   ?XSTACK_DISP0_8
   \   0000C2   E0           MOVX    A,@DPTR
   \   0000C3   FD           MOV     R5,A
   \   0000C4   7406         MOV     A,#0x6
   \   0000C6   12....       LCALL   ?XSTACK_DISP0_8
   \   0000C9   E0           MOVX    A,@DPTR
   \   0000CA   5403         ANL     A,#0x3
   \   0000CC   FC           MOV     R4,A
   \   0000CD   85..82       MOV     DPL,?V0 + 2
   \   0000D0   85..83       MOV     DPH,?V0 + 3
   \   0000D3   E0           MOVX    A,@DPTR
   \   0000D4   F9           MOV     R1,A
   \   0000D5   12....       LCALL   ??zcl_DeviceOperational?relay
   \   0000D8   7402         MOV     A,#0x2
   \   0000DA   12....       LCALL   ?DEALLOC_XSTACK8
   \   0000DD   E9           MOV     A,R1
   \   0000DE   7003         JNZ     $+5
   \   0000E0   02....       LJMP    ??zclProcessMessageMSG_0 & 0xFFFF
   1438            {
   1439              return; // Error, ignore the message
   1440            }
   1441          
   1442          #if defined ( INTER_PAN )
   1443            if ( StubAPS_InterPan( pkt->srcAddr.panId, pkt->srcAddr.endPoint ) )
   1444            {
   1445              // No foundation command is supported thru Inter-PAN communication
   1446              if ( zcl_ProfileCmd( inMsg.hdr.fc.type ) )
   1447                return;
   1448          
   1449              interPanMsg = TRUE; 
   1450              options = AF_TX_OPTIONS_NONE;
   1451            }
   1452            else
   1453          #endif
   1454            {
   1455              interPanMsg = FALSE;
   1456              options = zclGetClusterOption( pkt->endPoint, pkt->clusterId );
   \   0000E3                ; Setup parameters for call to function zclGetClusterOption
   \   0000E3   85..82       MOV     DPL,?V0 + 4
   \   0000E6   85..83       MOV     DPH,?V0 + 5
   \   0000E9   12....       LCALL   ??Subroutine223_0 & 0xFFFF
   1457            }
   \                     ??CrossCallReturnLabel_425:
   \   0000EC   85..82       MOV     DPL,?V0 + 2
   \   0000EF   85..83       MOV     DPH,?V0 + 3
   \   0000F2   E0           MOVX    A,@DPTR
   \   0000F3   F9           MOV     R1,A
   \   0000F4   12....       LCALL   ??zclGetClusterOption?relay
   \   0000F7   E9           MOV     A,R1
   \   0000F8   FA           MOV     R2,A
   1458            
   1459            // Local and remote Security options must match except for Default Response command
   1460            if ( !zcl_DefaultRspCmd( inMsg.hdr ) )
   \   0000F9   7404         MOV     A,#0x4
   \   0000FB   12....       LCALL   ?XSTACK_DISP0_8
   \   0000FE   E0           MOVX    A,@DPTR
   \   0000FF   F8           MOV     R0,A
   \   000100   5407         ANL     A,#0x7
   \   000102   700D         JNZ     ??zclProcessMessageMSG_2
   \   000104   7409         MOV     A,#0x9
   \   000106   12....       LCALL   ?XSTACK_DISP0_8
   \   000109   E0           MOVX    A,@DPTR
   \   00010A   640B         XRL     A,#0xb
   \   00010C   7003         JNZ     $+5
   \   00010E   02....       LJMP    ??zclProcessMessageMSG_3 & 0xFFFF
   1461            {
   1462              securityEnable = ( options & AF_EN_SECURITY ) ? TRUE : FALSE;
   \                     ??zclProcessMessageMSG_2:
   \   000111   EA           MOV     A,R2
   \   000112   A2E6         MOV     C,0xE0 /* A   */.6
   \   000114   5004         JNC     ??zclProcessMessageMSG_4
   \   000116   D2F0         SETB    B.0
   \   000118   8002         SJMP    ??zclProcessMessageMSG_5
   \                     ??zclProcessMessageMSG_4:
   \   00011A   C2F0         CLR     B.0
   \                     ??zclProcessMessageMSG_5:
   \   00011C   A2F0         MOV     C,B.0
   \   00011E   E4           CLR     A
   \   00011F   33           RLC     A
   \   000120   F5..         MOV     ?V0 + 0,A
   1463              if ( pkt->SecurityUse != securityEnable )
   \   000122   EE           MOV     A,R6
   \   000123   2419         ADD     A,#0x19
   \   000125   F582         MOV     DPL,A
   \   000127   EF           MOV     A,R7
   \   000128   12....       LCALL   ??Subroutine254_0 & 0xFFFF
   \                     ??CrossCallReturnLabel_620:
   \   00012B   E0           MOVX    A,@DPTR
   \   00012C   65..         XRL     A,?V0 + 0
   \   00012E   7003         JNZ     $+5
   \   000130   02....       LJMP    ??zclProcessMessageMSG_3 & 0xFFFF
   1464              {
   1465                if ( UNICAST_MSG( inMsg.msg ) )
   \   000133   7402         MOV     A,#0x2
   \   000135   12....       LCALL   ?XSTACK_DISP0_8
   \   000138   12....       LCALL   ?Subroutine86 & 0xFFFF
   \                     ??CrossCallReturnLabel_160:
   \   00013B   6003         JZ      $+5
   \   00013D   02....       LJMP    ??zclProcessMessageMSG_0 & 0xFFFF
   \   000140   7402         MOV     A,#0x2
   \   000142   12....       LCALL   ?XSTACK_DISP0_8
   \   000145   12....       LCALL   ?Subroutine46 & 0xFFFF
   \                     ??CrossCallReturnLabel_484:
   \   000148   6003         JZ      $+5
   \   00014A   02....       LJMP    ??zclProcessMessageMSG_0 & 0xFFFF
   1466                {
   1467                  // Send a Default Response command back with no Application Link Key security
   1468                  if ( securityEnable )
   \   00014D   E5..         MOV     A,?V0 + 0
   \   00014F   A2E0         MOV     C,0xE0 /* A   */.0
   \   000151   5005         JNC     ??CrossCallReturnLabel_149
   1469                    zclSetSecurityOption( pkt->endPoint, pkt->clusterId, FALSE );
   \   000153                ; Setup parameters for call to function zclSetSecurityOption
   \   000153   7C00         MOV     R4,#0x0
   \   000155   12....       LCALL   ?Subroutine80 & 0xFFFF
   1470                  
   1471                  defautlRspCmd.statusCode = status;
   \                     ??CrossCallReturnLabel_149:
   \   000158   7401         MOV     A,#0x1
   \   00015A   12....       LCALL   ?XSTACK_DISP0_8
   \   00015D   7401         MOV     A,#0x1
   \   00015F   F0           MOVX    @DPTR,A
   1472                  defautlRspCmd.commandID = inMsg.hdr.commandID;
   \   000160   7409         MOV     A,#0x9
   \   000162   12....       LCALL   ?XSTACK_DISP0_8
   \   000165   12....       LCALL   ?Subroutine102 & 0xFFFF
   1473                  zcl_SendDefaultRspCmd( inMsg.msg->endPoint, &(inMsg.msg->srcAddr),
   1474                                         inMsg.msg->clusterId, &defautlRspCmd, 
   1475                                         ZCL_FRAME_SERVER_CLIENT_DIR, true, inMsg.hdr.transSeqNum );
   \                     ??CrossCallReturnLabel_191:
   \   000168   12....       LCALL   ?XSTACK_DISP0_8
   \   00016B   E0           MOVX    A,@DPTR
   \   00016C   F5..         MOV     ?V0 + 1,A
   \   00016E   78..         MOV     R0,#?V0 + 1
   \   000170   12....       LCALL   ?PUSH_XSTACK_I_ONE
   \   000173   75..01       MOV     ?V0 + 1,#0x1
   \   000176   78..         MOV     R0,#?V0 + 1
   \   000178   12....       LCALL   ?PUSH_XSTACK_I_ONE
   \   00017B   78..         MOV     R0,#?V0 + 1
   \   00017D   12....       LCALL   ?PUSH_XSTACK_I_ONE
   \   000180   7403         MOV     A,#0x3
   \   000182   12....       LCALL   ?XSTACK_DISP0_8
   \   000185   8582..       MOV     ?V0 + 6,DPL
   \   000188   8583..       MOV     ?V0 + 7,DPH
   \   00018B   78..         MOV     R0,#?V0 + 6
   \   00018D   12....       LCALL   ?PUSH_XSTACK_I_TWO
   \   000190   7407         MOV     A,#0x7
   \   000192   12....       LCALL   ?XSTACK_DISP0_8
   \   000195   12....       LCALL   ?Subroutine64 & 0xFFFF
   \                     ??CrossCallReturnLabel_600:
   \   000198   7407         MOV     A,#0x7
   \   00019A   12....       LCALL   ?XSTACK_DISP0_8
   \   00019D   12....       LCALL   ?Subroutine100 & 0xFFFF
   \                     ??CrossCallReturnLabel_187:
   \   0001A0   12....       LCALL   ?XSTACK_DISP0_8
   \   0001A3   12....       LCALL   ?Subroutine69 & 0xFFFF
   \                     ??CrossCallReturnLabel_133:
   \   0001A6   12....       LCALL   ?DEALLOC_XSTACK8
   1476                  if ( securityEnable )
   \   0001A9   E5..         MOV     A,?V0 + 0
   \   0001AB   A2E0         MOV     C,0xE0 /* A   */.0
   \   0001AD   4003         JC      $+5
   \   0001AF   02....       LJMP    ??zclProcessMessageMSG_0 & 0xFFFF
   1477                    zclSetSecurityOption( pkt->endPoint, pkt->clusterId, TRUE );       
   \   0001B2                ; Setup parameters for call to function zclSetSecurityOption
   \   0001B2   7C01         MOV     R4,#0x1
   \   0001B4   12....       LCALL   ?Subroutine80 & 0xFFFF
   1478                }
   1479                
   1480                return;   // Error, ignore the message
   1481              }
   1482            }
   \                     ??CrossCallReturnLabel_150:
   \   0001B7   02....       LJMP    ??zclProcessMessageMSG_0 & 0xFFFF
   1483            
   1484            // Is this a foundation type message
   1485            if ( zcl_ProfileCmd( inMsg.hdr.fc.type ) )
   \                     ??zclProcessMessageMSG_3:
   \   0001BA   E8           MOV     A,R0
   \   0001BB   5403         ANL     A,#0x3
   \   0001BD   6003         JZ      $+5
   \   0001BF   02....       LJMP    ??zclProcessMessageMSG_6 & 0xFFFF
   1486            { 
   1487              if ( inMsg.hdr.fc.manuSpecific )
   \   0001C2   E8           MOV     A,R0
   \   0001C3   5404         ANL     A,#0x4
   \   0001C5   6005         JZ      ??zclProcessMessageMSG_7
   1488              {
   1489                // We don't support any manufacturer specific command
   1490                status = ZCL_STATUS_UNSUP_MANU_GENERAL_COMMAND;
   \   0001C7   7A84         MOV     R2,#-0x7c
   \   0001C9   02....       LJMP    ??zclProcessMessageMSG_8 & 0xFFFF
   1491              }
   1492              else if ( ( inMsg.hdr.commandID <= ZCL_CMD_MAX ) && 
   1493                        ( zclCmdTable[inMsg.hdr.commandID].pfnParseInProfile != NULL ) )
   \                     ??zclProcessMessageMSG_7:
   \   0001CC   7409         MOV     A,#0x9
   \   0001CE   12....       LCALL   ?XSTACK_DISP0_8
   \   0001D1   E0           MOVX    A,@DPTR
   \   0001D2   F5..         MOV     ?V0 + 0,A
   \   0001D4   C3           CLR     C
   \   0001D5   940E         SUBB    A,#0xe
   \   0001D7   4003         JC      $+5
   \   0001D9   02....       LJMP    ??zclProcessMessageMSG_9 & 0xFFFF
   \   0001DC   75..00       MOV     ?V0 + 1,#0x0
   \   0001DF   7402         MOV     A,#0x2
   \   0001E1   78..         MOV     R0,#?V0 + 0
   \   0001E3   12....       LCALL   ?S_SHL
   \   0001E6   74..         MOV     A,#zclCmdTable & 0xff
   \   0001E8   25..         ADD     A,?V0 + 0
   \   0001EA   F582         MOV     DPL,A
   \   0001EC   74..         MOV     A,#(zclCmdTable >> 8) & 0xff
   \   0001EE   12....       LCALL   ?Subroutine126 & 0xFFFF
   \                     ??CrossCallReturnLabel_228:
   \   0001F1   7003         JNZ     $+5
   \   0001F3   02....       LJMP    ??zclProcessMessageMSG_9 & 0xFFFF
   1494              {
   1495                zclParseCmd_t parseCmd;
   1496                
   1497                parseCmd.endpoint = pkt->endPoint;
   \   0001F6   85..82       MOV     DPL,?V0 + 2
   \   0001F9   85..83       MOV     DPH,?V0 + 3
   \   0001FC   E0           MOVX    A,@DPTR
   \   0001FD   C0E0         PUSH    A
   \   0001FF   740F         MOV     A,#0xf
   \   000201   12....       LCALL   ?XSTACK_DISP0_8
   \   000204   D0E0         POP     A
   \   000206   F0           MOVX    @DPTR,A
   1498                parseCmd.dataLen = inMsg.pDataLen;
   \   000207   740C         MOV     A,#0xc
   \   000209   12....       LCALL   ?XSTACK_DISP0_8
   \   00020C   E0           MOVX    A,@DPTR
   \   00020D   C0E0         PUSH    A
   \   00020F   7410         MOV     A,#0x10
   \   000211   12....       LCALL   ?XSTACK_DISP0_8
   \   000214   D0E0         POP     A
   \   000216   F0           MOVX    @DPTR,A
   1499                parseCmd.pData = inMsg.pData;
   \   000217   740A         MOV     A,#0xa
   \   000219   12....       LCALL   ?XSTACK_DISP0_8
   \   00021C   12....       LCALL   ?Subroutine98 & 0xFFFF
   \                     ??CrossCallReturnLabel_183:
   \   00021F   7411         MOV     A,#0x11
   \   000221   12....       LCALL   ?XSTACK_DISP0_8
   \   000224   12....       LCALL   ??Subroutine246_0 & 0xFFFF
   1500                
   1501                // Parse the command, remember that the return value is a pointer to allocated memory
   1502                inMsg.attrCmd = zclParseCmd( inMsg.hdr.commandID, &parseCmd );
   \                     ??CrossCallReturnLabel_576:
   \   000227                ; Setup parameters for indirect call
   \   000227   740F         MOV     A,#0xf
   \   000229   12....       LCALL   ?XSTACK_DISP0_8
   \   00022C   AA82         MOV     R2,DPL
   \   00022E   AB83         MOV     R3,DPH
   \   000230   7409         MOV     A,#0x9
   \   000232   12....       LCALL   ?XSTACK_DISP0_8
   \   000235   12....       LCALL   ?Subroutine105 & 0xFFFF
   \                     ??CrossCallReturnLabel_198:
   \   000238   12....       LCALL   ?S_SHL
   \   00023B   74..         MOV     A,#zclCmdTable & 0xff
   \   00023D   25..         ADD     A,?V0 + 0
   \   00023F   F582         MOV     DPL,A
   \   000241   74..         MOV     A,#(zclCmdTable >> 8) & 0xff
   \   000243   35..         ADDC    A,?V0 + 1
   \   000245   F583         MOV     DPH,A
   \   000247   E4           CLR     A
   \   000248   93           MOVC    A,@A+DPTR
   \   000249   C0E0         PUSH    A
   \   00024B   7401         MOV     A,#0x1
   \   00024D   93           MOVC    A,@A+DPTR
   \   00024E   F583         MOV     DPH,A
   \   000250   D082         POP     DPL
   \   000252   12....       LCALL   ?CALL_IND
   \   000255   8A..         MOV     ?V0 + 0,R2
   \   000257   8B..         MOV     ?V0 + 1,R3
   \   000259   A8..         MOV     R0,?V0 + 0
   \   00025B   A9..         MOV     R1,?V0 + 1
   \   00025D   740D         MOV     A,#0xd
   \   00025F   12....       LCALL   ?XSTACK_DISP0_8
   \   000262   12....       LCALL   ??Subroutine246_0 & 0xFFFF
   1503                if ( (inMsg.attrCmd != NULL) && (zclCmdTable[inMsg.hdr.commandID].pfnProcessInProfile != NULL) )
   \                     ??CrossCallReturnLabel_577:
   \   000265   E8           MOV     A,R0
   \   000266   49           ORL     A,R1
   \   000267   603A         JZ      ??CrossCallReturnLabel_158
   \   000269   7409         MOV     A,#0x9
   \   00026B   12....       LCALL   ?XSTACK_DISP0_8
   \   00026E   12....       LCALL   ?Subroutine105 & 0xFFFF
   \                     ??CrossCallReturnLabel_199:
   \   000271   12....       LCALL   ?S_SHL
   \   000274   74..         MOV     A,#(zclCmdTable + 2) & 0xff
   \   000276   25..         ADD     A,?V0 + 0
   \   000278   F582         MOV     DPL,A
   \   00027A   74..         MOV     A,#((zclCmdTable + 2) >> 8) & 0xff
   \   00027C   12....       LCALL   ?Subroutine126 & 0xFFFF
   \                     ??CrossCallReturnLabel_229:
   \   00027F   601A         JZ      ??zclProcessMessageMSG_10
   1504                { 
   1505                  // Process the command
   1506                  if ( zclProcessCmd( inMsg.hdr.commandID, &inMsg ) == FALSE )
   \   000281                ; Setup parameters for indirect call
   \   000281   7402         MOV     A,#0x2
   \   000283   12....       LCALL   ?XSTACK_DISP0_8
   \   000286   AA82         MOV     R2,DPL
   \   000288   AB83         MOV     R3,DPH
   \   00028A   8882         MOV     DPL,R0
   \   00028C   8983         MOV     DPH,R1
   \   00028E   12....       LCALL   ?CALL_IND
   1507                  {
   1508                    // Couldn't find attribute in the table.
   1509                  }
   1510                }
   1511                 
   1512                // Free the buffer
   1513                if ( inMsg.attrCmd )
   \   000291   740D         MOV     A,#0xd
   \   000293   12....       LCALL   ?XSTACK_DISP0_8
   \   000296   12....       LCALL   ??Subroutine228_0 & 0xFFFF
   \                     ??CrossCallReturnLabel_477:
   \   000299   6008         JZ      ??CrossCallReturnLabel_158
   1514                  osal_mem_free( inMsg.attrCmd );
   \                     ??zclProcessMessageMSG_10:
   \   00029B                ; Setup parameters for call to function osal_mem_free
   \   00029B   740D         MOV     A,#0xd
   \   00029D   12....       LCALL   ?XSTACK_DISP0_8
   \   0002A0   12....       LCALL   ?Subroutine85 & 0xFFFF
   1515                
   1516                if ( CMD_HAS_RSP( inMsg.hdr.commandID ) )
   \                     ??CrossCallReturnLabel_158:
   \   0002A3   7409         MOV     A,#0x9
   \   0002A5   12....       LCALL   ?XSTACK_DISP0_8
   \   0002A8   E0           MOVX    A,@DPTR
   \   0002A9   F8           MOV     R0,A
   \   0002AA   7003         JNZ     $+5
   \   0002AC   02....       LJMP    ??zclProcessMessageMSG_0 & 0xFFFF
   \   0002AF   7402         MOV     A,#0x2
   \   0002B1   68           XRL     A,R0
   \   0002B2   7003         JNZ     $+5
   \   0002B4   02....       LJMP    ??zclProcessMessageMSG_0 & 0xFFFF
   \   0002B7   7403         MOV     A,#0x3
   \   0002B9   68           XRL     A,R0
   \   0002BA   7003         JNZ     $+5
   \   0002BC   02....       LJMP    ??zclProcessMessageMSG_0 & 0xFFFF
   \   0002BF   7406         MOV     A,#0x6
   \   0002C1   68           XRL     A,R0
   \   0002C2   7003         JNZ     $+5
   \   0002C4   02....       LJMP    ??zclProcessMessageMSG_0 & 0xFFFF
   \   0002C7   7408         MOV     A,#0x8
   \   0002C9   68           XRL     A,R0
   \   0002CA   7003         JNZ     $+5
   \   0002CC   02....       LJMP    ??zclProcessMessageMSG_0 & 0xFFFF
   \   0002CF   740C         MOV     A,#0xc
   \   0002D1   68           XRL     A,R0
   \   0002D2   7003         JNZ     $+5
   \   0002D4   02....       LJMP    ??zclProcessMessageMSG_0 & 0xFFFF
   \   0002D7   740B         MOV     A,#0xb
   \   0002D9   68           XRL     A,R0
   \   0002DA   7003         JNZ     $+5
   \   0002DC   02....       LJMP    ??zclProcessMessageMSG_0 & 0xFFFF
   1517                  return; // We're done
   1518                
   1519                status = ZSuccess;
   \   0002DF   7A00         MOV     R2,#0x0
   \   0002E1   02....       LJMP    ??zclProcessMessageMSG_8 & 0xFFFF
   1520              }
   1521              else
   1522              {
   1523                // Unsupported message
   1524                status = ZCL_STATUS_UNSUP_GENERAL_COMMAND;
   \                     ??zclProcessMessageMSG_9:
   \   0002E4   7A82         MOV     R2,#-0x7e
   \   0002E6   02....       LJMP    ??zclProcessMessageMSG_8 & 0xFFFF
   1525              }
   1526            }
   1527            else
   1528            {
   1529              // Nope, must be specific to the cluster ID
   1530          
   1531              // Find the appropriate plugin
   1532              pInPlugin = zclFindPlugin( pkt->clusterId, epDesc->simpleDesc->AppProfId );
   \                     ??zclProcessMessageMSG_6:
   \   0002E9   85..82       MOV     DPL,?V0 + 4
   \   0002EC   85..83       MOV     DPH,?V0 + 5
   \   0002EF   12....       LCALL   ?Subroutine110 & 0xFFFF
   \                     ??CrossCallReturnLabel_210:
   \   0002F2   7003         JNZ     ??zclProcessMessageMSG_11
   \   0002F4   74FF         MOV     A,#-0x1
   \   0002F6   6B           XRL     A,R3
   \                     ??zclProcessMessageMSG_11:
   \   0002F7   6032         JZ      ??zclProcessMessageMSG_12
   \   0002F9   90....       MOV     DPTR,#plugins
   \   0002FC   8004         SJMP    ??zclProcessMessageMSG_13
   \                     ??zclProcessMessageMSG_14:
   \   0002FE   8882         MOV     DPL,R0
   \   000300   8983         MOV     DPH,R1
   \                     ??zclProcessMessageMSG_13:
   \   000302   12....       LCALL   ??Subroutine228_0 & 0xFFFF
   \                     ??CrossCallReturnLabel_471:
   \   000305   6024         JZ      ??zclProcessMessageMSG_12
   \   000307   8882         MOV     DPL,R0
   \   000309   8983         MOV     DPH,R1
   \   00030B   12....       LCALL   ??Subroutine249_0 & 0xFFFF
   \                     ??CrossCallReturnLabel_598:
   \   00030E   C3           CLR     C
   \   00030F   EA           MOV     A,R2
   \   000310   9C           SUBB    A,R4
   \   000311   EB           MOV     A,R3
   \   000312   9D           SUBB    A,R5
   \   000313   40E9         JC      ??zclProcessMessageMSG_14
   \   000315   8882         MOV     DPL,R0
   \   000317   8983         MOV     DPH,R1
   \   000319   A3           INC     DPTR
   \   00031A   A3           INC     DPTR
   \   00031B   A3           INC     DPTR
   \   00031C   A3           INC     DPTR
   \   00031D   C3           CLR     C
   \   00031E   E0           MOVX    A,@DPTR
   \   00031F   9A           SUBB    A,R2
   \   000320   A3           INC     DPTR
   \   000321   E0           MOVX    A,@DPTR
   \   000322   9B           SUBB    A,R3
   \   000323   40D9         JC      ??zclProcessMessageMSG_14
   \   000325   8882         MOV     DPL,R0
   \   000327   8983         MOV     DPH,R1
   \   000329   8006         SJMP    ??zclProcessMessageMSG_15
   \                     ??zclProcessMessageMSG_12:
   \   00032B   758200       MOV     DPL,#0x0
   \   00032E   758300       MOV     DPH,#0x0
   1533              if ( pInPlugin && pInPlugin->pfnIncomingHdlr )
   \                     ??zclProcessMessageMSG_15:
   \   000331   E582         MOV     A,DPL
   \   000333   4583         ORL     A,DPH
   \   000335   6028         JZ      ??zclProcessMessageMSG_16
   \   000337   A3           INC     DPTR
   \   000338   A3           INC     DPTR
   \   000339   A3           INC     DPTR
   \   00033A   A3           INC     DPTR
   \   00033B   12....       LCALL   ??Subroutine227_0 & 0xFFFF
   \                     ??CrossCallReturnLabel_483:
   \   00033E   601F         JZ      ??zclProcessMessageMSG_16
   1534              { 
   1535                // The return value of the plugin function will be
   1536                //  ZSuccess - Supported and need default response
   1537                //  ZFailure - Unsupported
   1538                //  ZCL_STATUS_CMD_HAS_RSP - Supported and do not need default rsp
   1539                //  ZCL_STATUS_INVALID_FIELD - Supported, but the incoming msg is wrong formatted
   1540                //  ZCL_STATUS_INVALID_VALUE - Supported, but the request not achievable by the h/w
   1541                //  ZCL_STATUS_SOFTWARE_FAILURE - Supported but ZStack memory allocation fails
   1542                status = pInPlugin->pfnIncomingHdlr( &inMsg );
   \   000340                ; Setup parameters for indirect call
   \   000340   7402         MOV     A,#0x2
   \   000342   12....       LCALL   ?XSTACK_DISP0_8
   \   000345   AA82         MOV     R2,DPL
   \   000347   AB83         MOV     R3,DPH
   \   000349   8882         MOV     DPL,R0
   \   00034B   8983         MOV     DPH,R1
   \   00034D   12....       LCALL   ?CALL_IND
   \   000350   E9           MOV     A,R1
   \   000351   FA           MOV     R2,A
   1543                if ( status == ZCL_STATUS_CMD_HAS_RSP || ( interPanMsg && status == ZSuccess ) )
   \   000352   74FF         MOV     A,#-0x1
   \   000354   6A           XRL     A,R2
   \   000355   7003         JNZ     $+5
   \   000357   02....       LJMP    ??zclProcessMessageMSG_0 & 0xFFFF
   1544                  return; // We're done      
   1545              }
   1546              
   1547              if ( status == ZFailure )
   \   00035A   7401         MOV     A,#0x1
   \   00035C   6A           XRL     A,R2
   \   00035D   7010         JNZ     ??zclProcessMessageMSG_8
   1548              {
   1549                // Unsupported message
   1550                if ( inMsg.hdr.fc.manuSpecific )
   \                     ??zclProcessMessageMSG_16:
   \   00035F   7404         MOV     A,#0x4
   \   000361   12....       LCALL   ?XSTACK_DISP0_8
   \   000364   E0           MOVX    A,@DPTR
   \   000365   5404         ANL     A,#0x4
   \   000367   6004         JZ      ??zclProcessMessageMSG_17
   1551                  status = ZCL_STATUS_UNSUP_MANU_CLUSTER_COMMAND;
   \   000369   7A83         MOV     R2,#-0x7d
   \   00036B   8002         SJMP    ??zclProcessMessageMSG_8
   1552                else
   1553                  status = ZCL_STATUS_UNSUP_CLUSTER_COMMAND;
   \                     ??zclProcessMessageMSG_17:
   \   00036D   7A81         MOV     R2,#-0x7f
   1554              }
   1555            }
   1556            
   1557            if ( UNICAST_MSG( inMsg.msg ) && inMsg.hdr.fc.disableDefaultRsp == 0 )
   \                     ??zclProcessMessageMSG_8:
   \   00036F   7402         MOV     A,#0x2
   \   000371   12....       LCALL   ?XSTACK_DISP0_8
   \   000374   12....       LCALL   ?Subroutine86 & 0xFFFF
   \                     ??CrossCallReturnLabel_161:
   \   000377   7062         JNZ     ??zclProcessMessageMSG_0
   \   000379   7402         MOV     A,#0x2
   \   00037B   12....       LCALL   ?XSTACK_DISP0_8
   \   00037E   12....       LCALL   ?Subroutine46 & 0xFFFF
   \                     ??CrossCallReturnLabel_485:
   \   000381   7058         JNZ     ??zclProcessMessageMSG_0
   \   000383   7404         MOV     A,#0x4
   \   000385   12....       LCALL   ?XSTACK_DISP0_8
   \   000388   E0           MOVX    A,@DPTR
   \   000389   5410         ANL     A,#0x10
   \   00038B   704E         JNZ     ??zclProcessMessageMSG_0
   1558            {
   1559              // Send a Default Response command back
   1560              defautlRspCmd.statusCode = status;
   \   00038D   7401         MOV     A,#0x1
   \   00038F   12....       LCALL   ?XSTACK_DISP0_8
   \   000392   EA           MOV     A,R2
   \   000393   F0           MOVX    @DPTR,A
   1561              defautlRspCmd.commandID = inMsg.hdr.commandID;
   \   000394   7409         MOV     A,#0x9
   \   000396   12....       LCALL   ?XSTACK_DISP0_8
   \   000399   12....       LCALL   ?Subroutine102 & 0xFFFF
   1562              zcl_SendDefaultRspCmd( inMsg.msg->endPoint, &(inMsg.msg->srcAddr),
   1563                                     inMsg.msg->clusterId, &defautlRspCmd, 
   1564                                     ZCL_FRAME_SERVER_CLIENT_DIR, true, inMsg.hdr.transSeqNum );
   1565            }
   \                     ??CrossCallReturnLabel_192:
   \   00039C   12....       LCALL   ?XSTACK_DISP0_8
   \   00039F   12....       LCALL   ??Subroutine213_0 & 0xFFFF
   \                     ??CrossCallReturnLabel_391:
   \   0003A2   12....       LCALL   ?PUSH_XSTACK_I_ONE
   \   0003A5   75..01       MOV     ?V0 + 0,#0x1
   \   0003A8   78..         MOV     R0,#?V0 + 0
   \   0003AA   12....       LCALL   ?PUSH_XSTACK_I_ONE
   \   0003AD   78..         MOV     R0,#?V0 + 0
   \   0003AF   12....       LCALL   ?PUSH_XSTACK_I_ONE
   \   0003B2   7403         MOV     A,#0x3
   \   0003B4   12....       LCALL   ?XSTACK_DISP0_8
   \   0003B7   8582..       MOV     ?V0 + 0,DPL
   \   0003BA   8583..       MOV     ?V0 + 1,DPH
   \   0003BD   78..         MOV     R0,#?V0 + 0
   \   0003BF   12....       LCALL   ?PUSH_XSTACK_I_TWO
   \   0003C2   7407         MOV     A,#0x7
   \   0003C4   12....       LCALL   ?XSTACK_DISP0_8
   \   0003C7   12....       LCALL   ?Subroutine64 & 0xFFFF
   \                     ??CrossCallReturnLabel_601:
   \   0003CA   7407         MOV     A,#0x7
   \   0003CC   12....       LCALL   ?XSTACK_DISP0_8
   \   0003CF   12....       LCALL   ?Subroutine100 & 0xFFFF
   \                     ??CrossCallReturnLabel_188:
   \   0003D2   12....       LCALL   ?XSTACK_DISP0_8
   \   0003D5   12....       LCALL   ?Subroutine69 & 0xFFFF
   \                     ??CrossCallReturnLabel_134:
   \   0003D8   12....       LCALL   ?DEALLOC_XSTACK8
   \                     ??zclProcessMessageMSG_0:
   \   0003DB   7413         MOV     A,#0x13
   \   0003DD   02....       LJMP    ??Subroutine214_0 & 0xFFFF
   1566          }

   \                                 In  segment BANKED_CODE, align 1, keep-with-next
   \                     ?Subroutine126:
   \   000000   35..         ADDC    A,?V0 + 1
   \   000002   F583         MOV     DPH,A
   \   000004   E4           CLR     A
   \   000005   93           MOVC    A,@A+DPTR
   \   000006   F8           MOV     R0,A
   \   000007   7401         MOV     A,#0x1
   \   000009   93           MOVC    A,@A+DPTR
   \   00000A   F9           MOV     R1,A
   \   00000B   E8           MOV     A,R0
   \   00000C   49           ORL     A,R1
   \   00000D   22           RET

   \                                 In  segment BANKED_CODE, align 1, keep-with-next
   \                     ?Subroutine110:
   \   000000   12....       LCALL   ?Subroutine150 & 0xFFFF
   \                     ??CrossCallReturnLabel_438:
   \   000003   74FF         MOV     A,#-0x1
   \   000005   6A           XRL     A,R2
   \   000006   22           RET

   \                                 In  segment BANKED_CODE, align 1, keep-with-next
   \                     ?Subroutine105:
   \   000000   E0           MOVX    A,@DPTR
   \   000001   F5..         MOV     ?V0 + 0,A
   \   000003   75..00       MOV     ?V0 + 1,#0x0
   \   000006   7402         MOV     A,#0x2
   \   000008   78..         MOV     R0,#?V0 + 0
   \   00000A   22           RET

   \                                 In  segment BANKED_CODE, align 1, keep-with-next
   \                     ?Subroutine102:
   \   000000   E0           MOVX    A,@DPTR
   \   000001   85..82       MOV     DPL,?XSP + 0
   \   000004   85..83       MOV     DPH,?XSP + 1
   \   000007   F0           MOVX    @DPTR,A
   \   000008                ; Setup parameters for call to function zcl_SendDefaultRspCmd
   \   000008                ; Setup parameters for call to function zcl_SendDefaultRspCmd
   \   000008   7408         MOV     A,#0x8
   \   00000A   22           RET

   \                                 In  segment BANKED_CODE, align 1, keep-with-next
   \                     ?Subroutine100:
   \   000000   E0           MOVX    A,@DPTR
   \   000001   2406         ADD     A,#0x6
   \   000003   FA           MOV     R2,A
   \   000004   A3           INC     DPTR
   \   000005   E0           MOVX    A,@DPTR
   \   000006   3400         ADDC    A,#0x0
   \   000008   FB           MOV     R3,A
   \   000009   7407         MOV     A,#0x7
   \   00000B   22           RET

   \                                 In  segment BANKED_CODE, align 1, keep-with-next
   \                     ?Subroutine86:
   \   000000   E0           MOVX    A,@DPTR
   \   000001   2415         ADD     A,#0x15
   \   000003   F8           MOV     R0,A
   \   000004   A3           INC     DPTR
   \   000005   E0           MOVX    A,@DPTR
   \   000006   12....       LCALL   ?Subroutine175 & 0xFFFF
   \                     ??CrossCallReturnLabel_294:
   \   000009   E0           MOVX    A,@DPTR
   \   00000A   22           RET

   \                                 In  segment BANKED_CODE, align 1, keep-with-next
   \                     ?Subroutine80:
   \   000000   85..82       MOV     DPL,?V0 + 4
   \   000003   85..83       MOV     DPH,?V0 + 5
   \   000006   12....       LCALL   ?Subroutine149 & 0xFFFF
   \                     ??CrossCallReturnLabel_259:
   \   000009   E0           MOVX    A,@DPTR
   \   00000A   F9           MOV     R1,A
   \   00000B   12....       LCALL   ??zclSetSecurityOption?relay
   \   00000E   22           RET

   \                                 In  segment BANKED_CODE, align 1, keep-with-next
   \                     ?Subroutine69:
   \   000000   12....       LCALL   ?Subroutine142 & 0xFFFF
   \                     ??CrossCallReturnLabel_248:
   \   000003   12....       LCALL   ??zcl_SendDefaultRspCmd?relay
   \   000006   7405         MOV     A,#0x5
   \   000008   22           RET

   \                                 In  segment BANKED_CODE, align 1, keep-with-next
   \                     ??Subroutine223_0:
   \   000000   12....       LCALL   ?Subroutine150 & 0xFFFF
   \                     ??CrossCallReturnLabel_440:
   \   000003   22           RET

   \                                 In  segment BANKED_CODE, align 1, keep-with-next
   \                     ?Subroutine177:
   \   000000   3400         ADDC    A,#0x0
   \   000002   F5..         MOV     ?V0 + 1,A
   \   000004                ; Setup parameters for call to function zclParseHdr
   \   000004                ; Setup parameters for call to function zclGetAttrDataLength
   \   000004                ; Setup parameters for call to function zclGetAttrDataLength
   \   000004   85..82       MOV     DPL,?V0 + 0
   \   000007   F583         MOV     DPH,A
   \   000009   22           RET

   \                                 In  segment BANKED_CODE, align 1, keep-with-next
   \                     ?Subroutine46:
   \   000000   12....       LCALL   ??Subroutine251_0 & 0xFFFF
   \                     ??CrossCallReturnLabel_613:
   \   000003                REQUIRE ??Subroutine227_0
   \   000003                ; // Fall through to label ??Subroutine227_0

   \                                 In  segment BANKED_CODE, align 1, keep-with-next
   \                     ??Subroutine227_0:
   \   000000   A3           INC     DPTR
   \   000001   A3           INC     DPTR
   \   000002                REQUIRE ??Subroutine228_0
   \   000002                ; // Fall through to label ??Subroutine228_0

   \                                 In  segment BANKED_CODE, align 1, keep-with-next
   \                     ?Subroutine118:
   \   000000   F5..         MOV     ?V0 + 2,A
   \   000002   EF           MOV     A,R7
   \   000003                REQUIRE ??Subroutine240_0
   \   000003                ; // Fall through to label ??Subroutine240_0

   \                                 In  segment BANKED_CODE, align 1, keep-with-next
   \                     ??Subroutine240_0:
   \   000000   3400         ADDC    A,#0x0
   \   000002   F5..         MOV     ?V0 + 3,A
   \   000004                ; Setup parameters for call to function afFindEndPointDesc
   \   000004   85..82       MOV     DPL,?V0 + 2
   \   000007   F583         MOV     DPH,A
   \   000009   22           RET

   \                                 In  segment BANKED_CODE, align 1, keep-with-next
   \                     ?Subroutine191:
   \   000000   F8           MOV     R0,A
   \   000001   A3           INC     DPTR
   \   000002   E0           MOVX    A,@DPTR
   \   000003   12....       LCALL   ?Subroutine197 & 0xFFFF
   \                     ??CrossCallReturnLabel_313:
   \   000006   22           RET

   \                                 In  segment BANKED_CODE, align 1, keep-with-next
   \                     ?Subroutine64:
   \   000000   12....       LCALL   ??Subroutine251_0 & 0xFFFF
   \                     ??CrossCallReturnLabel_616:
   \   000003                REQUIRE ??Subroutine248_0
   \   000003                ; // Fall through to label ??Subroutine248_0

   \                                 In  segment BANKED_CODE, align 1, keep-with-next
   \                     ??Subroutine248_0:
   \   000000   A3           INC     DPTR
   \   000001   A3           INC     DPTR
   \   000002                REQUIRE ??Subroutine249_0
   \   000002                ; // Fall through to label ??Subroutine249_0

   \                                 In  segment BANKED_CODE, align 1, keep-with-next
   \                     ??Subroutine249_0:
   \   000000   A3           INC     DPTR
   \   000001   A3           INC     DPTR
   \   000002                REQUIRE ??Subroutine250_0
   \   000002                ; // Fall through to label ??Subroutine250_0

   \                                 In  segment BANKED_CODE, align 1, keep-with-next
   \                     ??Subroutine251_0:
   \   000000   12....       LCALL   ?Subroutine188 & 0xFFFF
   \                     ??CrossCallReturnLabel_633:
   \   000003   22           RET

   \                                 In  segment BANKED_CODE, align 1, keep-with-next
   \                     ?Subroutine142:
   \   000000   E0           MOVX    A,@DPTR
   \   000001   2414         ADD     A,#0x14
   \   000003   12....       LCALL   ?Subroutine191 & 0xFFFF
   \                     ??CrossCallReturnLabel_305:
   \   000006   E0           MOVX    A,@DPTR
   \   000007   F9           MOV     R1,A
   \   000008   22           RET
   1567          
   1568          /*********************************************************************
   1569           * @fn      zclParseHdr
   1570           *
   1571           * @brief   Parse header of the ZCL format
   1572           *
   1573           * @param   hdr - place to put the frame control information
   1574           * @param   pData - incoming buffer to parse
   1575           *
   1576           * @return  pointer past the header
   1577           */

   \                                 In  segment BANKED_CODE, align 1, keep-with-next
   1578          uint8 *zclParseHdr( zclFrameHdr_t *hdr, uint8 *pData )
   \                     zclParseHdr:
   1579          {
   \   000000   74F4         MOV     A,#-0xc
   \   000002   12....       LCALL   ?BANKED_ENTER_XDATA
   \   000005                ; Saved register size: 12
   \   000005                ; Auto size: 0
   \   000005   8A..         MOV     ?V0 + 0,R2
   \   000007   8B..         MOV     ?V0 + 1,R3
   \   000009   EC           MOV     A,R4
   \   00000A   FE           MOV     R6,A
   \   00000B   ED           MOV     A,R5
   \   00000C   FF           MOV     R7,A
   1580            // Clear the header
   1581            osal_memset( (uint8 *)hdr, 0, sizeof ( zclFrameHdr_t ) );
   \   00000D                ; Setup parameters for call to function osal_memset
   \   00000D   7C06         MOV     R4,#0x6
   \   00000F   7D00         MOV     R5,#0x0
   \   000011   7900         MOV     R1,#0x0
   \   000013   12....       LCALL   ??osal_memset?relay
   1582          
   1583            // Parse the Frame Control
   1584            hdr->fc.type = zcl_FCType( *pData );
   \   000016   85..82       MOV     DPL,?V0 + 0
   \   000019   85..83       MOV     DPH,?V0 + 1
   \   00001C   E0           MOVX    A,@DPTR
   \   00001D   54FC         ANL     A,#0xfc
   \   00001F   F8           MOV     R0,A
   \   000020   A3           INC     DPTR
   \   000021   E0           MOVX    A,@DPTR
   \   000022   F9           MOV     R1,A
   \   000023   8E82         MOV     DPL,R6
   \   000025   8F83         MOV     DPH,R7
   \   000027   E0           MOVX    A,@DPTR
   \   000028   5403         ANL     A,#0x3
   \   00002A   FA           MOV     R2,A
   \   00002B   E8           MOV     A,R0
   \   00002C   4A           ORL     A,R2
   \   00002D   F8           MOV     R0,A
   \   00002E   12....       LCALL   ?Subroutine22 & 0xFFFF
   1585            hdr->fc.manuSpecific = zcl_FCManuSpecific( *pData ) ? 1 : 0;
   \                     ??CrossCallReturnLabel_635:
   \   000031   A2E2         MOV     C,0xE0 /* A   */.2
   \   000033   5004         JNC     ??zclParseHdr_0
   \   000035   D2F0         SETB    B.0
   \   000037   8002         SJMP    ??zclParseHdr_1
   \                     ??zclParseHdr_0:
   \   000039   C2F0         CLR     B.0
   \                     ??zclParseHdr_1:
   \   00003B   E8           MOV     A,R0
   \   00003C   54FB         ANL     A,#0xfb
   \   00003E   FA           MOV     R2,A
   \   00003F   A2F0         MOV     C,B.0
   \   000041   E4           CLR     A
   \   000042   33           RLC     A
   \   000043   F5..         MOV     ?V0 + 2,A
   \   000045   75..00       MOV     ?V0 + 3,#0x0
   \   000048   7402         MOV     A,#0x2
   \   00004A   78..         MOV     R0,#?V0 + 2
   \   00004C   12....       LCALL   ?S_SHL
   \   00004F   EA           MOV     A,R2
   \   000050   45..         ORL     A,?V0 + 2
   \   000052   12....       LCALL   ?Subroutine22 & 0xFFFF
   1586            if ( zcl_FCDirection( *pData ) )
   \                     ??CrossCallReturnLabel_636:
   \   000055   A2E3         MOV     C,0xE0 /* A   */.3
   \   000057   85..82       MOV     DPL,?V0 + 0
   \   00005A   85..83       MOV     DPH,?V0 + 1
   \   00005D   E0           MOVX    A,@DPTR
   \   00005E   5004         JNC     ??zclParseHdr_2
   1587              hdr->fc.direction = ZCL_FRAME_SERVER_CLIENT_DIR;
   \   000060   4408         ORL     A,#0x8
   \   000062   8002         SJMP    ??zclParseHdr_3
   1588            else
   1589              hdr->fc.direction = ZCL_FRAME_CLIENT_SERVER_DIR;
   \                     ??zclParseHdr_2:
   \   000064   54F7         ANL     A,#0xf7
   \                     ??zclParseHdr_3:
   \   000066   F0           MOVX    @DPTR,A
   1590            
   1591            hdr->fc.disableDefaultRsp = zcl_FCDisableDefaultRsp( *pData ) ? 1 : 0;
   \   000067   8E82         MOV     DPL,R6
   \   000069   8F83         MOV     DPH,R7
   \   00006B   E0           MOVX    A,@DPTR
   \   00006C   A2E4         MOV     C,0xE0 /* A   */.4
   \   00006E   5004         JNC     ??zclParseHdr_4
   \   000070   D2F0         SETB    B.0
   \   000072   8002         SJMP    ??zclParseHdr_5
   \                     ??zclParseHdr_4:
   \   000074   C2F0         CLR     B.0
   \                     ??zclParseHdr_5:
   \   000076   85..82       MOV     DPL,?V0 + 0
   \   000079   85..83       MOV     DPH,?V0 + 1
   \   00007C   E0           MOVX    A,@DPTR
   \   00007D   54EF         ANL     A,#0xef
   \   00007F   FA           MOV     R2,A
   \   000080   A3           INC     DPTR
   \   000081   E0           MOVX    A,@DPTR
   \   000082   FB           MOV     R3,A
   \   000083   A2F0         MOV     C,B.0
   \   000085   E4           CLR     A
   \   000086   33           RLC     A
   \   000087   F5..         MOV     ?V0 + 2,A
   \   000089   7404         MOV     A,#0x4
   \   00008B   78..         MOV     R0,#?V0 + 2
   \   00008D   12....       LCALL   ?S_SHL
   \   000090   EA           MOV     A,R2
   \   000091   45..         ORL     A,?V0 + 2
   \   000093   F8           MOV     R0,A
   \   000094   EB           MOV     A,R3
   \   000095   F9           MOV     R1,A
   \   000096   85..82       MOV     DPL,?V0 + 0
   \   000099   85..83       MOV     DPH,?V0 + 1
   \   00009C   E8           MOV     A,R0
   \   00009D   F0           MOVX    @DPTR,A
   \   00009E   A3           INC     DPTR
   \   00009F   E9           MOV     A,R1
   \   0000A0   12....       LCALL   ?Subroutine36 & 0xFFFF
   1592            pData++;  // move past the frame control field
   1593          
   1594            // parse the manfacturer code
   1595            if ( hdr->fc.manuSpecific )
   \                     ??CrossCallReturnLabel_53:
   \   0000A3   E8           MOV     A,R0
   \   0000A4   5404         ANL     A,#0x4
   \   0000A6   6009         JZ      ??CrossCallReturnLabel_396
   1596            {
   1597              hdr->manuCode = BUILD_UINT16( pData[0], pData[1] );
   \   0000A8   E0           MOVX    A,@DPTR
   \   0000A9   FA           MOV     R2,A
   \   0000AA   A3           INC     DPTR
   \   0000AB   12....       LCALL   ??Subroutine233_0 & 0xFFFF
   1598              pData += 2;
   1599            }
   \                     ??CrossCallReturnLabel_503:
   \   0000AE   12....       LCALL   ??Subroutine216_0 & 0xFFFF
   1600          
   1601            // parse the Transaction Sequence Number
   1602            hdr->transSeqNum = *pData++;
   \                     ??CrossCallReturnLabel_396:
   \   0000B1   8E82         MOV     DPL,R6
   \   0000B3   8F83         MOV     DPH,R7
   \   0000B5   12....       LCALL   ?Subroutine106 & 0xFFFF
   \                     ??CrossCallReturnLabel_200:
   \   0000B8   12....       LCALL   ??Subroutine238_0 & 0xFFFF
   1603          
   1604            // parse the Cluster's command ID
   1605            hdr->commandID = *pData++;
   \                     ??CrossCallReturnLabel_530:
   \   0000BB   85..82       MOV     DPL,?V0 + 0
   \   0000BE   85..83       MOV     DPH,?V0 + 1
   \   0000C1   A3           INC     DPTR
   \   0000C2   A3           INC     DPTR
   \   0000C3   A3           INC     DPTR
   \   0000C4   A3           INC     DPTR
   \   0000C5   A3           INC     DPTR
   \   0000C6   12....       LCALL   ?Subroutine38 & 0xFFFF
   1606          
   1607            // Should point to the frame payload
   1608            return ( pData );
   \                     ??CrossCallReturnLabel_58:
   \   0000C9   AA82         MOV     R2,DPL
   \   0000CB   AB83         MOV     R3,DPH
   \   0000CD   02....       LJMP    ?Subroutine1 & 0xFFFF
   1609          }

   \                                 In  segment BANKED_CODE, align 1, keep-with-next
   \                     ??Subroutine216_0:
   \   000000   A3           INC     DPTR
   \   000001                REQUIRE ??Subroutine217_0
   \   000001                ; // Fall through to label ??Subroutine217_0

   \                                 In  segment BANKED_CODE, align 1, keep-with-next
   \                     ??Subroutine217_0:
   \   000000   A3           INC     DPTR
   \   000001   12....       LCALL   ??Subroutine243_0 & 0xFFFF
   \                     ??CrossCallReturnLabel_559:
   \   000004   22           RET

   \                                 In  segment BANKED_CODE, align 1, keep-with-next
   \                     ?Subroutine36:
   \   000000   12....       LCALL   ?Subroutine131 & 0xFFFF
   \                     ??CrossCallReturnLabel_533:
   \   000003   22           RET

   \                                 In  segment BANKED_CODE, align 1, keep-with-next
   \                     ?Subroutine131:
   \   000000   12....       LCALL   ?Subroutine183 & 0xFFFF
   \                     ??CrossCallReturnLabel_536:
   \   000003   AE82         MOV     R6,DPL
   \   000005   AF83         MOV     R7,DPH
   \   000007   22           RET

   \                                 In  segment BANKED_CODE, align 1, keep-with-next
   \                     ??Subroutine233_0:
   \   000000   E0           MOVX    A,@DPTR
   \   000001   F9           MOV     R1,A
   \   000002   EA           MOV     A,R2
   \   000003   85..82       MOV     DPL,?V0 + 0
   \   000006   85..83       MOV     DPH,?V0 + 1
   \   000009   22           RET

   \                                 In  segment BANKED_CODE, align 1, keep-with-next
   \                     ??Subroutine238_0:
   \   000000   A3           INC     DPTR
   \   000001                REQUIRE ??Subroutine239_0
   \   000001                ; // Fall through to label ??Subroutine239_0

   \                                 In  segment BANKED_CODE, align 1, keep-with-next
   \                     ??Subroutine239_0:
   \   000000   12....       LCALL   ?Subroutine131 & 0xFFFF
   \                     ??CrossCallReturnLabel_535:
   \   000003   E0           MOVX    A,@DPTR
   \   000004   22           RET

   \                                 In  segment BANKED_CODE, align 1, keep-with-next
   \                     ??Subroutine243_0:
   \   000000   F0           MOVX    @DPTR,A
   \   000001   A3           INC     DPTR
   \   000002   E9           MOV     A,R1
   \   000003   12....       LCALL   ?Subroutine181 & 0xFFFF
   \                     ??CrossCallReturnLabel_561:
   \   000006   22           RET

   \                                 In  segment BANKED_CODE, align 1, keep-with-next
   \                     ?Subroutine181:
   \   000000   F0           MOVX    @DPTR,A
   \   000001   12....       LCALL   ?Subroutine198 & 0xFFFF
   \                     ??CrossCallReturnLabel_563:
   \   000004   22           RET

   \                                 In  segment BANKED_CODE, align 1, keep-with-next
   \                     ?Subroutine198:
   \   000000   EE           MOV     A,R6
   \   000001   2402         ADD     A,#0x2
   \   000003   0E           INC     R6
   \   000004   0E           INC     R6
   \   000005   EF           MOV     A,R7
   \   000006   3400         ADDC    A,#0x0
   \   000008   FF           MOV     R7,A
   \   000009   22           RET

   \                                 In  segment BANKED_CODE, align 1, keep-with-next
   \                     ?Subroutine38:
   \   000000   12....       LCALL   ?Subroutine183 & 0xFFFF
   \                     ??CrossCallReturnLabel_537:
   \   000003   22           RET

   \                                 In  segment BANKED_CODE, align 1, keep-with-next
   \                     ?Subroutine183:
   \   000000   F0           MOVX    @DPTR,A
   \   000001   8E82         MOV     DPL,R6
   \   000003   8F83         MOV     DPH,R7
   \   000005   A3           INC     DPTR
   \   000006   22           RET

   \                                 In  segment BANKED_CODE, align 1, keep-with-next
   \                     ?Subroutine106:
   \   000000   E0           MOVX    A,@DPTR
   \   000001   85..82       MOV     DPL,?V0 + 0
   \   000004   85..83       MOV     DPH,?V0 + 1
   \   000007   A3           INC     DPTR
   \   000008   A3           INC     DPTR
   \   000009   A3           INC     DPTR
   \   00000A   22           RET

   \                                 In  segment BANKED_CODE, align 1, keep-with-next
   \                     ?Subroutine22:
   \   000000   85..82       MOV     DPL,?V0 + 0
   \   000003   85..83       MOV     DPH,?V0 + 1
   \   000006                REQUIRE ??Subroutine256_0
   \   000006                ; // Fall through to label ??Subroutine256_0

   \                                 In  segment BANKED_CODE, align 1, keep-with-next
   \                     ??Subroutine256_0:
   \   000000   12....       LCALL   ?Subroutine135 & 0xFFFF
   \                     ??CrossCallReturnLabel_640:
   \   000003   22           RET

   \                                 In  segment BANKED_CODE, align 1, keep-with-next
   \                     ?Subroutine135:
   \   000000   F0           MOVX    @DPTR,A
   \   000001   A3           INC     DPTR
   \   000002   E9           MOV     A,R1
   \   000003   F0           MOVX    @DPTR,A
   \   000004   8E82         MOV     DPL,R6
   \   000006   8F83         MOV     DPH,R7
   \   000008   E0           MOVX    A,@DPTR
   \   000009   22           RET
   1610          
   1611          /*********************************************************************
   1612           * @fn      zclBuildHdr
   1613           *
   1614           * @brief   Build header of the ZCL format
   1615           *
   1616           * @param   hdr - outgoing header information
   1617           * @param   pData - outgoing header space
   1618           *
   1619           * @return  pointer past the header
   1620           */

   \                                 In  segment BANKED_CODE, align 1, keep-with-next
   1621          static uint8 *zclBuildHdr( zclFrameHdr_t *hdr, uint8 *pData )
   \                     zclBuildHdr:
   1622          {
   \   000000   74F7         MOV     A,#-0x9
   \   000002   12....       LCALL   ?BANKED_ENTER_XDATA
   \   000005                ; Saved register size: 9
   \   000005                ; Auto size: 0
   \   000005   EA           MOV     A,R2
   \   000006   F8           MOV     R0,A
   \   000007   EB           MOV     A,R3
   \   000008   F9           MOV     R1,A
   \   000009   EC           MOV     A,R4
   \   00000A   FA           MOV     R2,A
   \   00000B   ED           MOV     A,R5
   \   00000C   FB           MOV     R3,A
   1623            // Build the Frame Control byte
   1624            *pData = hdr->fc.type;
   \   00000D   8882         MOV     DPL,R0
   \   00000F   8983         MOV     DPH,R1
   \   000011   E0           MOVX    A,@DPTR
   \   000012   5403         ANL     A,#0x3
   \   000014   8A82         MOV     DPL,R2
   \   000016   8B83         MOV     DPH,R3
   \   000018   12....       LCALL   ??Subroutine218_0 & 0xFFFF
   1625            *pData |= hdr->fc.manuSpecific << 2;
   \                     ??CrossCallReturnLabel_400:
   \   00001B   5404         ANL     A,#0x4
   \   00001D   12....       LCALL   ?Subroutine43 & 0xFFFF
   1626            *pData |= hdr->fc.direction << 3;
   \                     ??CrossCallReturnLabel_398:
   \   000020   5408         ANL     A,#0x8
   \   000022   12....       LCALL   ?Subroutine43 & 0xFFFF
   1627            *pData |= hdr->fc.disableDefaultRsp << 4;
   \                     ??CrossCallReturnLabel_399:
   \   000025   5410         ANL     A,#0x10
   \   000027   FC           MOV     R4,A
   \   000028   8A82         MOV     DPL,R2
   \   00002A   8B83         MOV     DPH,R3
   \   00002C   E0           MOVX    A,@DPTR
   \   00002D   4C           ORL     A,R4
   \   00002E   12....       LCALL   ?Subroutine35 & 0xFFFF
   1628            pData++;  // move past the frame control field
   1629          
   1630            // Add the manfacturer code
   1631            if ( hdr->fc.manuSpecific )
   \                     ??CrossCallReturnLabel_51:
   \   000031   E0           MOVX    A,@DPTR
   \   000032   5404         ANL     A,#0x4
   \   000034   6016         JZ      ??CrossCallReturnLabel_360
   1632            {
   1633              *pData++ = LO_UINT16( hdr->manuCode );
   \   000036   E8           MOV     A,R0
   \   000037   2402         ADD     A,#0x2
   \   000039   FC           MOV     R4,A
   \   00003A   E9           MOV     A,R1
   \   00003B   3400         ADDC    A,#0x0
   \   00003D   FD           MOV     R5,A
   \   00003E   8C82         MOV     DPL,R4
   \   000040   8D83         MOV     DPH,R5
   \   000042   12....       LCALL   ??Subroutine210_0 & 0xFFFF
   1634              *pData++ = HI_UINT16( hdr->manuCode );
   \                     ??CrossCallReturnLabel_358:
   \   000045   8C82         MOV     DPL,R4
   \   000047   8D83         MOV     DPH,R5
   \   000049   12....       LCALL   ??Subroutine209_0 & 0xFFFF
   1635            }
   1636          
   1637            // Add the Transaction Sequence Number
   1638            *pData++ = hdr->transSeqNum;
   \                     ??CrossCallReturnLabel_360:
   \   00004C   8882         MOV     DPL,R0
   \   00004E   8983         MOV     DPH,R1
   \   000050   A3           INC     DPTR
   \   000051   A3           INC     DPTR
   \   000052   A3           INC     DPTR
   \   000053   A3           INC     DPTR
   \   000054   12....       LCALL   ??Subroutine244_0 & 0xFFFF
   \                     ??CrossCallReturnLabel_565:
   \   000057   12....       LCALL   ?Subroutine35 & 0xFFFF
   1639            
   1640            // Add the Cluster's command ID
   1641            *pData++ = hdr->commandID;
   \                     ??CrossCallReturnLabel_52:
   \   00005A   A3           INC     DPTR
   \   00005B   A3           INC     DPTR
   \   00005C   A3           INC     DPTR
   \   00005D   12....       LCALL   ?Subroutine31 & 0xFFFF
   1642          
   1643            // Should point to the frame payload
   1644            return ( pData );
   \                     ??CrossCallReturnLabel_362:
   \   000060                REQUIRE ?Subroutine4
   \   000060                ; // Fall through to label ?Subroutine4
   1645          }

   \                                 In  segment BANKED_CODE, align 1, keep-with-next
   \                     ?Subroutine4:
   \   000000   7F01         MOV     R7,#0x1
   \   000002   02....       LJMP    ?BANKED_LEAVE_XDATA

   \                                 In  segment BANKED_CODE, align 1, keep-with-next
   \                     ?Subroutine43:
   \   000000   FC           MOV     R4,A
   \   000001   8A82         MOV     DPL,R2
   \   000003   8B83         MOV     DPH,R3
   \   000005   E0           MOVX    A,@DPTR
   \   000006   4C           ORL     A,R4
   \   000007                REQUIRE ??Subroutine218_0
   \   000007                ; // Fall through to label ??Subroutine218_0

   \                                 In  segment BANKED_CODE, align 1, keep-with-next
   \                     ??Subroutine218_0:
   \   000000   12....       LCALL   ?Subroutine182 & 0xFFFF
   \                     ??CrossCallReturnLabel_403:
   \   000003   E0           MOVX    A,@DPTR
   \   000004   22           RET

   \                                 In  segment BANKED_CODE, align 1, keep-with-next
   \                     ?Subroutine35:
   \   000000   F0           MOVX    @DPTR,A
   \   000001   A3           INC     DPTR
   \   000002   AA82         MOV     R2,DPL
   \   000004   AB83         MOV     R3,DPH
   \   000006   8882         MOV     DPL,R0
   \   000008   8983         MOV     DPH,R1
   \   00000A   22           RET
   1646          
   1647          /*********************************************************************
   1648           * @fn      zclCalcHdrSize
   1649           *
   1650           * @brief   Calculate the number of bytes needed for an outgoing
   1651           *          ZCL header.
   1652           *
   1653           * @param   hdr - outgoing header information
   1654           *
   1655           * @return  returns the number of bytes needed
   1656           */
   1657          static uint8 zclCalcHdrSize( zclFrameHdr_t *hdr )
   1658          {
   1659            uint8 needed = (1 + 1 + 1); // frame control + transaction seq num + cmd ID
   1660          
   1661            // Add the manfacturer code
   1662            if ( hdr->fc.manuSpecific )
   1663              needed += 2;
   1664          
   1665            return ( needed );
   1666          }
   1667          
   1668          /*********************************************************************
   1669           * @fn      zclFindPlugin
   1670           *
   1671           * @brief   Find the right plugin for a cluster ID
   1672           *
   1673           * @param   clusterID - cluster ID to look for
   1674           * @param   profileID - profile ID
   1675           * 
   1676           * @return  pointer to plugin, NULL if not found
   1677           */
   1678          static zclLibPlugin_t *zclFindPlugin( uint16 clusterID, uint16 profileID )
   1679          {
   1680            zclLibPlugin_t *pLoop;
   1681            
   1682            (void)profileID;  // Intentionally unreferenced parameter
   1683          
   1684            if ( clusterID != ZCL_INVALID_CLUSTER_ID )
   1685            {
   1686              pLoop = plugins;
   1687              while ( pLoop != NULL )
   1688              {
   1689                if ( clusterID >= pLoop->startClusterID && clusterID <= pLoop->endClusterID )
   1690                  return ( pLoop );
   1691                pLoop = pLoop->next;
   1692              }
   1693            }
   1694            return ( (zclLibPlugin_t *)NULL );
   1695          }
   1696          
   1697          /*********************************************************************
   1698           * @fn      zclFindAttrRec
   1699           *
   1700           * @brief   Find the attribute record that matchs the parameters
   1701           *
   1702           * @param   endpoint - Application's endpoint
   1703           * @param   clusterID - cluster ID
   1704           * @param   attrId - attribute looking for
   1705           *
   1706           * @return  TRUE if record found. FALSE, otherwise.
   1707           */

   \                                 In  segment BANKED_CODE, align 1, keep-with-next
   1708          uint8 zclFindAttrRec( uint8 endpoint, uint16 clusterID, uint16 attrId, zclAttrRec_t *pAttr )
   \                     zclFindAttrRec:
   1709          {
   \   000000   74F0         MOV     A,#-0x10
   \   000002   12....       LCALL   ?BANKED_ENTER_XDATA
   \   000005                ; Saved register size: 16
   \   000005                ; Auto size: 0
   \   000005   E9           MOV     A,R1
   \   000006   FE           MOV     R6,A
   \   000007   7410         MOV     A,#0x10
   \   000009   12....       LCALL   ?XSTACK_DISP0_8
   \   00000C   12....       LCALL   ?Subroutine153 & 0xFFFF
   1710            uint8 x;
   1711            zclAttrRecsList *pLoop;
   1712          
   1713            pLoop = attrList;
   \                     ??CrossCallReturnLabel_263:
   \   00000F   90....       MOV     DPTR,#attrList
   \   000012   8006         SJMP    ??zclFindAttrRec_0
   1714          
   1715            while ( pLoop != NULL )
   1716            {
   1717              if ( pLoop->endpoint == endpoint )
   1718              {
   1719                for ( x = 0; x < pLoop->numAttributes; x++ )
   1720                {
   1721                  if ( pLoop->attrs[x].clusterID == clusterID && pLoop->attrs[x].attr.attrId == attrId )
   1722                  {
   1723                    *pAttr = pLoop->attrs[x];
   1724                    return ( TRUE ); // EMBEDDED RETURN
   1725                  }
   1726                }
   1727              }
   1728              pLoop = pLoop->next;
   \                     ??zclFindAttrRec_1:
   \   000014   85..82       MOV     DPL,?V0 + 2
   \   000017   85..83       MOV     DPH,?V0 + 3
   \                     ??zclFindAttrRec_0:
   \   00001A   12....       LCALL   ?Subroutine148 & 0xFFFF
   \                     ??CrossCallReturnLabel_256:
   \   00001D   E5..         MOV     A,?V0 + 2
   \   00001F   45..         ORL     A,?V0 + 3
   \   000021   7003         JNZ     $+5
   \   000023   02....       LJMP    ??zclFindAttrRec_2 & 0xFFFF
   \   000026   85..82       MOV     DPL,?V0 + 2
   \   000029   85..83       MOV     DPH,?V0 + 3
   \   00002C   A3           INC     DPTR
   \   00002D   A3           INC     DPTR
   \   00002E   E0           MOVX    A,@DPTR
   \   00002F   6E           XRL     A,R6
   \   000030   70E2         JNZ     ??zclFindAttrRec_1
   \   000032   7F00         MOV     R7,#0x0
   \   000034   E5..         MOV     A,?V0 + 2
   \   000036   2404         ADD     A,#0x4
   \   000038   F5..         MOV     ?V0 + 4,A
   \   00003A   E5..         MOV     A,?V0 + 3
   \   00003C   3400         ADDC    A,#0x0
   \   00003E   F5..         MOV     ?V0 + 5,A
   \   000040   8001         SJMP    ??zclFindAttrRec_3
   \                     ??zclFindAttrRec_4:
   \   000042   0F           INC     R7
   \                     ??zclFindAttrRec_3:
   \   000043   85..82       MOV     DPL,?V0 + 2
   \   000046   85..83       MOV     DPH,?V0 + 3
   \   000049   A3           INC     DPTR
   \   00004A   A3           INC     DPTR
   \   00004B   A3           INC     DPTR
   \   00004C   E0           MOVX    A,@DPTR
   \   00004D   F8           MOV     R0,A
   \   00004E   EF           MOV     A,R7
   \   00004F   C3           CLR     C
   \   000050   98           SUBB    A,R0
   \   000051   50C1         JNC     ??zclFindAttrRec_1
   \   000053   8F..         MOV     ?V0 + 0,R7
   \   000055   75..00       MOV     ?V0 + 1,#0x0
   \   000058   7403         MOV     A,#0x3
   \   00005A   78..         MOV     R0,#?V0 + 0
   \   00005C   12....       LCALL   ?S_SHL
   \   00005F   A8..         MOV     R0,?V0 + 0
   \   000061   A9..         MOV     R1,?V0 + 1
   \   000063   85..82       MOV     DPL,?V0 + 4
   \   000066   85..83       MOV     DPH,?V0 + 5
   \   000069   E0           MOVX    A,@DPTR
   \   00006A   28           ADD     A,R0
   \   00006B   F5..         MOV     ?V0 + 0,A
   \   00006D   A3           INC     DPTR
   \   00006E   E0           MOVX    A,@DPTR
   \   00006F   39           ADDC    A,R1
   \   000070   85..82       MOV     DPL,?V0 + 0
   \   000073   F583         MOV     DPH,A
   \   000075   12....       LCALL   ?Subroutine127 & 0xFFFF
   \                     ??CrossCallReturnLabel_230:
   \   000078   EA           MOV     A,R2
   \   000079   65..         XRL     A,?V0 + 0
   \   00007B   7003         JNZ     ??zclFindAttrRec_5
   \   00007D   EB           MOV     A,R3
   \   00007E   65..         XRL     A,?V0 + 1
   \                     ??zclFindAttrRec_5:
   \   000080   70C0         JNZ     ??zclFindAttrRec_4
   \   000082   A3           INC     DPTR
   \   000083   A3           INC     DPTR
   \   000084   12....       LCALL   ?Subroutine127 & 0xFFFF
   \                     ??CrossCallReturnLabel_231:
   \   000087   EC           MOV     A,R4
   \   000088   65..         XRL     A,?V0 + 0
   \   00008A   7003         JNZ     ??zclFindAttrRec_6
   \   00008C   ED           MOV     A,R5
   \   00008D   65..         XRL     A,?V0 + 1
   \                     ??zclFindAttrRec_6:
   \   00008F   70B1         JNZ     ??zclFindAttrRec_4
   \   000091   85..82       MOV     DPL,?V0 + 4
   \   000094   85..83       MOV     DPH,?V0 + 5
   \   000097   12....       LCALL   ?Subroutine168 & 0xFFFF
   \                     ??CrossCallReturnLabel_276:
   \   00009A   F583         MOV     DPH,A
   \   00009C   AC..         MOV     R4,?V0 + 6
   \   00009E   AD..         MOV     R5,?V0 + 7
   \   0000A0   7408         MOV     A,#0x8
   \   0000A2   12....       LCALL   ?MOVE_LONG8_XDATA_CODE
   \   0000A5   7901         MOV     R1,#0x1
   \   0000A7   8002         SJMP    ??zclFindAttrRec_7
   1729            }
   1730          
   1731            return ( FALSE );
   \                     ??zclFindAttrRec_2:
   \   0000A9   7900         MOV     R1,#0x0
   \                     ??zclFindAttrRec_7:
   \   0000AB   02....       LJMP    ??Subroutine215_0 & 0xFFFF
   1732          }

   \                                 In  segment BANKED_CODE, align 1, keep-with-next
   \                     ?Subroutine127:
   \   000000   E4           CLR     A
   \   000001   93           MOVC    A,@A+DPTR
   \   000002   F5..         MOV     ?V0 + 0,A
   \   000004   7401         MOV     A,#0x1
   \   000006   93           MOVC    A,@A+DPTR
   \   000007   F5..         MOV     ?V0 + 1,A
   \   000009   22           RET
   1733          
   1734          /*********************************************************************
   1735           * @fn      zclFindClusterOption
   1736           *
   1737           * @brief   Find the option record that matchs the cluster id
   1738           *
   1739           * @param   endpoint - Application's endpoint
   1740           * @param   clusterID - cluster ID looking for
   1741           *
   1742           * @return  pointer to clutser option, NULL if not found
   1743           */

   \                                 In  segment BANKED_CODE, align 1, keep-with-next
   1744          static zclOptionRec_t *zclFindClusterOption( uint8 endpoint, uint16 clusterID )
   \                     zclFindClusterOption:
   1745          {
   \   000000   74F5         MOV     A,#-0xb
   \   000002   12....       LCALL   ?BANKED_ENTER_XDATA
   \   000005                ; Saved register size: 11
   \   000005                ; Auto size: 0
   \   000005   E9           MOV     A,R1
   \   000006   FE           MOV     R6,A
   1746            uint8 x;
   1747            zclClusterOptionList *pLoop;
   1748          
   1749            pLoop = clusterOptionList;
   \   000007   90....       MOV     DPTR,#clusterOptionList
   \   00000A   8004         SJMP    ??zclFindClusterOption_0
   1750          
   1751            while ( pLoop != NULL )
   1752            {
   1753              if ( pLoop->endpoint == endpoint )
   1754              {
   1755                for ( x = 0; x < pLoop->numOptions; x++ )
   1756                {
   1757                  if ( pLoop->options[x].clusterID == clusterID )
   1758                    return ( &(pLoop->options[x]) ); // EMBEDDED RETURN
   1759                }
   1760              }
   1761              pLoop = pLoop->next;
   \                     ??zclFindClusterOption_1:
   \   00000C   8882         MOV     DPL,R0
   \   00000E   8983         MOV     DPH,R1
   \                     ??zclFindClusterOption_0:
   \   000010   12....       LCALL   ??Subroutine228_0 & 0xFFFF
   \                     ??CrossCallReturnLabel_472:
   \   000013   605D         JZ      ??zclFindClusterOption_2
   \   000015   8882         MOV     DPL,R0
   \   000017   8983         MOV     DPH,R1
   \   000019   A3           INC     DPTR
   \   00001A   A3           INC     DPTR
   \   00001B   E0           MOVX    A,@DPTR
   \   00001C   6E           XRL     A,R6
   \   00001D   70ED         JNZ     ??zclFindClusterOption_1
   \   00001F   75..00       MOV     ?V0 + 2,#0x0
   \   000022   E8           MOV     A,R0
   \   000023   2404         ADD     A,#0x4
   \   000025   FC           MOV     R4,A
   \   000026   E9           MOV     A,R1
   \   000027   3400         ADDC    A,#0x0
   \   000029   FD           MOV     R5,A
   \   00002A   8C..         MOV     ?V0 + 0,R4
   \   00002C   8D..         MOV     ?V0 + 1,R5
   \   00002E   8002         SJMP    ??zclFindClusterOption_3
   \                     ??zclFindClusterOption_4:
   \   000030   05..         INC     ?V0 + 2
   \                     ??zclFindClusterOption_3:
   \   000032   8882         MOV     DPL,R0
   \   000034   8983         MOV     DPH,R1
   \   000036   A3           INC     DPTR
   \   000037   A3           INC     DPTR
   \   000038   A3           INC     DPTR
   \   000039   E0           MOVX    A,@DPTR
   \   00003A   FC           MOV     R4,A
   \   00003B   E5..         MOV     A,?V0 + 2
   \   00003D   C3           CLR     C
   \   00003E   9C           SUBB    A,R4
   \   00003F   50CB         JNC     ??zclFindClusterOption_1
   \   000041   E5..         MOV     A,?V0 + 2
   \   000043   75F003       MOV     B,#0x3
   \   000046   A4           MUL     AB
   \   000047   FC           MOV     R4,A
   \   000048   ADF0         MOV     R5,B
   \   00004A   85..82       MOV     DPL,?V0 + 0
   \   00004D   85..83       MOV     DPH,?V0 + 1
   \   000050   E0           MOVX    A,@DPTR
   \   000051   2C           ADD     A,R4
   \   000052   FF           MOV     R7,A
   \   000053   A3           INC     DPTR
   \   000054   E0           MOVX    A,@DPTR
   \   000055   3D           ADDC    A,R5
   \   000056   8F82         MOV     DPL,R7
   \   000058   F583         MOV     DPH,A
   \   00005A   E0           MOVX    A,@DPTR
   \   00005B   6A           XRL     A,R2
   \   00005C   7003         JNZ     ??zclFindClusterOption_5
   \   00005E   A3           INC     DPTR
   \   00005F   E0           MOVX    A,@DPTR
   \   000060   6B           XRL     A,R3
   \                     ??zclFindClusterOption_5:
   \   000061   70CD         JNZ     ??zclFindClusterOption_4
   \   000063   85..82       MOV     DPL,?V0 + 0
   \   000066   85..83       MOV     DPH,?V0 + 1
   \   000069   E0           MOVX    A,@DPTR
   \   00006A   2C           ADD     A,R4
   \   00006B   FA           MOV     R2,A
   \   00006C   A3           INC     DPTR
   \   00006D   E0           MOVX    A,@DPTR
   \   00006E   3D           ADDC    A,R5
   \   00006F   FB           MOV     R3,A
   \   000070   8004         SJMP    ??zclFindClusterOption_6
   1762            }
   1763          
   1764            return ( NULL );
   \                     ??zclFindClusterOption_2:
   \   000072   7A00         MOV     R2,#0x0
   \   000074   7B00         MOV     R3,#0x0
   \                     ??zclFindClusterOption_6:
   \   000076   02....       LJMP    ?Subroutine3 & 0xFFFF
   1765          }
   1766          
   1767          /*********************************************************************
   1768           * @fn      zclGetClusterOption
   1769           *
   1770           * @brief   Get the option record that matchs the cluster id
   1771           *
   1772           * @param   endpoint - Application's endpoint
   1773           * @param   clusterID - cluster ID looking for
   1774           *
   1775           * @return  clutser option, AF_TX_OPTIONS_NONE if not found
   1776           */

   \                                 In  segment BANKED_CODE, align 1, keep-with-next
   1777          static uint8 zclGetClusterOption( uint8 endpoint, uint16 clusterID )
   \                     zclGetClusterOption:
   1778          {
   \   000000   74F6         MOV     A,#-0xa
   \   000002   12....       LCALL   ?BANKED_ENTER_XDATA
   \   000005                ; Saved register size: 10
   \   000005                ; Auto size: 0
   1779            uint8 option;
   1780            zclOptionRec_t *pOption;
   1781          
   1782             pOption = zclFindClusterOption( endpoint, clusterID );
   \   000005                ; Setup parameters for call to function zclFindClusterOption
   \   000005   12....       LCALL   ??zclFindClusterOption?relay
   \   000008   8A82         MOV     DPL,R2
   \   00000A   8B83         MOV     DPH,R3
   1783            if ( pOption != NULL )
   \   00000C   E582         MOV     A,DPL
   \   00000E   4583         ORL     A,DPH
   \   000010   6008         JZ      ??zclGetClusterOption_0
   1784            {
   1785              option = pOption->option;
   1786              if ( !ZG_SECURE_ENABLED )
   1787                option &= (AF_EN_SECURITY ^ 0xFF); // make sure Application Link Key security is off
   1788          
   1789              return ( option ); // EMBEDDED RETURN
   \   000012   A3           INC     DPTR
   \   000013   A3           INC     DPTR
   \   000014   E0           MOVX    A,@DPTR
   \   000015   54BF         ANL     A,#0xbf
   \   000017   F9           MOV     R1,A
   \   000018   8002         SJMP    ??zclGetClusterOption_1
   1790            }
   1791          
   1792            return ( AF_TX_OPTIONS_NONE );
   \                     ??zclGetClusterOption_0:
   \   00001A   7900         MOV     R1,#0x0
   \                     ??zclGetClusterOption_1:
   \   00001C                REQUIRE ?Subroutine5
   \   00001C                ; // Fall through to label ?Subroutine5
   1793          }

   \                                 In  segment BANKED_CODE, align 1, keep-with-next
   \                     ?Subroutine5:
   \   000000   7F02         MOV     R7,#0x2
   \   000002   02....       LJMP    ?BANKED_LEAVE_XDATA
   1794          
   1795          /*********************************************************************
   1796           * @fn      zclSetSecurityOption
   1797           *
   1798           * @brief   Set the security option for the cluster id
   1799           *
   1800           * @param   endpoint - Application's endpoint
   1801           * @param   clusterID - cluster ID looking for
   1802           * @param   enable - whether to enable (TRUE) or disable (FALSE) security option
   1803           *
   1804           * @return  none
   1805           */

   \                                 In  segment BANKED_CODE, align 1, keep-with-next
   1806          static void zclSetSecurityOption( uint8 endpoint, uint16 clusterID, uint8 enable )
   \                     zclSetSecurityOption:
   1807          {
   \   000000   74F6         MOV     A,#-0xa
   \   000002   12....       LCALL   ?BANKED_ENTER_XDATA
   \   000005                ; Saved register size: 10
   \   000005                ; Auto size: 0
   \   000005   EC           MOV     A,R4
   \   000006   FF           MOV     R7,A
   1808            zclOptionRec_t *pOption;
   1809          
   1810            pOption = zclFindClusterOption( endpoint, clusterID );
   \   000007                ; Setup parameters for call to function zclFindClusterOption
   \   000007   12....       LCALL   ??zclFindClusterOption?relay
   \   00000A   8A..         MOV     ?V0 + 0,R2
   \   00000C   8B..         MOV     ?V0 + 1,R3
   \   00000E   A8..         MOV     R0,?V0 + 0
   \   000010   A9..         MOV     R1,?V0 + 1
   1811            if ( pOption != NULL )
   \   000012   E8           MOV     A,R0
   \   000013   49           ORL     A,R1
   \   000014   6015         JZ      ??zclSetSecurityOption_0
   1812            {
   1813              if ( enable )
   \   000016   E8           MOV     A,R0
   \   000017   2402         ADD     A,#0x2
   \   000019   F582         MOV     DPL,A
   \   00001B   E9           MOV     A,R1
   \   00001C   12....       LCALL   ??Subroutine254_0 & 0xFFFF
   \                     ??CrossCallReturnLabel_621:
   \   00001F   EF           MOV     A,R7
   \   000020   6005         JZ      ??zclSetSecurityOption_1
   1814                pOption->option |= AF_EN_SECURITY;
   \   000022   E0           MOVX    A,@DPTR
   \   000023   D2E6         SETB    0xE0 /* A   */.6
   \   000025   8003         SJMP    ??zclSetSecurityOption_2
   1815              else
   1816                pOption->option &= (AF_EN_SECURITY ^ 0xFF);
   \                     ??zclSetSecurityOption_1:
   \   000027   E0           MOVX    A,@DPTR
   \   000028   C2E6         CLR     0xE0 /* A   */.6
   \                     ??zclSetSecurityOption_2:
   \   00002A   F0           MOVX    @DPTR,A
   1817            }
   1818          }
   \                     ??zclSetSecurityOption_0:
   \   00002B   80..         SJMP    ?Subroutine5
   1819          
   1820          #ifdef ZCL_DISCOVER
   1821          /*********************************************************************
   1822           * @fn      zclFindNextAttrRec
   1823           *
   1824           * @brief   Find the attribute (or next) record that matchs the parameters
   1825           *
   1826           * @param   endpoint - Application's endpoint
   1827           * @param   clusterID - cluster ID
   1828           * @param   attr - attribute looking for
   1829           *
   1830           * @return  pointer to attribute record, NULL if not found
   1831           */
   1832          static uint8 zclFindNextAttrRec( uint8 endpoint, uint16 clusterID,
   1833                                           uint16 *attrId, zclAttrRec_t *pAttr )
   1834          {
   1835            uint16 x;
   1836            zclAttrRecsList *pLoop;
   1837          
   1838            pLoop = attrList;
   1839          
   1840            while ( pLoop != NULL )
   1841            {
   1842              if ( pLoop->endpoint == endpoint )
   1843              {
   1844                for ( x = 0; x < pLoop->numAttributes; x++ )
   1845                {
   1846                  if ( pLoop->attrs[x].clusterID == clusterID && pLoop->attrs[x].attr.attrId >= *attrId )
   1847                  {
   1848                    *pAttr = pLoop->attrs[x];
   1849                    
   1850                    // Update attribute ID
   1851                    *attrId = pAttr->attr.attrId; 
   1852                    return ( TRUE ); // EMBEDDED RETURN
   1853                  }
   1854                }
   1855              }
   1856              pLoop = pLoop->next;
   1857            }
   1858          
   1859            return ( FALSE );
   1860          }
   1861          #endif // ZCL_DISCOVER
   1862          
   1863          #if defined(ZCL_READ) || defined(ZCL_WRITE) || defined(ZCL_REPORT)
   1864          /*********************************************************************
   1865           * @fn      zclSerializeData
   1866           *
   1867           * @brief   Builds a buffer from the attribute data to sent out over
   1868           *          the air.
   1869           *
   1870           * @param   dataType - data types defined in zcl.h
   1871           * @param   attrData - pointer to the attribute data
   1872           * @param   buf - where to put the serialized data
   1873           *
   1874           * @return  none
   1875           */

   \                                 In  segment BANKED_CODE, align 1, keep-with-next
   1876          static void zclSerializeData( uint8 dataType, void *attrData, uint8 *buf )
   \                     zclSerializeData:
   1877          {
   \   000000   74F0         MOV     A,#-0x10
   \   000002   12....       LCALL   ?BANKED_ENTER_XDATA
   \   000005                ; Saved register size: 16
   \   000005                ; Auto size: 0
   \   000005   EA           MOV     A,R2
   \   000006   FE           MOV     R6,A
   \   000007   EB           MOV     A,R3
   \   000008   FF           MOV     R7,A
   \   000009   EC           MOV     A,R4
   \   00000A   FA           MOV     R2,A
   \   00000B   ED           MOV     A,R5
   \   00000C   FB           MOV     R3,A
   1878            uint8 *pStr;
   1879            uint8 len;
   1880          
   1881            switch ( dataType )
   \   00000D   8E..         MOV     ?V0 + 0,R6
   \   00000F   8F..         MOV     ?V0 + 1,R7
   \   000011   75..00       MOV     ?V0 + 2,#0x0
   \   000014   8A82         MOV     DPL,R2
   \   000016   8B83         MOV     DPH,R3
   \   000018   A3           INC     DPTR
   \   000019   AC82         MOV     R4,DPL
   \   00001B   AD83         MOV     R5,DPH
   \   00001D   E9           MOV     A,R1
   \   00001E   12....       LCALL   ?UC_SWITCH_SPARSE
   \                     `?<Jumptable for zclSerializeData>_0`:
   \   000021   03           DB        3
   \   000022   41           DB        65
   \   000023   42           DB        66
   \   000024   ....         DW        ??zclSerializeData_0
   \   000026   E0           DB        224
   \   000027   E2           DB        226
   \   000028   ....         DW        ??zclSerializeData_1
   \   00002A   E8           DB        232
   \   00002B   E9           DB        233
   \   00002C   ....         DW        ??zclSerializeData_2
   \   00002E   19           DB        25
   \   00002F   08           DB        8
   \   000030   ....         DW        ??zclSerializeData_3
   \   000032   09           DB        9
   \   000033   ....         DW        ??zclSerializeData_2
   \   000035   0A           DB        10
   \   000036   ....         DW        ??zclSerializeData_4
   \   000038   0B           DB        11
   \   000039   ....         DW        ??zclSerializeData_1
   \   00003B   10           DB        16
   \   00003C   ....         DW        ??zclSerializeData_3
   \   00003E   18           DB        24
   \   00003F   ....         DW        ??zclSerializeData_3
   \   000041   19           DB        25
   \   000042   ....         DW        ??zclSerializeData_2
   \   000044   1A           DB        26
   \   000045   ....         DW        ??zclSerializeData_4
   \   000047   1B           DB        27
   \   000048   ....         DW        ??zclSerializeData_1
   \   00004A   20           DB        32
   \   00004B   ....         DW        ??zclSerializeData_3
   \   00004D   21           DB        33
   \   00004E   ....         DW        ??zclSerializeData_2
   \   000050   22           DB        34
   \   000051   ....         DW        ??zclSerializeData_4
   \   000053   23           DB        35
   \   000054   ....         DW        ??zclSerializeData_1
   \   000056   24           DB        36
   \   000057   ....         DW        ??zclSerializeData_5
   \   000059   25           DB        37
   \   00005A   ....         DW        ??zclSerializeData_6
   \   00005C   28           DB        40
   \   00005D   ....         DW        ??zclSerializeData_3
   \   00005F   29           DB        41
   \   000060   ....         DW        ??zclSerializeData_2
   \   000062   2A           DB        42
   \   000063   ....         DW        ??zclSerializeData_4
   \   000065   2B           DB        43
   \   000066   ....         DW        ??zclSerializeData_1
   \   000068   30           DB        48
   \   000069   ....         DW        ??zclSerializeData_3
   \   00006B   31           DB        49
   \   00006C   ....         DW        ??zclSerializeData_2
   \   00006E   38           DB        56
   \   00006F   ....         DW        ??zclSerializeData_2
   \   000071   39           DB        57
   \   000072   ....         DW        ??zclSerializeData_1
   \   000074   EA           DB        234
   \   000075   ....         DW        ??zclSerializeData_1
   \   000077   F0           DB        240
   \   000078   ....         DW        ??zclSerializeData_7
   \   00007A   ....         DW        ??zclSerializeData_8
   1882            {
   1883              case ZCL_DATATYPE_DATA8:
   1884              case ZCL_DATATYPE_BOOLEAN:
   1885              case ZCL_DATATYPE_BITMAP8:
   1886              case ZCL_DATATYPE_INT8:
   1887              case ZCL_DATATYPE_UINT8:
   1888              case ZCL_DATATYPE_ENUM8:
   1889                *buf = *((uint8 *)attrData);
   \                     ??zclSerializeData_3:
   \   00007C   8E82         MOV     DPL,R6
   \   00007E   8F83         MOV     DPH,R7
   \                     ??zclSerializeData_9:
   \   000080   12....       LCALL   ??Subroutine244_0 & 0xFFFF
   \                     ??CrossCallReturnLabel_566:
   \   000083   F0           MOVX    @DPTR,A
   1890                 break;
   \   000084   02....       LJMP    ??zclSerializeData_8 & 0xFFFF
   1891          
   1892              case ZCL_DATATYPE_DATA16:
   1893              case ZCL_DATATYPE_BITMAP16:
   1894              case ZCL_DATATYPE_UINT16:
   1895              case ZCL_DATATYPE_INT16: 
   1896              case ZCL_DATATYPE_ENUM16:
   1897              case ZCL_DATATYPE_SEMI_PREC:
   1898              case ZCL_DATATYPE_CLUSTER_ID:
   1899              case ZCL_DATATYPE_ATTR_ID:
   1900                *buf++ = LO_UINT16( *((uint16*)attrData) );
   \                     ??zclSerializeData_2:
   \   000087   12....       LCALL   ?Subroutine81 & 0xFFFF
   \                     ??CrossCallReturnLabel_569:
   \   00008A   12....       LCALL   ?Subroutine44 & 0xFFFF
   1901                *buf++ = HI_UINT16( *((uint16*)attrData) );
   \                     ??CrossCallReturnLabel_66:
   \   00008D   A3           INC     DPTR
   \   00008E   80F0         SJMP    ??zclSerializeData_9
   1902                break;
   1903          
   1904              case ZCL_DATATYPE_DATA24:
   1905              case ZCL_DATATYPE_BITMAP24: 
   1906              case ZCL_DATATYPE_UINT24:
   1907              case ZCL_DATATYPE_INT24:
   1908                *buf++ = BREAK_UINT32( *((uint32*)attrData), 0 );
   \                     ??zclSerializeData_4:
   \   000090   8E82         MOV     DPL,R6
   \   000092   8F83         MOV     DPH,R7
   \   000094   78..         MOV     R0,#?V0 + 0
   \   000096   12....       LCALL   ?L_MOV_X
   \   000099   8A82         MOV     DPL,R2
   \   00009B   8B83         MOV     DPH,R3
   \   00009D   E5..         MOV     A,?V0 + 0
   \   00009F   12....       LCALL   ?Subroutine44 & 0xFFFF
   1909                *buf++ = BREAK_UINT32( *((uint32*)attrData), 1 );
   \                     ??CrossCallReturnLabel_67:
   \   0000A2   78..         MOV     R0,#?V0 + 0
   \   0000A4   12....       LCALL   ?L_MOV_X
   \   0000A7   E5..         MOV     A,?V0 + 1
   \   0000A9   12....       LCALL   ??Subroutine211_0 & 0xFFFF
   1910                *buf++ = BREAK_UINT32( *((uint32*)attrData), 2 );
   \                     ??CrossCallReturnLabel_356:
   \   0000AC   8E82         MOV     DPL,R6
   \   0000AE   8F83         MOV     DPH,R7
   \   0000B0   78..         MOV     R0,#?V0 + 0
   \   0000B2   12....       LCALL   ?L_MOV_X
   \   0000B5   7410         MOV     A,#0x10
   \   0000B7   78..         MOV     R0,#?V0 + 0
   \   0000B9   12....       LCALL   ?UL_SHR
   \   0000BC   8A82         MOV     DPL,R2
   \   0000BE   8B83         MOV     DPH,R3
   \   0000C0   E5..         MOV     A,?V0 + 0
   \   0000C2   80BF         SJMP    ??CrossCallReturnLabel_566
   1911                break;
   1912                
   1913              case ZCL_DATATYPE_DATA32:
   1914              case ZCL_DATATYPE_BITMAP32:
   1915              case ZCL_DATATYPE_UINT32:
   1916              case ZCL_DATATYPE_INT32:
   1917              case ZCL_DATATYPE_SINGLE_PREC:
   1918              case ZCL_DATATYPE_TOD:
   1919              case ZCL_DATATYPE_DATE:
   1920              case ZCL_DATATYPE_UTC:
   1921              case ZCL_DATATYPE_BAC_OID:
   1922                buf = osal_buffer_uint32( buf, *((uint32*)attrData) );
   \                     ??zclSerializeData_1:
   \   0000C4                ; Setup parameters for call to function osal_buffer_uint32
   \   0000C4   8E82         MOV     DPL,R6
   \   0000C6   8F83         MOV     DPH,R7
   \   0000C8   12....       LCALL   ?PUSH_XSTACK8_X_FOUR
   \   0000CB   12....       LCALL   ??osal_buffer_uint32?relay
   \   0000CE   7404         MOV     A,#0x4
   \   0000D0   12....       LCALL   ?DEALLOC_XSTACK8
   1923                break;
   \   0000D3   8043         SJMP    ??zclSerializeData_8
   1924                
   1925              case ZCL_DATATYPE_UINT40:
   1926                pStr = (uint8*)attrData;
   1927                osal_memcpy( buf, pStr, 5 );
   \                     ??zclSerializeData_5:
   \   0000D5                ; Setup parameters for call to function osal_memcpy
   \   0000D5   78..         MOV     R0,#?V0 + 0
   \   0000D7   12....       LCALL   ?PUSH_XSTACK_I_THREE
   \   0000DA   7C05         MOV     R4,#0x5
   \   0000DC   8032         SJMP    ??zclSerializeData_10
   1928                break;
   1929                
   1930              case ZCL_DATATYPE_UINT48:
   1931                pStr = (uint8*)attrData;
   1932                osal_memcpy( buf, pStr, 6 );
   \                     ??zclSerializeData_6:
   \   0000DE                ; Setup parameters for call to function osal_memcpy
   \   0000DE   78..         MOV     R0,#?V0 + 0
   \   0000E0   12....       LCALL   ?PUSH_XSTACK_I_THREE
   \   0000E3   7C06         MOV     R4,#0x6
   \   0000E5   8029         SJMP    ??zclSerializeData_10
   1933                break;
   1934                
   1935              case ZCL_DATATYPE_IEEE_ADDR:
   1936                pStr = (uint8*)attrData;
   1937                osal_memcpy( buf, pStr, 8 );
   \                     ??zclSerializeData_7:
   \   0000E7                ; Setup parameters for call to function osal_memcpy
   \   0000E7   78..         MOV     R0,#?V0 + 0
   \   0000E9   12....       LCALL   ?PUSH_XSTACK_I_THREE
   \   0000EC   7C08         MOV     R4,#0x8
   \   0000EE   8020         SJMP    ??zclSerializeData_10
   1938                break;
   1939                
   1940              case ZCL_DATATYPE_CHAR_STR:
   1941              case ZCL_DATATYPE_OCTET_STR:
   1942                pStr = (uint8*)attrData;
   1943                len = *pStr++;
   \                     ??zclSerializeData_0:
   \   0000F0   8E82         MOV     DPL,R6
   \   0000F2   8F83         MOV     DPH,R7
   \   0000F4   E0           MOVX    A,@DPTR
   \   0000F5   F5..         MOV     ?V0 + 6,A
   \   0000F7   A3           INC     DPTR
   \   0000F8   AE82         MOV     R6,DPL
   \   0000FA   AF83         MOV     R7,DPH
   1944                *buf++ = len;
   \   0000FC   8A82         MOV     DPL,R2
   \   0000FE   8B83         MOV     DPH,R3
   \   000100   F0           MOVX    @DPTR,A
   \   000101   EC           MOV     A,R4
   \   000102   FA           MOV     R2,A
   \   000103   ED           MOV     A,R5
   \   000104   FB           MOV     R3,A
   1945                osal_memcpy( buf, pStr, len );
   \   000105                ; Setup parameters for call to function osal_memcpy
   \   000105   8E..         MOV     ?V0 + 0,R6
   \   000107   8F..         MOV     ?V0 + 1,R7
   \   000109   78..         MOV     R0,#?V0 + 0
   \   00010B   12....       LCALL   ?PUSH_XSTACK_I_THREE
   \   00010E   AC..         MOV     R4,?V0 + 6
   \                     ??zclSerializeData_10:
   \   000110   7D00         MOV     R5,#0x0
   \   000112   12....       LCALL   ??Subroutine222_0 & 0xFFFF
   \                     ??CrossCallReturnLabel_423:
   \   000115   12....       LCALL   ?DEALLOC_XSTACK8
   1946                break;
   1947                
   1948              case ZCL_DATATYPE_NO_DATA:
   1949              case ZCL_DATATYPE_UNKNOWN:
   1950                // Fall through
   1951          
   1952              default:
   1953                break;
   1954            }
   1955          }
   \                     ??zclSerializeData_8:
   \   000118   02....       LJMP    ??Subroutine215_0 & 0xFFFF

   \                                 In  segment BANKED_CODE, align 1, keep-with-next
   \                     ?Subroutine44:
   \   000000   F0           MOVX    @DPTR,A
   \   000001   EC           MOV     A,R4
   \   000002   FA           MOV     R2,A
   \   000003   ED           MOV     A,R5
   \   000004   FB           MOV     R3,A
   \   000005   8E82         MOV     DPL,R6
   \   000007   8F83         MOV     DPH,R7
   \   000009   22           RET

   \                                 In  segment BANKED_CODE, align 1, keep-with-next
   \                     ?Subroutine81:
   \   000000   8E82         MOV     DPL,R6
   \   000002   8F83         MOV     DPH,R7
   \   000004                REQUIRE ??Subroutine244_0
   \   000004                ; // Fall through to label ??Subroutine244_0
   1956          #endif // ZCL_READ || ZCL_WRITE || ZCL_REPORT
   1957          
   1958          #ifdef ZCL_REPORT
   1959          /*********************************************************************
   1960           * @fn      zclAnalogDataType
   1961           *
   1962           * @brief   Checks to see if Data Type is Analog
   1963           *
   1964           * @param   dataType - data type
   1965           *
   1966           * @return  TRUE if data type is analog
   1967           */

   \                                 In  segment BANKED_CODE, align 1, keep-with-next
   1968          uint8 zclAnalogDataType( uint8 dataType )
   \                     zclAnalogDataType:
   1969          {
   \   000000   C082         PUSH    DPL
   \   000002   C083         PUSH    DPH
   \   000004                ; Saved register size: 2
   \   000004                ; Auto size: 0
   \   000004   E9           MOV     A,R1
   1970            uint8 analog;
   1971            
   1972            switch ( dataType )
   \   000005   12....       LCALL   ?UC_SWITCH_SPARSE
   \                     `?<Jumptable for zclAnalogDataType>_0`:
   \   000008   04           DB        4
   \   000009   20           DB        32
   \   00000A   25           DB        37
   \   00000B   ....         DW        ??zclAnalogDataType_0
   \   00000D   28           DB        40
   \   00000E   2B           DB        43
   \   00000F   ....         DW        ??zclAnalogDataType_0
   \   000011   38           DB        56
   \   000012   3A           DB        58
   \   000013   ....         DW        ??zclAnalogDataType_0
   \   000015   E0           DB        224
   \   000016   E2           DB        226
   \   000017   ....         DW        ??zclAnalogDataType_0
   \   000019   00           DB        0
   \   00001A   ....         DW        ??zclAnalogDataType_1
   1973            {
   1974              case ZCL_DATATYPE_UINT8:
   1975              case ZCL_DATATYPE_UINT16:
   1976              case ZCL_DATATYPE_UINT24:
   1977              case ZCL_DATATYPE_UINT32:
   1978              case ZCL_DATATYPE_UINT40:
   1979              case ZCL_DATATYPE_UINT48:
   1980              case ZCL_DATATYPE_INT8:
   1981              case ZCL_DATATYPE_INT16:
   1982              case ZCL_DATATYPE_INT24:
   1983              case ZCL_DATATYPE_INT32:
   1984              case ZCL_DATATYPE_SEMI_PREC:
   1985              case ZCL_DATATYPE_SINGLE_PREC:
   1986              case ZCL_DATATYPE_DOUBLE_PREC:
   1987              case ZCL_DATATYPE_TOD:
   1988              case ZCL_DATATYPE_DATE:
   1989              case ZCL_DATATYPE_UTC:
   1990                analog = TRUE;
   \                     ??zclAnalogDataType_0:
   \   00001C   7901         MOV     R1,#0x1
   1991                break;
   \   00001E   8002         SJMP    ??zclAnalogDataType_2
   1992                
   1993              default:
   1994                analog = FALSE;
   \                     ??zclAnalogDataType_1:
   \   000020   7900         MOV     R1,#0x0
   1995                break;
   1996            }
   1997            
   1998            return ( analog );
   \                     ??zclAnalogDataType_2:
   \   000022   02....       LJMP    ?Subroutine0 & 0xFFFF
   1999          }
   2000          
   2001          /*********************************************************************
   2002           * @fn      zcl_BuildAnalogData
   2003           *
   2004           * @brief   Build an analog arribute out of sequential bytes.
   2005           *
   2006           * @param   dataType - type of data
   2007           * @param   pData - pointer to data
   2008           * @param   pBuf - where to put the data
   2009           *
   2010           * @return  none
   2011           */

   \                                 In  segment BANKED_CODE, align 1, keep-with-next
   2012          static void zcl_BuildAnalogData( uint8 dataType, uint8 *pData, uint8 *pBuf)
   \                     zcl_BuildAnalogData:
   2013          {
   \   000000   74F7         MOV     A,#-0x9
   \   000002   12....       LCALL   ?BANKED_ENTER_XDATA
   \   000005                ; Saved register size: 9
   \   000005                ; Auto size: 0
   \   000005   EA           MOV     A,R2
   \   000006   FE           MOV     R6,A
   \   000007   EB           MOV     A,R3
   \   000008   FF           MOV     R7,A
   \   000009   EC           MOV     A,R4
   \   00000A   FA           MOV     R2,A
   \   00000B   ED           MOV     A,R5
   \   00000C   FB           MOV     R3,A
   2014            switch ( dataType )
   \   00000D   E9           MOV     A,R1
   \   00000E   24E0         ADD     A,#-0x20
   \   000010   602C         JZ      ??zcl_BuildAnalogData_0
   \   000012   14           DEC     A
   \   000013   6034         JZ      ??zcl_BuildAnalogData_1
   \   000015   14           DEC     A
   \   000016   6043         JZ      ??zcl_BuildAnalogData_2
   \   000018   14           DEC     A
   \   000019   604E         JZ      ??zcl_BuildAnalogData_3
   \   00001B   24FB         ADD     A,#-0x5
   \   00001D   601F         JZ      ??zcl_BuildAnalogData_0
   \   00001F   14           DEC     A
   \   000020   6027         JZ      ??zcl_BuildAnalogData_1
   \   000022   14           DEC     A
   \   000023   6036         JZ      ??zcl_BuildAnalogData_2
   \   000025   14           DEC     A
   \   000026   6041         JZ      ??zcl_BuildAnalogData_3
   \   000028   24F3         ADD     A,#-0xd
   \   00002A   601D         JZ      ??zcl_BuildAnalogData_1
   \   00002C   14           DEC     A
   \   00002D   603A         JZ      ??zcl_BuildAnalogData_3
   \   00002F   14           DEC     A
   \   000030   603B         JZ      ??zcl_BuildAnalogData_4
   \   000032   245A         ADD     A,#0x5a
   \   000034   6033         JZ      ??zcl_BuildAnalogData_3
   \   000036   14           DEC     A
   \   000037   6030         JZ      ??zcl_BuildAnalogData_3
   \   000039   14           DEC     A
   \   00003A   602D         JZ      ??zcl_BuildAnalogData_3
   \   00003C   8035         SJMP    ??zcl_BuildAnalogData_5
   2015            {
   2016              case ZCL_DATATYPE_UINT8:
   2017              case ZCL_DATATYPE_INT8:
   2018                *pData = *pBuf;
   \                     ??zcl_BuildAnalogData_0:
   \   00003E   8A82         MOV     DPL,R2
   \   000040   8B83         MOV     DPH,R3
   \   000042   E0           MOVX    A,@DPTR
   \   000043   8E82         MOV     DPL,R6
   \   000045   8F83         MOV     DPH,R7
   \   000047   8029         SJMP    ??zcl_BuildAnalogData_6
   2019                break;
   2020          
   2021              case ZCL_DATATYPE_UINT16:
   2022              case ZCL_DATATYPE_INT16:
   2023              case ZCL_DATATYPE_SEMI_PREC:
   2024                *((uint16*)pData) = BUILD_UINT16( pBuf[0], pBuf[1] ); 
   \                     ??zcl_BuildAnalogData_1:
   \   000049   8A82         MOV     DPL,R2
   \   00004B   8B83         MOV     DPH,R3
   \   00004D   12....       LCALL   ?Subroutine190 & 0xFFFF
   \                     ??CrossCallReturnLabel_609:
   \   000050   F9           MOV     R1,A
   \   000051   EC           MOV     A,R4
   \   000052   8E82         MOV     DPL,R6
   \   000054   8F83         MOV     DPH,R7
   \   000056   F0           MOVX    @DPTR,A
   \   000057   A3           INC     DPTR
   \   000058   E9           MOV     A,R1
   \   000059   8017         SJMP    ??zcl_BuildAnalogData_6
   2025                break;
   2026           
   2027              case ZCL_DATATYPE_UINT24:
   2028              case ZCL_DATATYPE_INT24:
   2029                *((uint32*)pData) = osal_build_uint32( pBuf, 3 );
   \                     ??zcl_BuildAnalogData_2:
   \   00005B                ; Setup parameters for call to function osal_build_uint32
   \   00005B   7903         MOV     R1,#0x3
   \                     ??zcl_BuildAnalogData_7:
   \   00005D   12....       LCALL   ??osal_build_uint32?relay
   \   000060   8E82         MOV     DPL,R6
   \   000062   8F83         MOV     DPH,R7
   \   000064   12....       LCALL   ?XSTORE_R2345
   2030                break;
   \   000067   800A         SJMP    ??zcl_BuildAnalogData_5
   2031                
   2032              case ZCL_DATATYPE_UINT32:
   2033              case ZCL_DATATYPE_INT32:
   2034              case ZCL_DATATYPE_SINGLE_PREC:
   2035              case ZCL_DATATYPE_TOD:
   2036              case ZCL_DATATYPE_DATE:
   2037              case ZCL_DATATYPE_UTC:
   2038                *((uint32*)pData) = osal_build_uint32( pBuf, 4 );
   \                     ??zcl_BuildAnalogData_3:
   \   000069                ; Setup parameters for call to function osal_build_uint32
   \   000069   7904         MOV     R1,#0x4
   \   00006B   80F0         SJMP    ??zcl_BuildAnalogData_7
   2039                break;
   2040                
   2041              case ZCL_DATATYPE_DOUBLE_PREC:
   2042                *pData = 0;
   \                     ??zcl_BuildAnalogData_4:
   \   00006D   8E82         MOV     DPL,R6
   \   00006F   8F83         MOV     DPH,R7
   \   000071   E4           CLR     A
   \                     ??zcl_BuildAnalogData_6:
   \   000072   F0           MOVX    @DPTR,A
   2043                break;
   2044           
   2045              default:
   2046                break;
   2047            }
   2048          }
   \                     ??zcl_BuildAnalogData_5:
   \   000073   02....       LJMP    ?Subroutine4 & 0xFFFF
   2049          #endif // ZCL_REPORT
   2050          
   2051          /*********************************************************************
   2052           * @fn      zclGetDataTypeLength
   2053           *
   2054           * @brief   Return the length of the datatype in length. 
   2055           *          NOTE: Should not be called for ZCL_DATATYPE_OCTECT_STR or 
   2056           *                ZCL_DATATYPE_CHAR_STR data types.
   2057           *
   2058           * @param   dataType - data type
   2059           *
   2060           * @return  length of data
   2061           */

   \                                 In  segment BANKED_CODE, align 1, keep-with-next
   2062          uint8 zclGetDataTypeLength( uint8 dataType )
   \                     zclGetDataTypeLength:
   2063          {
   \   000000   C082         PUSH    DPL
   \   000002   C083         PUSH    DPH
   \   000004                ; Saved register size: 2
   \   000004                ; Auto size: 0
   \   000004   E9           MOV     A,R1
   2064            uint8 len;
   2065            
   2066            switch ( dataType )
   \   000005   12....       LCALL   ?UC_SWITCH_SPARSE
   \                     `?<Jumptable for zclGetDataTypeLength>_0`:
   \   000008   02           DB        2
   \   000009   E0           DB        224
   \   00000A   E2           DB        226
   \   00000B   ....         DW        ??zclGetDataTypeLength_0
   \   00000D   E8           DB        232
   \   00000E   E9           DB        233
   \   00000F   ....         DW        ??zclGetDataTypeLength_1
   \   000011   1A           DB        26
   \   000012   08           DB        8
   \   000013   ....         DW        ??zclGetDataTypeLength_2
   \   000015   09           DB        9
   \   000016   ....         DW        ??zclGetDataTypeLength_1
   \   000018   0A           DB        10
   \   000019   ....         DW        ??zclGetDataTypeLength_3
   \   00001B   0B           DB        11
   \   00001C   ....         DW        ??zclGetDataTypeLength_0
   \   00001E   10           DB        16
   \   00001F   ....         DW        ??zclGetDataTypeLength_2
   \   000021   18           DB        24
   \   000022   ....         DW        ??zclGetDataTypeLength_2
   \   000024   19           DB        25
   \   000025   ....         DW        ??zclGetDataTypeLength_1
   \   000027   1A           DB        26
   \   000028   ....         DW        ??zclGetDataTypeLength_3
   \   00002A   1B           DB        27
   \   00002B   ....         DW        ??zclGetDataTypeLength_0
   \   00002D   20           DB        32
   \   00002E   ....         DW        ??zclGetDataTypeLength_2
   \   000030   21           DB        33
   \   000031   ....         DW        ??zclGetDataTypeLength_1
   \   000033   22           DB        34
   \   000034   ....         DW        ??zclGetDataTypeLength_3
   \   000036   23           DB        35
   \   000037   ....         DW        ??zclGetDataTypeLength_0
   \   000039   24           DB        36
   \   00003A   ....         DW        ??zclGetDataTypeLength_4
   \   00003C   25           DB        37
   \   00003D   ....         DW        ??zclGetDataTypeLength_5
   \   00003F   28           DB        40
   \   000040   ....         DW        ??zclGetDataTypeLength_2
   \   000042   29           DB        41
   \   000043   ....         DW        ??zclGetDataTypeLength_1
   \   000045   2A           DB        42
   \   000046   ....         DW        ??zclGetDataTypeLength_3
   \   000048   2B           DB        43
   \   000049   ....         DW        ??zclGetDataTypeLength_0
   \   00004B   30           DB        48
   \   00004C   ....         DW        ??zclGetDataTypeLength_2
   \   00004E   31           DB        49
   \   00004F   ....         DW        ??zclGetDataTypeLength_1
   \   000051   38           DB        56
   \   000052   ....         DW        ??zclGetDataTypeLength_1
   \   000054   39           DB        57
   \   000055   ....         DW        ??zclGetDataTypeLength_0
   \   000057   3A           DB        58
   \   000058   ....         DW        ??zclGetDataTypeLength_6
   \   00005A   EA           DB        234
   \   00005B   ....         DW        ??zclGetDataTypeLength_0
   \   00005D   F0           DB        240
   \   00005E   ....         DW        ??zclGetDataTypeLength_6
   \   000060   ....         DW        ??zclGetDataTypeLength_7
   2067            {
   2068              case ZCL_DATATYPE_DATA8:
   2069              case ZCL_DATATYPE_BOOLEAN:
   2070              case ZCL_DATATYPE_BITMAP8:
   2071              case ZCL_DATATYPE_INT8:
   2072              case ZCL_DATATYPE_UINT8:
   2073              case ZCL_DATATYPE_ENUM8:
   2074                len = 1;
   \                     ??zclGetDataTypeLength_2:
   \   000062   7901         MOV     R1,#0x1
   2075                break;
   \   000064   801A         SJMP    ??zclGetDataTypeLength_8
   2076                
   2077              case ZCL_DATATYPE_DATA16:
   2078              case ZCL_DATATYPE_BITMAP16:
   2079              case ZCL_DATATYPE_UINT16:
   2080              case ZCL_DATATYPE_INT16: 
   2081              case ZCL_DATATYPE_ENUM16:
   2082              case ZCL_DATATYPE_SEMI_PREC:
   2083              case ZCL_DATATYPE_CLUSTER_ID:
   2084              case ZCL_DATATYPE_ATTR_ID:
   2085                len = 2;
   \                     ??zclGetDataTypeLength_1:
   \   000066   7902         MOV     R1,#0x2
   2086                break;
   \   000068   8016         SJMP    ??zclGetDataTypeLength_8
   2087                
   2088              case ZCL_DATATYPE_DATA24:
   2089              case ZCL_DATATYPE_BITMAP24: 
   2090              case ZCL_DATATYPE_UINT24:
   2091              case ZCL_DATATYPE_INT24:
   2092                len = 3;
   \                     ??zclGetDataTypeLength_3:
   \   00006A   7903         MOV     R1,#0x3
   2093                break;
   \   00006C   8012         SJMP    ??zclGetDataTypeLength_8
   2094                
   2095              case ZCL_DATATYPE_DATA32:
   2096              case ZCL_DATATYPE_BITMAP32:
   2097              case ZCL_DATATYPE_UINT32:
   2098              case ZCL_DATATYPE_INT32:
   2099              case ZCL_DATATYPE_SINGLE_PREC:
   2100              case ZCL_DATATYPE_TOD:
   2101              case ZCL_DATATYPE_DATE:
   2102              case ZCL_DATATYPE_UTC:
   2103              case ZCL_DATATYPE_BAC_OID:
   2104                len = 4;
   \                     ??zclGetDataTypeLength_0:
   \   00006E   7904         MOV     R1,#0x4
   2105                break;                       
   \   000070   800E         SJMP    ??zclGetDataTypeLength_8
   2106                          
   2107             case ZCL_DATATYPE_UINT40:
   2108                 len = 5;
   \                     ??zclGetDataTypeLength_4:
   \   000072   7905         MOV     R1,#0x5
   2109                 break;
   \   000074   800A         SJMP    ??zclGetDataTypeLength_8
   2110                 
   2111             case ZCL_DATATYPE_UINT48:
   2112                 len = 6;
   \                     ??zclGetDataTypeLength_5:
   \   000076   7906         MOV     R1,#0x6
   2113                 break;
   \   000078   8006         SJMP    ??zclGetDataTypeLength_8
   2114                 
   2115             case ZCL_DATATYPE_DOUBLE_PREC:
   2116             case ZCL_DATATYPE_IEEE_ADDR:
   2117               len = 8;
   \                     ??zclGetDataTypeLength_6:
   \   00007A   7908         MOV     R1,#0x8
   2118               break;
   \   00007C   8002         SJMP    ??zclGetDataTypeLength_8
   2119          
   2120              case ZCL_DATATYPE_NO_DATA:
   2121              case ZCL_DATATYPE_UNKNOWN:
   2122                // Fall through
   2123                
   2124              default:
   2125                len = 0;
   \                     ??zclGetDataTypeLength_7:
   \   00007E   7900         MOV     R1,#0x0
   2126                break;
   2127            }
   2128            
   2129            return ( len );
   \                     ??zclGetDataTypeLength_8:
   \   000080   02....       LJMP    ?Subroutine0 & 0xFFFF
   2130          }
   2131          
   2132          /*********************************************************************
   2133           * @fn      zclGetAttrDataLength
   2134           *
   2135           * @brief   Return the length of the attribute.
   2136           *
   2137           * @param   dataType - data type
   2138           * @param   pData - pointer to data
   2139           *
   2140           * @return  returns atrribute lentgh
   2141           */

   \                                 In  segment BANKED_CODE, align 1, keep-with-next
   2142          uint8 zclGetAttrDataLength( uint8  dataType, uint8 *pData)
   \                     zclGetAttrDataLength:
   2143          {
   \   000000   74F7         MOV     A,#-0x9
   \   000002   12....       LCALL   ?BANKED_ENTER_XDATA
   \   000005                ; Saved register size: 9
   \   000005                ; Auto size: 0
   \   000005   E9           MOV     A,R1
   \   000006   FE           MOV     R6,A
   2144            uint8 dataLen = 0;
   2145            
   2146            if ( dataType  == ZCL_DATATYPE_CHAR_STR || dataType == ZCL_DATATYPE_OCTET_STR )
   \   000007   7442         MOV     A,#0x42
   \   000009   6E           XRL     A,R6
   \   00000A   6005         JZ      ??zclGetAttrDataLength_0
   \   00000C   7441         MOV     A,#0x41
   \   00000E   6E           XRL     A,R6
   \   00000F   7009         JNZ     ??zclGetAttrDataLength_1
   2147            {
   2148              dataLen = *pData + 1; // string length + 1 for length field
   \                     ??zclGetAttrDataLength_0:
   \   000011   8A82         MOV     DPL,R2
   \   000013   8B83         MOV     DPH,R3
   \   000015   E0           MOVX    A,@DPTR
   \   000016   04           INC     A
   \   000017   F9           MOV     R1,A
   \   000018   8003         SJMP    ??zclGetAttrDataLength_2
   2149            }
   2150            else
   2151            {
   2152              dataLen = zclGetDataTypeLength( dataType );
   \                     ??zclGetAttrDataLength_1:
   \   00001A                ; Setup parameters for call to function zclGetDataTypeLength
   \   00001A   12....       LCALL   ??zclGetDataTypeLength?relay
   2153            }
   2154          
   2155            return ( dataLen );
   \                     ??zclGetAttrDataLength_2:
   \   00001D   02....       LJMP    ?Subroutine4 & 0xFFFF
   2156          }
   2157          
   2158          /*********************************************************************
   2159           * @fn      zclReadAttrData
   2160           *
   2161           * @brief   Read the attribute's current value into pAttrData.
   2162           *
   2163           * @param   pAttrData - where to put attribute data
   2164           * @param   pAttr - pointer to attribute
   2165           *
   2166           * @return Success
   2167           */

   \                                 In  segment BANKED_CODE, align 1, keep-with-next
   2168          uint8 zclReadAttrData( uint8 *pAttrData, zclAttrRec_t *pAttr )
   \                     zclReadAttrData:
   2169          {
   \   000000   74F1         MOV     A,#-0xf
   \   000002   12....       LCALL   ?BANKED_ENTER_XDATA
   \   000005                ; Saved register size: 15
   \   000005                ; Auto size: 0
   \   000005   8A..         MOV     ?V0 + 0,R2
   \   000007   8B..         MOV     ?V0 + 1,R3
   2170            uint8 dataLen;
   2171              
   2172            dataLen = zclGetAttrDataLength( pAttr->attr.dataType, (uint8*)(pAttr->attr.dataPtr) );
   \   000009   EC           MOV     A,R4
   \   00000A   2406         ADD     A,#0x6
   \   00000C   FE           MOV     R6,A
   \   00000D   ED           MOV     A,R5
   \   00000E   3400         ADDC    A,#0x0
   \   000010   FF           MOV     R7,A
   \   000011                ; Setup parameters for call to function zclGetAttrDataLength
   \   000011   8E82         MOV     DPL,R6
   \   000013   8F83         MOV     DPH,R7
   \   000015   12....       LCALL   ??Subroutine223_0 & 0xFFFF
   \                     ??CrossCallReturnLabel_426:
   \   000018   8C82         MOV     DPL,R4
   \   00001A   8D83         MOV     DPH,R5
   \   00001C   A3           INC     DPTR
   \   00001D   A3           INC     DPTR
   \   00001E   A3           INC     DPTR
   \   00001F   12....       LCALL   ?Subroutine159 & 0xFFFF
   \                     ??CrossCallReturnLabel_330:
   \   000022   F5..         MOV     ?V0 + 2,A
   2173            osal_memcpy( pAttrData, pAttr->attr.dataPtr, dataLen );
   \   000024                ; Setup parameters for call to function osal_memcpy
   \   000024   8E82         MOV     DPL,R6
   \   000026   8F83         MOV     DPH,R7
   \   000028   E0           MOVX    A,@DPTR
   \   000029   F5..         MOV     ?V0 + 4,A
   \   00002B   A3           INC     DPTR
   \   00002C   E0           MOVX    A,@DPTR
   \   00002D   F5..         MOV     ?V0 + 5,A
   \   00002F   75..00       MOV     ?V0 + 6,#0x0
   \   000032   78..         MOV     R0,#?V0 + 4
   \   000034   12....       LCALL   ?PUSH_XSTACK_I_THREE
   \   000037   AC..         MOV     R4,?V0 + 2
   \   000039   7D00         MOV     R5,#0x0
   \   00003B   AA..         MOV     R2,?V0 + 0
   \   00003D   AB..         MOV     R3,?V0 + 1
   \   00003F   12....       LCALL   ??Subroutine222_0 & 0xFFFF
   \                     ??CrossCallReturnLabel_424:
   \   000042   12....       LCALL   ?DEALLOC_XSTACK8
   2174              
   2175            return ( ZCL_STATUS_SUCCESS );
   \   000045   7900         MOV     R1,#0x0
   \   000047   7F07         MOV     R7,#0x7
   \   000049   02....       LJMP    ?BANKED_LEAVE_XDATA
   2176          }
   2177          
   2178          #ifdef ZCL_WRITE
   2179          /*********************************************************************
   2180           * @fn      zclWriteAttrData
   2181           *
   2182           * @brief   Write the received data.
   2183           *
   2184           * @param   pAttr - where to write data to
   2185           * @param   pWriteRec - data to be written
   2186           *
   2187           * @return  Successful if data was written
   2188           */

   \                                 In  segment BANKED_CODE, align 1, keep-with-next
   2189          static uint8 zclWriteAttrData( zclAttrRec_t *pAttr, zclWriteRec_t *pWriteRec )
   \                     zclWriteAttrData:
   2190          {
   \   000000   74F5         MOV     A,#-0xb
   \   000002   12....       LCALL   ?BANKED_ENTER_XDATA
   \   000005                ; Saved register size: 11
   \   000005                ; Auto size: 0
   \   000005   EA           MOV     A,R2
   \   000006   FE           MOV     R6,A
   \   000007   EB           MOV     A,R3
   \   000008   FF           MOV     R7,A
   \   000009   8C..         MOV     ?V0 + 0,R4
   \   00000B   8D..         MOV     ?V0 + 1,R5
   2191            uint8 len;
   2192          
   2193            if ( zcl_AccessCtrlWrite( pAttr->attr.accessControl ) )
   \   00000D   8E82         MOV     DPL,R6
   \   00000F   8F83         MOV     DPH,R7
   \   000011   A3           INC     DPTR
   \   000012   A3           INC     DPTR
   \   000013   A3           INC     DPTR
   \   000014   A3           INC     DPTR
   \   000015   A3           INC     DPTR
   \   000016   E0           MOVX    A,@DPTR
   \   000017   A2E1         MOV     C,0xE0 /* A   */.1
   \   000019   5048         JNC     ??zclWriteAttrData_0
   2194            {
   2195              if ( zcl_ValidateAttrDataCB && !zcl_ValidateAttrDataCB( pAttr, pWriteRec ) )
   \   00001B   90....       MOV     DPTR,#zcl_ValidateAttrDataCB
   \   00001E   12....       LCALL   ??Subroutine228_0 & 0xFFFF
   \                     ??CrossCallReturnLabel_478:
   \   000021   600D         JZ      ??zclWriteAttrData_1
   \   000023                ; Setup parameters for indirect call
   \   000023   12....       LCALL   ??Subroutine232_0 & 0xFFFF
   \                     ??CrossCallReturnLabel_499:
   \   000026   12....       LCALL   ?CALL_IND
   \   000029   E9           MOV     A,R1
   \   00002A   7004         JNZ     ??zclWriteAttrData_1
   2196                return ( ZCL_STATUS_INVALID_VALUE );
   \   00002C   7987         MOV     R1,#-0x79
   \   00002E   8035         SJMP    ??zclWriteAttrData_2
   2197              
   2198              len = zclGetAttrDataLength( pAttr->attr.dataType, pWriteRec->attrData );
   \                     ??zclWriteAttrData_1:
   \   000030   E5..         MOV     A,?V0 + 0
   \   000032   2403         ADD     A,#0x3
   \   000034   F5..         MOV     ?V0 + 0,A
   \   000036   E5..         MOV     A,?V0 + 1
   \   000038   12....       LCALL   ?Subroutine111 & 0xFFFF
   \                     ??CrossCallReturnLabel_431:
   \   00003B   8E82         MOV     DPL,R6
   \   00003D   8F83         MOV     DPH,R7
   \   00003F   A3           INC     DPTR
   \   000040   A3           INC     DPTR
   \   000041   A3           INC     DPTR
   \   000042   A3           INC     DPTR
   \   000043   12....       LCALL   ?Subroutine62 & 0xFFFF
   2199              osal_memcpy( pAttr->attr.dataPtr, pWriteRec->attrData, len );
   \                     ??CrossCallReturnLabel_124:
   \   000046   12....       LCALL   ?PUSH_XSTACK_I_THREE
   \   000049   89..         MOV     ?V0 + 0,R1
   \   00004B   AC..         MOV     R4,?V0 + 0
   \   00004D   7D00         MOV     R5,#0x0
   \   00004F   8E82         MOV     DPL,R6
   \   000051   8F83         MOV     DPH,R7
   \   000053   A3           INC     DPTR
   \   000054   A3           INC     DPTR
   \   000055   A3           INC     DPTR
   \   000056   A3           INC     DPTR
   \   000057   A3           INC     DPTR
   \   000058   A3           INC     DPTR
   \   000059   12....       LCALL   ?Subroutine104 & 0xFFFF
   \                     ??CrossCallReturnLabel_196:
   \   00005C   12....       LCALL   ?DEALLOC_XSTACK8
   2200              return ( ZCL_STATUS_SUCCESS );
   \   00005F   7900         MOV     R1,#0x0
   \   000061   8002         SJMP    ??zclWriteAttrData_2
   2201            }
   2202              
   2203            return ( ZCL_STATUS_READ_ONLY );
   \                     ??zclWriteAttrData_0:
   \   000063   7988         MOV     R1,#-0x78
   \                     ??zclWriteAttrData_2:
   \   000065                REQUIRE ?Subroutine3
   \   000065                ; // Fall through to label ?Subroutine3
   2204          }

   \                                 In  segment BANKED_CODE, align 1, keep-with-next
   \                     ?Subroutine111:
   \   000000   12....       LCALL   ?Subroutine177 & 0xFFFF
   \                     ??CrossCallReturnLabel_298:
   \   000003                REQUIRE ??Subroutine223_0
   \   000003                ; // Fall through to label ??Subroutine223_0

   \                                 In  segment BANKED_CODE, align 1, keep-with-next
   \                     ??Subroutine232_0:
   \   000000   12....       LCALL   ??Subroutine253_0 & 0xFFFF
   \                     ??CrossCallReturnLabel_631:
   \   000003   22           RET

   \                                 In  segment BANKED_CODE, align 1, keep-with-next
   \                     ?Subroutine104:
   \   000000   12....       LCALL   ?Subroutine150 & 0xFFFF
   \                     ??CrossCallReturnLabel_437:
   \   000003   12....       LCALL   ??osal_memcpy?relay
   \   000006   7403         MOV     A,#0x3
   \   000008   22           RET

   \                                 In  segment BANKED_CODE, align 1, keep-with-next
   \                     ?Subroutine62:
   \   000000   12....       LCALL   ?Subroutine189 & 0xFFFF
   \                     ??CrossCallReturnLabel_334:
   \   000003                ; Setup parameters for call to function osal_memcpy
   \   000003                ; Setup parameters for call to function osal_memcpy
   \   000003   85..82       MOV     DPL,?V0 + 0
   \   000006   85..83       MOV     DPH,?V0 + 1
   \   000009   E0           MOVX    A,@DPTR
   \   00000A   F5..         MOV     ?V0 + 0,A
   \   00000C   A3           INC     DPTR
   \   00000D   E0           MOVX    A,@DPTR
   \   00000E   F5..         MOV     ?V0 + 1,A
   \   000010   75..00       MOV     ?V0 + 2,#0x0
   \   000013   78..         MOV     R0,#?V0 + 0
   \   000015   22           RET
   2205          #endif // ZCL_WRITE
   2206          
   2207          #ifdef ZCL_READ
   2208          /*********************************************************************
   2209           * @fn      zclParseInReadCmd
   2210           *
   2211           * @brief   Parse the "Profile" Read Commands
   2212           *
   2213           *      NOTE: THIS FUNCTION ALLOCATES THE RETURN BUFFER, SO THE CALLING
   2214           *            FUNCTION IS RESPONSIBLE TO FREE THE MEMORY.
   2215           *
   2216           * @param   pCmd - pointer to incoming data to parse
   2217           *
   2218           * @return  pointer to the parsed command structure
   2219           */

   \                                 In  segment BANKED_CODE, align 1, keep-with-next
   2220          void *zclParseInReadCmd( zclParseCmd_t *pCmd )
   \                     zclParseInReadCmd:
   2221          {
   \   000000   74F4         MOV     A,#-0xc
   \   000002   12....       LCALL   ?BANKED_ENTER_XDATA
   \   000005                ; Saved register size: 12
   \   000005                ; Auto size: 0
   2222            zclReadCmd_t *readCmd;
   2223            uint8 *pBuf = pCmd->pData;
   \   000005   12....       LCALL   ?Subroutine96 & 0xFFFF
   2224            
   2225            readCmd = (zclReadCmd_t *)osal_mem_alloc( sizeof ( zclReadCmd_t ) + pCmd->dataLen );
   \                     ??CrossCallReturnLabel_408:
   \   000008   12....       LCALL   ?Subroutine95 & 0xFFFF
   2226            if ( readCmd != NULL )
   \                     ??CrossCallReturnLabel_176:
   \   00000B   603E         JZ      ??zclParseInReadCmd_0
   2227            {
   2228              uint8 i;
   2229              
   2230              readCmd->numAttr = pCmd->dataLen / 2; // Atrribute ID
   \   00000D   85..82       MOV     DPL,?V0 + 0
   \   000010   85..83       MOV     DPH,?V0 + 1
   \   000013   E0           MOVX    A,@DPTR
   \   000014   C3           CLR     C
   \   000015   13           RRC     A
   \   000016   8A82         MOV     DPL,R2
   \   000018   8B83         MOV     DPH,R3
   \   00001A   F0           MOVX    @DPTR,A
   2231              for ( i = 0; i < readCmd->numAttr; i++ )
   \   00001B   75..00       MOV     ?V0 + 0,#0x0
   \   00001E   8022         SJMP    ??CrossCallReturnLabel_43
   2232              {
   2233                readCmd->attrID[i] = BUILD_UINT16( pBuf[0], pBuf[1] );
   \                     ??zclParseInReadCmd_1:
   \   000020   8E82         MOV     DPL,R6
   \   000022   8F83         MOV     DPH,R7
   \   000024   12....       LCALL   ?Subroutine190 & 0xFFFF
   2234                pBuf += 2;
   2235              }
   \                     ??CrossCallReturnLabel_610:
   \   000027   F9           MOV     R1,A
   \   000028   EC           MOV     A,R4
   \   000029   2400         ADD     A,#0x0
   \   00002B   E4           CLR     A
   \   00002C   39           ADDC    A,R1
   \   00002D   FD           MOV     R5,A
   \   00002E   E5..         MOV     A,?V0 + 0
   \   000030   33           RLC     A
   \   000031   F8           MOV     R0,A
   \   000032   E4           CLR     A
   \   000033   33           RLC     A
   \   000034   F9           MOV     R1,A
   \   000035   EA           MOV     A,R2
   \   000036   28           ADD     A,R0
   \   000037   F582         MOV     DPL,A
   \   000039   EB           MOV     A,R3
   \   00003A   39           ADDC    A,R1
   \   00003B   F583         MOV     DPH,A
   \   00003D   A3           INC     DPTR
   \   00003E   EC           MOV     A,R4
   \   00003F   12....       LCALL   ?Subroutine29 & 0xFFFF
   \                     ??CrossCallReturnLabel_43:
   \   000042   8A82         MOV     DPL,R2
   \   000044   8B83         MOV     DPH,R3
   \   000046   12....       LCALL   ??Subroutine206_0 & 0xFFFF
   2236            }
   \                     ??CrossCallReturnLabel_342:
   \   000049   40D5         JC      ??zclParseInReadCmd_1
   2237          
   2238            return ( (void *)readCmd );
   \                     ??zclParseInReadCmd_0:
   \   00004B   02....       LJMP    ?Subroutine1 & 0xFFFF
   2239          }

   \                                 In  segment BANKED_CODE, align 1, keep-with-next
   \                     ?Subroutine96:
   \   000000   8A82         MOV     DPL,R2
   \   000002   8B83         MOV     DPH,R3
   \   000004   A3           INC     DPTR
   \   000005   A3           INC     DPTR
   \   000006                REQUIRE ??Subroutine219_0
   \   000006                ; // Fall through to label ??Subroutine219_0

   \                                 In  segment BANKED_CODE, align 1, keep-with-next
   \                     ??Subroutine219_0:
   \   000000   12....       LCALL   ?Subroutine151 & 0xFFFF
   \                     ??CrossCallReturnLabel_469:
   \   000003   22           RET

   \                                 In  segment BANKED_CODE, align 1, keep-with-next
   \                     ?Subroutine95:
   \   000000   8A82         MOV     DPL,R2
   \   000002   8B83         MOV     DPH,R3
   \   000004   A3           INC     DPTR
   \   000005   8582..       MOV     ?V0 + 0,DPL
   \   000008   8583..       MOV     ?V0 + 1,DPH
   \   00000B                ; Setup parameters for call to function osal_mem_alloc
   \   00000B                ; Setup parameters for call to function osal_mem_alloc
   \   00000B   E0           MOVX    A,@DPTR
   \   00000C   2401         ADD     A,#0x1
   \   00000E   FA           MOV     R2,A
   \   00000F   E4           CLR     A
   \   000010   12....       LCALL   ?Subroutine178 & 0xFFFF
   \                     ??CrossCallReturnLabel_299:
   \   000013   22           RET

   \                                 In  segment BANKED_CODE, align 1, keep-with-next
   \                     ?Subroutine130:
   \   000000   12....       LCALL   ?Subroutine181 & 0xFFFF
   \                     ??CrossCallReturnLabel_560:
   \   000003   22           RET

   \                                 In  segment BANKED_CODE, align 1, keep-with-next
   \                     ?Subroutine178:
   \   000000   3400         ADDC    A,#0x0
   \   000002   FB           MOV     R3,A
   \   000003   12....       LCALL   ??osal_mem_alloc?relay
   \   000006   EA           MOV     A,R2
   \   000007   4B           ORL     A,R3
   \   000008   22           RET

   \                                 In  segment BANKED_CODE, align 1, keep-with-next
   \                     ?Subroutine29:
   \   000000   F0           MOVX    @DPTR,A
   \   000001   A3           INC     DPTR
   \   000002   ED           MOV     A,R5
   \   000003   12....       LCALL   ?Subroutine130 & 0xFFFF
   \                     ??CrossCallReturnLabel_525:
   \   000006   05..         INC     ?V0 + 0
   \   000008   22           RET
   2240          
   2241          /*********************************************************************
   2242           * @fn      zclParseInReadRspCmd
   2243           *
   2244           * @brief   Parse the "Profile" Read Response Commands
   2245           *
   2246           *      NOTE: THIS FUNCTION ALLOCATES THE RETURN BUFFER, SO THE CALLING
   2247           *            FUNCTION IS RESPONSIBLE TO FREE THE MEMORY.
   2248           *
   2249           * @param   pCmd - pointer to incoming data to parse
   2250           *
   2251           * @return  pointer to the parsed command structure
   2252           */

   \                                 In  segment BANKED_CODE, align 1, keep-with-next
   2253          static void *zclParseInReadRspCmd( zclParseCmd_t *pCmd )
   \                     zclParseInReadRspCmd:
   2254          {
   \   000000   74F0         MOV     A,#-0x10
   \   000002   12....       LCALL   ?BANKED_ENTER_XDATA
   \   000005                ; Saved register size: 16
   \   000005                ; Auto size: 4
   \   000005   74FC         MOV     A,#-0x4
   \   000007   12....       LCALL   ?ALLOC_XSTACK8
   \   00000A   12....       LCALL   ?Subroutine10 & 0xFFFF
   2255            zclReadRspCmd_t *readRspCmd;
   2256            zclReadRspStatus_t *statusRec;
   2257            uint8 *pBuf = pCmd->pData;
   2258            uint8 *dataPtr;
   2259            uint8 numAttr = 0;
   2260            uint8 hdrLen;
   2261            uint8 dataLen = 0;
   \                     ??CrossCallReturnLabel_4:
   \   00000D   8022         SJMP    ??zclParseInReadRspCmd_0
   2262            uint8 attrDataLen;
   2263            uint8 dataType;
   2264            uint8 status;
   2265            uint8 i;
   2266            
   2267            // find out the number of attributes and the length of attribute data
   2268            while ( pBuf < ( pCmd->pData + pCmd->dataLen ) )
   2269            {
   2270              numAttr++;
   \                     ??zclParseInReadRspCmd_1:
   \   00000F   05..         INC     ?V0 + 5
   2271          
   2272              pBuf += 2; // move pass attribute id
   \   000011   12....       LCALL   ?Subroutine116 & 0xFFFF
   2273              
   2274              status = *pBuf++;  
   \                     ??CrossCallReturnLabel_214:
   \   000014   8E82         MOV     DPL,R6
   \   000016   8F83         MOV     DPH,R7
   \   000018   E0           MOVX    A,@DPTR
   \   000019   A3           INC     DPTR
   \   00001A   AE82         MOV     R6,DPL
   \   00001C   AF83         MOV     R7,DPH
   2275              if ( status == ZCL_STATUS_SUCCESS )
   \   00001E   7011         JNZ     ??zclParseInReadRspCmd_0
   2276              {
   2277                dataType = *pBuf++;
   \   000020   E0           MOVX    A,@DPTR
   \   000021   F9           MOV     R1,A
   \   000022   A3           INC     DPTR
   \   000023   0E           INC     R6
   \   000024   12....       LCALL   ?Subroutine172 & 0xFFFF
   2278          
   2279                attrDataLen = zclGetAttrDataLength( dataType, pBuf );
   2280                pBuf += attrDataLen; // move pass attribute data
   2281                
   2282                // add padding if needed
   2283                if ( PADDING_NEEDED( attrDataLen ) )
   \                     ??CrossCallReturnLabel_285:
   \   000027   5002         JNC     ??zclParseInReadRspCmd_2
   2284                  attrDataLen++;
   \   000029   05..         INC     ?V0 + 3
   2285                dataLen += attrDataLen;
   \                     ??zclParseInReadRspCmd_2:
   \   00002B   E5..         MOV     A,?V0 + 3
   \   00002D   25..         ADD     A,?V0 + 2
   \   00002F   F5..         MOV     ?V0 + 2,A
   2286              }
   2287            }
   \                     ??zclParseInReadRspCmd_0:
   \   000031   12....       LCALL   ?Subroutine47 & 0xFFFF
   \                     ??CrossCallReturnLabel_70:
   \   000034   40D9         JC      ??zclParseInReadRspCmd_1
   2288            
   2289            // calculate the length of the response header
   2290            hdrLen = sizeof( zclReadRspCmd_t ) + ( numAttr * sizeof( zclReadRspStatus_t ) );
   \   000036   75F006       MOV     B,#0x6
   \   000039   12....       LCALL   ??Subroutine229_0 & 0xFFFF
   2291            
   2292            readRspCmd = (zclReadRspCmd_t *)osal_mem_alloc( hdrLen + dataLen );
   \                     ??CrossCallReturnLabel_492:
   \   00003C   12....       LCALL   ?XSTACK_DISP0_8
   \   00003F   12....       LCALL   ?Subroutine32 & 0xFFFF
   2293            if ( readRspCmd != NULL )
   \                     ??CrossCallReturnLabel_45:
   \   000042   12....       LCALL   ?XSTACK_DISP0_8
   \   000045   12....       LCALL   ??Subroutine228_0 & 0xFFFF
   \                     ??CrossCallReturnLabel_479:
   \   000048   7003         JNZ     $+5
   \   00004A   02....       LJMP    ??zclParseInReadRspCmd_3 & 0xFFFF
   2294            {
   2295              pBuf = pCmd->pData;
   \   00004D   12....       LCALL   ?Subroutine71 & 0xFFFF
   2296              dataPtr = (uint8 *)( (uint8 *)readRspCmd + hdrLen );
   \                     ??CrossCallReturnLabel_461:
   \   000050   12....       LCALL   ?XSTACK_DISP0_8
   \   000053   12....       LCALL   ?Subroutine66 & 0xFFFF
   2297                  
   2298              readRspCmd->numAttr = numAttr;
   \                     ??CrossCallReturnLabel_126:
   \   000056   12....       LCALL   ?XSTACK_DISP0_8
   \   000059   12....       LCALL   ?Subroutine74 & 0xFFFF
   2299              for ( i = 0; i < numAttr; i++ )
   \                     ??CrossCallReturnLabel_139:
   \   00005C   8072         SJMP    ??zclParseInReadRspCmd_4
   2300              {
   2301                statusRec = &(readRspCmd->attrList[i]);
   \                     ??zclParseInReadRspCmd_5:
   \   00005E   E5..         MOV     A,?V0 + 4
   \   000060   75F006       MOV     B,#0x6
   \   000063   A4           MUL     AB
   \   000064   F8           MOV     R0,A
   \   000065   A9F0         MOV     R1,B
   \   000067   7402         MOV     A,#0x2
   \   000069   12....       LCALL   ?XSTACK_DISP0_8
   \   00006C   12....       LCALL   ?Subroutine77 & 0xFFFF
   \                     ??CrossCallReturnLabel_144:
   \   00006F   A882         MOV     R0,DPL
   \   000071   A983         MOV     R1,DPH
   \   000073   85..82       MOV     DPL,?XSP + 0
   \   000076   85..83       MOV     DPH,?XSP + 1
   \   000079   E8           MOV     A,R0
   \   00007A   12....       LCALL   ??Subroutine256_0 & 0xFFFF
   2302                
   2303                statusRec->attrID = BUILD_UINT16( pBuf[0], pBuf[1] );
   \                     ??CrossCallReturnLabel_637:
   \   00007D   12....       LCALL   ?Subroutine166 & 0xFFFF
   \                     ??CrossCallReturnLabel_272:
   \   000080   12....       LCALL   ?Subroutine92 & 0xFFFF
   \                     ??CrossCallReturnLabel_445:
   \   000083   EA           MOV     A,R2
   \   000084   F0           MOVX    @DPTR,A
   \   000085   A3           INC     DPTR
   \   000086   EB           MOV     A,R3
   \   000087   12....       LCALL   ??Subroutine236_0 & 0xFFFF
   2304                pBuf += 2;
   2305                
   2306                statusRec->status = *pBuf++;
   \                     ??CrossCallReturnLabel_523:
   \   00008A   8E82         MOV     DPL,R6
   \   00008C   8F83         MOV     DPH,R7
   \   00008E   E0           MOVX    A,@DPTR
   \   00008F   C0E0         PUSH    A
   \   000091   85..82       MOV     DPL,?XSP + 0
   \   000094   85..83       MOV     DPH,?XSP + 1
   \   000097   E0           MOVX    A,@DPTR
   \   000098   F9           MOV     R1,A
   \   000099   A3           INC     DPTR
   \   00009A   E0           MOVX    A,@DPTR
   \   00009B   F583         MOV     DPH,A
   \   00009D   8982         MOV     DPL,R1
   \   00009F   A3           INC     DPTR
   \   0000A0   A3           INC     DPTR
   \   0000A1   D0E0         POP     A
   \   0000A3   12....       LCALL   ?Subroutine36 & 0xFFFF
   2307                if ( statusRec->status == ZCL_STATUS_SUCCESS )
   \                     ??CrossCallReturnLabel_54:
   \   0000A6   7026         JNZ     ??CrossCallReturnLabel_415
   2308                {
   2309                  statusRec->dataType = *pBuf++;
   \   0000A8   12....       LCALL   ?Subroutine143 & 0xFFFF
   \                     ??CrossCallReturnLabel_572:
   \   0000AB   12....       LCALL   ?Subroutine88 & 0xFFFF
   \                     ??CrossCallReturnLabel_165:
   \   0000AE   E9           MOV     A,R1
   \   0000AF   12....       LCALL   ?Subroutine38 & 0xFFFF
   \                     ??CrossCallReturnLabel_59:
   \   0000B2   0E           INC     R6
   \   0000B3   AF83         MOV     R7,DPH
   2310          
   2311                  attrDataLen = zclGetAttrDataLength( statusRec->dataType, pBuf );
   \   0000B5                ; Setup parameters for call to function zclGetAttrDataLength
   \   0000B5   12....       LCALL   ?Subroutine174 & 0xFFFF
   2312                  osal_memcpy( dataPtr, pBuf, attrDataLen);
   \                     ??CrossCallReturnLabel_290:
   \   0000B8   12....       LCALL   ?PUSH_XSTACK_I_THREE
   \   0000BB   12....       LCALL   ?Subroutine114 & 0xFFFF
   \                     ??CrossCallReturnLabel_418:
   \   0000BE   12....       LCALL   ?DEALLOC_XSTACK8
   2313                  statusRec->data = dataPtr;
   \   0000C1   12....       LCALL   ?Subroutine89 & 0xFFFF
   \                     ??CrossCallReturnLabel_451:
   \   0000C4   12....       LCALL   ??Subroutine230_0 & 0xFFFF
   2314                  
   2315                  pBuf += attrDataLen; // move pass attribute data
   2316                  
   2317                  // advance attribute data pointer
   2318                  if ( PADDING_NEEDED( attrDataLen ) )
   \                     ??CrossCallReturnLabel_495:
   \   0000C7   5002         JNC     ??zclParseInReadRspCmd_6
   2319                    attrDataLen++;
   \   0000C9   05..         INC     ?V0 + 3
   2320                  dataPtr += attrDataLen;
   \                     ??zclParseInReadRspCmd_6:
   \   0000CB   12....       LCALL   ?Subroutine123 & 0xFFFF
   2321                }
   2322              }
   \                     ??CrossCallReturnLabel_415:
   \   0000CE   05..         INC     ?V0 + 4
   \                     ??zclParseInReadRspCmd_4:
   \   0000D0   E5..         MOV     A,?V0 + 4
   \   0000D2   C3           CLR     C
   \   0000D3   95..         SUBB    A,?V0 + 5
   \   0000D5   4087         JC      ??zclParseInReadRspCmd_5
   2323            }
   2324          
   2325            return ( (void *)readRspCmd );
   \                     ??zclParseInReadRspCmd_3:
   \   0000D7                REQUIRE ?Subroutine6
   \   0000D7                ; // Fall through to label ?Subroutine6
   2326          }

   \                                 In  segment BANKED_CODE, align 1, keep-with-next
   \                     ?Subroutine6:
   \   000000   7402         MOV     A,#0x2
   \   000002   12....       LCALL   ?XSTACK_DISP0_8
   \   000005   12....       LCALL   ??Subroutine223_0 & 0xFFFF
   \                     ??CrossCallReturnLabel_430:
   \   000008   7404         MOV     A,#0x4
   \   00000A   02....       LJMP    ??Subroutine214_0 & 0xFFFF

   \                                 In  segment BANKED_CODE, align 1, keep-with-next
   \                     ?Subroutine123:
   \   000000   85....       MOV     ?V0 + 0,?V0 + 3
   \   000003                REQUIRE ??Subroutine220_0
   \   000003                ; // Fall through to label ??Subroutine220_0

   \                                 In  segment BANKED_CODE, align 1, keep-with-next
   \                     ??Subroutine220_0:
   \   000000   E5..         MOV     A,?V0 + 6
   \   000002   25..         ADD     A,?V0 + 0
   \   000004   F5..         MOV     ?V0 + 6,A
   \   000006   E5..         MOV     A,?V0 + 7
   \   000008                REQUIRE ??Subroutine221_0
   \   000008                ; // Fall through to label ??Subroutine221_0

   \                                 In  segment BANKED_CODE, align 1, keep-with-next
   \                     ??Subroutine221_0:
   \   000000   3400         ADDC    A,#0x0
   \   000002   F5..         MOV     ?V0 + 7,A
   \   000004   22           RET

   \                                 In  segment BANKED_CODE, align 1, keep-with-next
   \                     ?Subroutine114:
   \   000000   89..         MOV     ?V0 + 0,R1
   \   000002   AC..         MOV     R4,?V0 + 0
   \   000004   7D00         MOV     R5,#0x0
   \   000006   AA..         MOV     R2,?V0 + 6
   \   000008   AB..         MOV     R3,?V0 + 7
   \   00000A                REQUIRE ??Subroutine222_0
   \   00000A                ; // Fall through to label ??Subroutine222_0

   \                                 In  segment BANKED_CODE, align 1, keep-with-next
   \                     ?Subroutine92:
   \   000000   85..82       MOV     DPL,?XSP + 0
   \   000003   85..83       MOV     DPH,?XSP + 1
   \   000006                REQUIRE ??Subroutine224_0
   \   000006                ; // Fall through to label ??Subroutine224_0

   \                                 In  segment BANKED_CODE, align 1, keep-with-next
   \                     ??Subroutine224_0:
   \   000000   12....       LCALL   ??Subroutine251_0 & 0xFFFF
   \                     ??CrossCallReturnLabel_619:
   \   000003   22           RET

   \                                 In  segment BANKED_CODE, align 1, keep-with-next
   \                     ?Subroutine89:
   \   000000   85..82       MOV     DPL,?XSP + 0
   \   000003   85..83       MOV     DPH,?XSP + 1
   \   000006                REQUIRE ??Subroutine225_0
   \   000006                ; // Fall through to label ??Subroutine225_0

   \                                 In  segment BANKED_CODE, align 1, keep-with-next
   \                     ?Subroutine71:
   \   000000   85..82       MOV     DPL,?V0 + 6
   \   000003   85..83       MOV     DPH,?V0 + 7
   \   000006                REQUIRE ??Subroutine226_0
   \   000006                ; // Fall through to label ??Subroutine226_0

   \                                 In  segment BANKED_CODE, align 1, keep-with-next
   \                     ??Subroutine226_0:
   \   000000   12....       LCALL   ?Subroutine151 & 0xFFFF
   \                     ??CrossCallReturnLabel_470:
   \   000003                ; Setup parameters for call to function zcl_SendWriteRsp
   \   000003                ; Setup parameters for call to function zcl_SendWriteRsp
   \   000003   7402         MOV     A,#0x2
   \   000005   22           RET

   \                                 In  segment BANKED_CODE, align 1, keep-with-next
   \                     ??Subroutine229_0:
   \   000000   E5..         MOV     A,?V0 + 5
   \   000002   A4           MUL     AB
   \   000003   04           INC     A
   \   000004   F8           MOV     R0,A
   \   000005   8882         MOV     DPL,R0
   \   000007   8582..       MOV     ?V0 + 0,DPL
   \   00000A                ; Setup parameters for call to function osal_mem_alloc
   \   00000A                ; Setup parameters for call to function osal_mem_alloc
   \   00000A                ; Setup parameters for call to function osal_mem_alloc
   \   00000A   25..         ADD     A,?V0 + 2
   \   00000C   12....       LCALL   ?Subroutine179 & 0xFFFF
   \                     ??CrossCallReturnLabel_553:
   \   00000F   7402         MOV     A,#0x2
   \   000011   22           RET

   \                                 In  segment BANKED_CODE, align 1, keep-with-next
   \                     ?Subroutine74:
   \   000000   12....       LCALL   ??Subroutine231_0 & 0xFFFF
   \                     ??CrossCallReturnLabel_500:
   \   000003   E5..         MOV     A,?V0 + 5
   \   000005   F0           MOVX    @DPTR,A
   \   000006   75..00       MOV     ?V0 + 4,#0x0
   \   000009   22           RET

   \                                 In  segment BANKED_CODE, align 1, keep-with-next
   \                     ?Subroutine66:
   \   000000   E0           MOVX    A,@DPTR
   \   000001   25..         ADD     A,?V0 + 0
   \   000003   F5..         MOV     ?V0 + 6,A
   \   000005   A3           INC     DPTR
   \   000006   E0           MOVX    A,@DPTR
   \   000007   3400         ADDC    A,#0x0
   \   000009   F5..         MOV     ?V0 + 7,A
   \   00000B   7402         MOV     A,#0x2
   \   00000D   22           RET

   \                                 In  segment BANKED_CODE, align 1, keep-with-next
   \                     ?Subroutine47:
   \   000000   85..82       MOV     DPL,?XSP + 0
   \   000003   85..83       MOV     DPH,?XSP + 1
   \   000006   12....       LCALL   ?Subroutine157 & 0xFFFF
   \                     ??CrossCallReturnLabel_456:
   \   000009   12....       LCALL   ?Subroutine167 & 0xFFFF
   \                     ??CrossCallReturnLabel_275:
   \   00000C   12....       LCALL   ?Subroutine146 & 0xFFFF
   \                     ??CrossCallReturnLabel_519:
   \   00000F   22           RET

   \                                 In  segment BANKED_CODE, align 1, keep-with-next
   \                     ??Subroutine230_0:
   \   000000   A3           INC     DPTR
   \   000001   A3           INC     DPTR
   \   000002   A3           INC     DPTR
   \   000003   E5..         MOV     A,?V0 + 6
   \   000005   F0           MOVX    @DPTR,A
   \   000006   A3           INC     DPTR
   \   000007   E5..         MOV     A,?V0 + 7
   \   000009   F0           MOVX    @DPTR,A
   \   00000A   12....       LCALL   ?Subroutine194 & 0xFFFF
   \                     ??CrossCallReturnLabel_498:
   \   00000D   E5..         MOV     A,?V0 + 3
   \   00000F   A2E0         MOV     C,0xE0 /* A   */.0
   \   000011   22           RET

   \                                 In  segment BANKED_CODE, align 1, keep-with-next
   \                     ?Subroutine10:
   \   000000   12....       LCALL   ?Subroutine134 & 0xFFFF
   \                     ??CrossCallReturnLabel_236:
   \   000003   2402         ADD     A,#0x2
   \   000005   F5..         MOV     ?V0 + 6,A
   \   000007   A3           INC     DPTR
   \   000008   E0           MOVX    A,@DPTR
   \   000009   3400         ADDC    A,#0x0
   \   00000B   F5..         MOV     ?V0 + 7,A
   \   00000D   85..82       MOV     DPL,?V0 + 6
   \   000010   F583         MOV     DPH,A
   \   000012   12....       LCALL   ?Subroutine151 & 0xFFFF
   \                     ??CrossCallReturnLabel_466:
   \   000015   75..00       MOV     ?V0 + 5,#0x0
   \   000018   75..00       MOV     ?V0 + 2,#0x0
   \   00001B   22           RET

   \                                 In  segment BANKED_CODE, align 1, keep-with-next
   \                     ?Subroutine167:
   \   000000   E0           MOVX    A,@DPTR
   \   000001   F8           MOV     R0,A
   \   000002   85..82       MOV     DPL,?V0 + 6
   \   000005   85..83       MOV     DPH,?V0 + 7
   \   000008   22           RET

   \                                 In  segment BANKED_CODE, align 1, keep-with-next
   \                     ??Subroutine231_0:
   \   000000   A3           INC     DPTR
   \   000001                REQUIRE ??Subroutine232_0
   \   000001                ; // Fall through to label ??Subroutine232_0

   \                                 In  segment BANKED_CODE, align 1, keep-with-next
   \                     ?Subroutine116:
   \   000000   12....       LCALL   ?Subroutine198 & 0xFFFF
   \                     ??CrossCallReturnLabel_562:
   \   000003   22           RET

   \                                 In  segment BANKED_CODE, align 1, keep-with-next
   \                     ?Subroutine146:
   \   000000   E0           MOVX    A,@DPTR
   \   000001   28           ADD     A,R0
   \   000002   F8           MOV     R0,A
   \   000003   A3           INC     DPTR
   \   000004   E0           MOVX    A,@DPTR
   \   000005   3400         ADDC    A,#0x0
   \   000007   F9           MOV     R1,A
   \   000008   C3           CLR     C
   \   000009   EE           MOV     A,R6
   \   00000A   98           SUBB    A,R0
   \   00000B   EF           MOV     A,R7
   \   00000C   99           SUBB    A,R1
   \   00000D   22           RET

   \                                 In  segment BANKED_CODE, align 1, keep-with-next
   \                     ??Subroutine236_0:
   \   000000   12....       LCALL   ?Subroutine130 & 0xFFFF
   \                     ??CrossCallReturnLabel_524:
   \   000003   22           RET

   \                                 In  segment BANKED_CODE, align 1, keep-with-next
   \                     ?Subroutine194:
   \   000000   EE           MOV     A,R6
   \   000001   25..         ADD     A,?V0 + 0
   \   000003   FE           MOV     R6,A
   \   000004   EF           MOV     A,R7
   \   000005   3400         ADDC    A,#0x0
   \   000007   FF           MOV     R7,A
   \   000008   22           RET

   \                                 In  segment BANKED_CODE, align 1, keep-with-next
   \                     ?Subroutine179:
   \   000000   FA           MOV     R2,A
   \   000001   E4           CLR     A
   \   000002                REQUIRE ??Subroutine242_0
   \   000002                ; // Fall through to label ??Subroutine242_0

   \                                 In  segment BANKED_CODE, align 1, keep-with-next
   \                     ??Subroutine242_0:
   \   000000   3400         ADDC    A,#0x0
   \   000002   FB           MOV     R3,A
   \   000003   12....       LCALL   ??osal_mem_alloc?relay
   \   000006   22           RET

   \                                 In  segment BANKED_CODE, align 1, keep-with-next
   \                     ?Subroutine134:
   \   000000   85..82       MOV     DPL,?XSP + 0
   \   000003   85..83       MOV     DPH,?XSP + 1
   \   000006   EA           MOV     A,R2
   \   000007   F0           MOVX    @DPTR,A
   \   000008   A3           INC     DPTR
   \   000009   EB           MOV     A,R3
   \   00000A   F0           MOVX    @DPTR,A
   \   00000B   85..82       MOV     DPL,?XSP + 0
   \   00000E   85..83       MOV     DPH,?XSP + 1
   \   000011   E0           MOVX    A,@DPTR
   \   000012   22           RET

   \                                 In  segment BANKED_CODE, align 1, keep-with-next
   \                     ?Subroutine172:
   \   000000   AF83         MOV     R7,DPH
   \   000002                ; Setup parameters for call to function zclGetAttrDataLength
   \   000002                ; Setup parameters for call to function zclGetAttrDataLength
   \   000002                ; Setup parameters for call to function zclGetAttrDataLength
   \   000002   EE           MOV     A,R6
   \   000003   FA           MOV     R2,A
   \   000004   EF           MOV     A,R7
   \   000005   FB           MOV     R3,A
   \   000006   12....       LCALL   ??zclGetAttrDataLength?relay
   \   000009   E9           MOV     A,R1
   \   00000A   F5..         MOV     ?V0 + 3,A
   \   00000C   F5..         MOV     ?V0 + 0,A
   \   00000E   12....       LCALL   ?Subroutine194 & 0xFFFF
   \                     ??CrossCallReturnLabel_496:
   \   000011   E9           MOV     A,R1
   \   000012   A2E0         MOV     C,0xE0 /* A   */.0
   \   000014   22           RET

   \                                 In  segment BANKED_CODE, align 1, keep-with-next
   \                     ?Subroutine32:
   \   000000   EA           MOV     A,R2
   \   000001   F0           MOVX    @DPTR,A
   \   000002   A3           INC     DPTR
   \   000003   EB           MOV     A,R3
   \   000004   F0           MOVX    @DPTR,A
   \   000005   7402         MOV     A,#0x2
   \   000007   22           RET

   \                                 In  segment BANKED_CODE, align 1, keep-with-next
   \                     ?Subroutine174:
   \   000000   EE           MOV     A,R6
   \   000001   FA           MOV     R2,A
   \   000002   EF           MOV     A,R7
   \   000003   FB           MOV     R3,A
   \   000004   12....       LCALL   ??zclGetAttrDataLength?relay
   \   000007   E9           MOV     A,R1
   \   000008   F5..         MOV     ?V0 + 3,A
   \   00000A                ; Setup parameters for call to function osal_memcpy
   \   00000A                ; Setup parameters for call to function osal_memcpy
   \   00000A                ; Setup parameters for call to function osal_memcpy
   \   00000A   8E..         MOV     ?V0 + 0,R6
   \   00000C   8F..         MOV     ?V0 + 1,R7
   \   00000E   75..00       MOV     ?V0 + 2,#0x0
   \   000011   78..         MOV     R0,#?V0 + 0
   \   000013   22           RET

   \                                 In  segment BANKED_CODE, align 1, keep-with-next
   \                     ?Subroutine166:
   \   000000   FA           MOV     R2,A
   \   000001   A3           INC     DPTR
   \   000002   E0           MOVX    A,@DPTR
   \   000003   F9           MOV     R1,A
   \   000004   EA           MOV     A,R2
   \   000005   2400         ADD     A,#0x0
   \   000007   E4           CLR     A
   \   000008   39           ADDC    A,R1
   \   000009   FB           MOV     R3,A
   \   00000A   22           RET

   \                                 In  segment BANKED_CODE, align 1, keep-with-next
   \                     ?Subroutine143:
   \   000000   E0           MOVX    A,@DPTR
   \   000001   F9           MOV     R1,A
   \   000002   85..82       MOV     DPL,?XSP + 0
   \   000005   85..83       MOV     DPH,?XSP + 1
   \   000008   22           RET

   \                                 In  segment BANKED_CODE, align 1, keep-with-next
   \                     ?Subroutine77:
   \   000000   12....       LCALL   ?Subroutine154 & 0xFFFF
   \                     ??CrossCallReturnLabel_266:
   \   000003   22           RET

   \                                 In  segment BANKED_CODE, align 1, keep-with-next
   \                     ?Subroutine154:
   \   000000   12....       LCALL   ?Subroutine186 & 0xFFFF
   \                     ??CrossCallReturnLabel_512:
   \   000003   22           RET
   2327          #endif // ZCL_READ
   2328          
   2329          #ifdef ZCL_WRITE
   2330          /*********************************************************************
   2331           * @fn      zclParseInWriteCmd
   2332           *
   2333           * @brief   Parse the "Profile" Write, Write Undivided and Write No
   2334           *          Response Commands
   2335           *
   2336           *      NOTE: THIS FUNCTION ALLOCATES THE RETURN BUFFER, SO THE CALLING
   2337           *            FUNCTION IS RESPONSIBLE TO FREE THE MEMORY.
   2338           * 
   2339           * @param   pCmd - pointer to incoming data to parse
   2340           *
   2341           * @return  pointer to the parsed command structure
   2342           */

   \                                 In  segment BANKED_CODE, align 1, keep-with-next
   2343          void *zclParseInWriteCmd( zclParseCmd_t *pCmd )
   \                     zclParseInWriteCmd:
   2344          {
   \   000000   74F0         MOV     A,#-0x10
   \   000002   12....       LCALL   ?BANKED_ENTER_XDATA
   \   000005                ; Saved register size: 16
   \   000005                ; Auto size: 4
   \   000005   74FC         MOV     A,#-0x4
   \   000007   12....       LCALL   ?ALLOC_XSTACK8
   \   00000A   12....       LCALL   ?Subroutine10 & 0xFFFF
   2345            zclWriteCmd_t *writeCmd;
   2346            zclWriteRec_t *statusRec;
   2347            uint8 *pBuf = pCmd->pData;
   2348            uint8 attrDataLen;
   2349            uint8 *dataPtr;
   2350            uint8 numAttr = 0;
   2351            uint8 hdrLen;
   2352            uint8 dataLen = 0;
   \                     ??CrossCallReturnLabel_5:
   \   00000D   800D         SJMP    ??zclParseInWriteCmd_0
   2353            uint8 dataType;
   2354            uint8 i;
   2355          
   2356            // find out the number of attributes and the length of attribute data
   2357            while ( pBuf < ( pCmd->pData + pCmd->dataLen ) )
   2358            {
   2359              numAttr++;
   \                     ??zclParseInWriteCmd_1:
   \   00000F   12....       LCALL   ?Subroutine56 & 0xFFFF
   2360          
   2361              pBuf += 2; // move pass attribute id
   2362          
   2363              dataType = *pBuf++;
   2364          
   2365              attrDataLen = zclGetAttrDataLength( dataType, pBuf );
   2366              pBuf += attrDataLen; // move pass attribute data
   2367                
   2368              // add padding if needed
   2369              if ( PADDING_NEEDED( attrDataLen ) )
   \                     ??CrossCallReturnLabel_111:
   \   000012   5002         JNC     ??zclParseInWriteCmd_2
   2370                attrDataLen++;
   \   000014   05..         INC     ?V0 + 3
   2371              dataLen += attrDataLen;
   \                     ??zclParseInWriteCmd_2:
   \   000016   E5..         MOV     A,?V0 + 3
   \   000018   25..         ADD     A,?V0 + 2
   \   00001A   F5..         MOV     ?V0 + 2,A
   2372            }
   \                     ??zclParseInWriteCmd_0:
   \   00001C   12....       LCALL   ?Subroutine47 & 0xFFFF
   \                     ??CrossCallReturnLabel_71:
   \   00001F   40EE         JC      ??zclParseInWriteCmd_1
   2373            
   2374            // calculate the length of the response header
   2375            hdrLen = sizeof( zclWriteCmd_t ) + ( numAttr * sizeof( zclWriteRec_t ) );
   \   000021   12....       LCALL   ?Subroutine120 & 0xFFFF
   2376            
   2377            writeCmd = (zclWriteCmd_t *)osal_mem_alloc( hdrLen + dataLen );
   \                     ??CrossCallReturnLabel_490:
   \   000024   12....       LCALL   ?XSTACK_DISP0_8
   \   000027   12....       LCALL   ?Subroutine32 & 0xFFFF
   2378            if ( writeCmd != NULL )
   \                     ??CrossCallReturnLabel_46:
   \   00002A   12....       LCALL   ?XSTACK_DISP0_8
   \   00002D   12....       LCALL   ??Subroutine228_0 & 0xFFFF
   \                     ??CrossCallReturnLabel_480:
   \   000030   603E         JZ      ??zclParseInWriteCmd_3
   2379            {
   2380              pBuf = pCmd->pData;
   \   000032   12....       LCALL   ?Subroutine71 & 0xFFFF
   2381              dataPtr = (uint8 *)( (uint8 *)writeCmd + hdrLen );
   \                     ??CrossCallReturnLabel_462:
   \   000035   12....       LCALL   ?XSTACK_DISP0_8
   \   000038   12....       LCALL   ?Subroutine66 & 0xFFFF
   2382          
   2383              writeCmd->numAttr = numAttr;
   \                     ??CrossCallReturnLabel_127:
   \   00003B   12....       LCALL   ?XSTACK_DISP0_8
   \   00003E   12....       LCALL   ?Subroutine74 & 0xFFFF
   2384              for ( i = 0; i < numAttr; i++ )
   \                     ??CrossCallReturnLabel_140:
   \   000041   8026         SJMP    ??zclParseInWriteCmd_4
   2385              {
   2386                statusRec = &(writeCmd->attrList[i]);
   \                     ??zclParseInWriteCmd_5:
   \   000043   E5..         MOV     A,?V0 + 4
   \   000045   75F005       MOV     B,#0x5
   \   000048   A4           MUL     AB
   \   000049   F8           MOV     R0,A
   \   00004A   A9F0         MOV     R1,B
   \   00004C   7402         MOV     A,#0x2
   \   00004E   12....       LCALL   ?XSTACK_DISP0_8
   \   000051   12....       LCALL   ?Subroutine9 & 0xFFFF
   2387                
   2388                statusRec->attrID = BUILD_UINT16( pBuf[0], pBuf[1] );
   2389                pBuf += 2;
   2390                statusRec->dataType = *pBuf++;
   2391          
   2392                attrDataLen = zclGetAttrDataLength( statusRec->dataType, pBuf );
   2393                osal_memcpy( dataPtr, pBuf, attrDataLen);
   \                     ??CrossCallReturnLabel_2:
   \   000054   12....       LCALL   ?PUSH_XSTACK_I_THREE
   \   000057   12....       LCALL   ?Subroutine114 & 0xFFFF
   \                     ??CrossCallReturnLabel_419:
   \   00005A   12....       LCALL   ?DEALLOC_XSTACK8
   2394                statusRec->attrData = dataPtr;
   \   00005D   12....       LCALL   ?Subroutine17 & 0xFFFF
   2395                
   2396                pBuf += attrDataLen; // move pass attribute data
   2397                  
   2398                // advance attribute data pointer
   2399                if ( PADDING_NEEDED( attrDataLen ) )
   \                     ??CrossCallReturnLabel_493:
   \   000060   5002         JNC     ??zclParseInWriteCmd_6
   2400                  attrDataLen++;
   \   000062   05..         INC     ?V0 + 3
   2401                dataPtr += attrDataLen;
   \                     ??zclParseInWriteCmd_6:
   \   000064   12....       LCALL   ?Subroutine123 & 0xFFFF
   2402              }
   \                     ??CrossCallReturnLabel_416:
   \   000067   05..         INC     ?V0 + 4
   \                     ??zclParseInWriteCmd_4:
   \   000069   E5..         MOV     A,?V0 + 4
   \   00006B   C3           CLR     C
   \   00006C   95..         SUBB    A,?V0 + 5
   \   00006E   40D3         JC      ??zclParseInWriteCmd_5
   2403            }
   2404            
   2405            return ( (void *)writeCmd );
   \                     ??zclParseInWriteCmd_3:
   \   000070   02....       LJMP    ?Subroutine6 & 0xFFFF
   2406          }

   \                                 In  segment BANKED_CODE, align 1, keep-with-next
   \                     ?Subroutine120:
   \   000000   75F005       MOV     B,#0x5
   \   000003                REQUIRE ??Subroutine229_0
   \   000003                ; // Fall through to label ??Subroutine229_0

   \                                 In  segment BANKED_CODE, align 1, keep-with-next
   \                     ?Subroutine17:
   \   000000   12....       LCALL   ?Subroutine158 & 0xFFFF
   \                     ??CrossCallReturnLabel_618:
   \   000003                REQUIRE ??Subroutine230_0
   \   000003                ; // Fall through to label ??Subroutine230_0

   \                                 In  segment BANKED_CODE, align 1, keep-with-next
   \                     ?Subroutine56:
   \   000000   05..         INC     ?V0 + 5
   \   000002   EE           MOV     A,R6
   \   000003   2402         ADD     A,#0x2
   \   000005   0E           INC     R6
   \   000006   0E           INC     R6
   \   000007   EF           MOV     A,R7
   \   000008   12....       LCALL   ?Subroutine176 & 0xFFFF
   \                     ??CrossCallReturnLabel_295:
   \   00000B   A3           INC     DPTR
   \   00000C   AE82         MOV     R6,DPL
   \   00000E   12....       LCALL   ?Subroutine172 & 0xFFFF
   \                     ??CrossCallReturnLabel_286:
   \   000011   22           RET

   \                                 In  segment BANKED_CODE, align 1, keep-with-next
   \                     ?Subroutine9:
   \   000000   12....       LCALL   ?Subroutine154 & 0xFFFF
   \                     ??CrossCallReturnLabel_265:
   \   000003   A882         MOV     R0,DPL
   \   000005   A983         MOV     R1,DPH
   \   000007   85..82       MOV     DPL,?XSP + 0
   \   00000A   85..83       MOV     DPH,?XSP + 1
   \   00000D   E8           MOV     A,R0
   \   00000E   12....       LCALL   ?Subroutine135 & 0xFFFF
   \                     ??CrossCallReturnLabel_639:
   \   000011   12....       LCALL   ?Subroutine166 & 0xFFFF
   \                     ??CrossCallReturnLabel_273:
   \   000014   12....       LCALL   ?Subroutine158 & 0xFFFF
   \                     ??CrossCallReturnLabel_617:
   \   000017   EA           MOV     A,R2
   \   000018   F0           MOVX    @DPTR,A
   \   000019   A3           INC     DPTR
   \   00001A   EB           MOV     A,R3
   \   00001B   12....       LCALL   ?Subroutine130 & 0xFFFF
   \                     ??CrossCallReturnLabel_526:
   \   00001E   8E82         MOV     DPL,R6
   \   000020   8F83         MOV     DPH,R7
   \   000022   12....       LCALL   ?Subroutine143 & 0xFFFF
   \                     ??CrossCallReturnLabel_573:
   \   000025   12....       LCALL   ?Subroutine157 & 0xFFFF
   \                     ??CrossCallReturnLabel_455:
   \   000028   A3           INC     DPTR
   \   000029   E9           MOV     A,R1
   \   00002A   12....       LCALL   ?Subroutine131 & 0xFFFF
   \                     ??CrossCallReturnLabel_534:
   \   00002D                ; Setup parameters for call to function zclGetAttrDataLength
   \   00002D                ; Setup parameters for call to function zclGetAttrDataLength
   \   00002D   12....       LCALL   ?Subroutine174 & 0xFFFF
   \                     ??CrossCallReturnLabel_291:
   \   000030   22           RET

   \                                 In  segment BANKED_CODE, align 1, keep-with-next
   \                     ?Subroutine158:
   \   000000   85..82       MOV     DPL,?XSP + 0
   \   000003   85..83       MOV     DPH,?XSP + 1
   \   000006                REQUIRE ??Subroutine251_0
   \   000006                ; // Fall through to label ??Subroutine251_0
   2407          
   2408          /*********************************************************************
   2409           * @fn      zclParseInWriteRspCmd
   2410           *
   2411           * @brief   Parse the "Profile" Write Response Commands
   2412           *
   2413           *      NOTE: THIS FUNCTION ALLOCATES THE RETURN BUFFER, SO THE CALLING
   2414           *            FUNCTION IS RESPONSIBLE TO FREE THE MEMORY.
   2415           *
   2416           * @param   pCmd - pointer to incoming data to parse
   2417           *
   2418           * @return  pointer to the parsed command structure
   2419           */

   \                                 In  segment BANKED_CODE, align 1, keep-with-next
   2420          static void *zclParseInWriteRspCmd( zclParseCmd_t *pCmd )
   \                     zclParseInWriteRspCmd:
   2421          {
   \   000000   74F0         MOV     A,#-0x10
   \   000002   12....       LCALL   ?BANKED_ENTER_XDATA
   \   000005                ; Saved register size: 16
   \   000005                ; Auto size: 0
   2422            zclWriteRspCmd_t *writeRspCmd;
   2423            uint8 *pBuf = pCmd->pData;
   \   000005   EA           MOV     A,R2
   \   000006   2402         ADD     A,#0x2
   \   000008   F5..         MOV     ?V0 + 6,A
   \   00000A   EB           MOV     A,R3
   \   00000B   12....       LCALL   ??Subroutine221_0 & 0xFFFF
   \                     ??CrossCallReturnLabel_412:
   \   00000E   85..82       MOV     DPL,?V0 + 6
   \   000011   F583         MOV     DPH,A
   \   000013   12....       LCALL   ??Subroutine219_0 & 0xFFFF
   2424            uint8 i = 0;
   \                     ??CrossCallReturnLabel_405:
   \   000016   75..00       MOV     ?V0 + 2,#0x0
   2425          
   2426            writeRspCmd = (zclWriteRspCmd_t *)osal_mem_alloc( sizeof ( zclWriteRspCmd_t ) + pCmd->dataLen );
   \   000019   12....       LCALL   ?Subroutine95 & 0xFFFF
   2427            if ( writeRspCmd != NULL )
   \                     ??CrossCallReturnLabel_177:
   \   00001C   6045         JZ      ??zclParseInWriteRspCmd_0
   2428            {
   2429              if ( pCmd->dataLen == 1 )
   \   00001E   85..82       MOV     DPL,?V0 + 0
   \   000021   85..83       MOV     DPH,?V0 + 1
   \   000024   E0           MOVX    A,@DPTR
   \   000025   6401         XRL     A,#0x1
   \   000027   7025         JNZ     ??CrossCallReturnLabel_215
   2430              {
   2431                // special case when all writes were successfull
   2432                writeRspCmd->attrList[i++].status = *pBuf;
   \   000029   12....       LCALL   ?Subroutine81 & 0xFFFF
   2433              }
   \                     ??CrossCallReturnLabel_570:
   \   00002C   A3           INC     DPTR
   \   00002D   F0           MOVX    @DPTR,A
   \   00002E   75..01       MOV     ?V0 + 2,#0x1
   \   000031   8029         SJMP    ??zclParseInWriteRspCmd_1
   2434              else
   2435              {
   2436                while ( pBuf < ( pCmd->pData + pCmd->dataLen ) )
   2437                {
   2438                  writeRspCmd->attrList[i].status = *pBuf++;
   \                     ??zclParseInWriteRspCmd_2:
   \   000033   E5..         MOV     A,?V0 + 2
   \   000035   12....       LCALL   ?Subroutine12 & 0xFFFF
   2439                  writeRspCmd->attrList[i++].attrID = BUILD_UINT16( pBuf[0], pBuf[1] );
   \                     ??CrossCallReturnLabel_527:
   \   000038   F5..         MOV     ?V0 + 4,A
   \   00003A   A3           INC     DPTR
   \   00003B   E0           MOVX    A,@DPTR
   \   00003C   FD           MOV     R5,A
   \   00003D   E5..         MOV     A,?V0 + 4
   \   00003F   8882         MOV     DPL,R0
   \   000041   8983         MOV     DPH,R1
   \   000043   A3           INC     DPTR
   \   000044   A3           INC     DPTR
   \   000045   F0           MOVX    @DPTR,A
   \   000046   A3           INC     DPTR
   \   000047   ED           MOV     A,R5
   \   000048   F0           MOVX    @DPTR,A
   \   000049   05..         INC     ?V0 + 2
   2440                  pBuf += 2;
   \   00004B   12....       LCALL   ?Subroutine116 & 0xFFFF
   2441                }
   \                     ??CrossCallReturnLabel_215:
   \   00004E   85..82       MOV     DPL,?V0 + 0
   \   000051   85..83       MOV     DPH,?V0 + 1
   \   000054   12....       LCALL   ?Subroutine167 & 0xFFFF
   2442              }
   \                     ??CrossCallReturnLabel_274:
   \   000057   12....       LCALL   ??Subroutine235_0 & 0xFFFF
   \                     ??CrossCallReturnLabel_516:
   \   00005A   40D7         JC      ??zclParseInWriteRspCmd_2
   2443              
   2444              writeRspCmd->numAttr = i; 
   \                     ??zclParseInWriteRspCmd_1:
   \   00005C   8A82         MOV     DPL,R2
   \   00005E   8B83         MOV     DPH,R3
   \   000060   E5..         MOV     A,?V0 + 2
   \   000062   F0           MOVX    @DPTR,A
   2445            }
   2446          
   2447            return ( (void *)writeRspCmd );
   \                     ??zclParseInWriteRspCmd_0:
   \   000063   02....       LJMP    ??Subroutine215_0 & 0xFFFF
   2448          }

   \                                 In  segment BANKED_CODE, align 1, keep-with-next
   \                     ??Subroutine235_0:
   \   000000   12....       LCALL   ?Subroutine146 & 0xFFFF
   \                     ??CrossCallReturnLabel_520:
   \   000003   22           RET

   \                                 In  segment BANKED_CODE, align 1, keep-with-next
   \                     ?Subroutine12:
   \   000000   75F003       MOV     B,#0x3
   \   000003   A4           MUL     AB
   \   000004   F8           MOV     R0,A
   \   000005   A9F0         MOV     R1,B
   \   000007   EA           MOV     A,R2
   \   000008   28           ADD     A,R0
   \   000009   F8           MOV     R0,A
   \   00000A   EB           MOV     A,R3
   \   00000B   39           ADDC    A,R1
   \   00000C                REQUIRE ??Subroutine237_0
   \   00000C                ; // Fall through to label ??Subroutine237_0

   \                                 In  segment BANKED_CODE, align 1, keep-with-next
   \                     ??Subroutine237_0:
   \   000000   F9           MOV     R1,A
   \   000001   8E82         MOV     DPL,R6
   \   000003   8F83         MOV     DPH,R7
   \   000005   E0           MOVX    A,@DPTR
   \   000006   8882         MOV     DPL,R0
   \   000008   8983         MOV     DPH,R1
   \   00000A                REQUIRE ??Subroutine238_0
   \   00000A                ; // Fall through to label ??Subroutine238_0
   2449          #endif // ZCL_WRITE
   2450          
   2451          #ifdef ZCL_REPORT
   2452          /*********************************************************************
   2453           * @fn      zclParseInConfigReportCmd
   2454           *
   2455           * @brief   Parse the "Profile" Configure Reporting Command
   2456           *
   2457           *      NOTE: THIS FUNCTION ALLOCATES THE RETURN BUFFER, SO THE CALLING
   2458           *            FUNCTION IS RESPONSIBLE TO FREE THE MEMORY.
   2459           *
   2460           * @param   pCmd - pointer to incoming data to parse
   2461           *
   2462           * @return  pointer to the parsed command structure
   2463           */

   \                                 In  segment BANKED_CODE, align 1, keep-with-next
   \                     ?Subroutine2:
   \   000000   85..82       MOV     DPL,?XSP + 0
   \   000003   85..83       MOV     DPH,?XSP + 1
   \   000006   12....       LCALL   ??Subroutine223_0 & 0xFFFF
   \                     ??CrossCallReturnLabel_429:
   \   000009   7402         MOV     A,#0x2
   \   00000B                REQUIRE ??Subroutine214_0
   \   00000B                ; // Fall through to label ??Subroutine214_0

   \                                 In  segment BANKED_CODE, align 1, keep-with-next
   \                     ?Subroutine25:
   \   000000   A3           INC     DPTR
   \   000001   A3           INC     DPTR
   \   000002   A3           INC     DPTR
   \   000003   A3           INC     DPTR
   \   000004   A3           INC     DPTR
   \   000005   A3           INC     DPTR
   \   000006                REQUIRE ??Subroutine216_0
   \   000006                ; // Fall through to label ??Subroutine216_0

   \                                 In  segment BANKED_CODE, align 1, keep-with-next
   2464          void *zclParseInConfigReportCmd( zclParseCmd_t *pCmd )
   \                     zclParseInConfigReportCmd:
   2465          {
   \   000000   74F0         MOV     A,#-0x10
   \   000002   12....       LCALL   ?BANKED_ENTER_XDATA
   \   000005                ; Saved register size: 16
   \   000005                ; Auto size: 2
   \   000005   74FE         MOV     A,#-0x2
   \   000007   12....       LCALL   ?ALLOC_XSTACK8
   \   00000A   8A..         MOV     ?V0 + 6,R2
   \   00000C   8B..         MOV     ?V0 + 7,R3
   2466            zclCfgReportCmd_t *cfgReportCmd;
   2467            zclCfgReportRec_t *reportRec;
   2468            uint8 *pBuf = pCmd->pData;
   \   00000E   EA           MOV     A,R2
   \   00000F   2402         ADD     A,#0x2
   \   000011   F5..         MOV     ?V0 + 2,A
   \   000013   EB           MOV     A,R3
   \   000014   12....       LCALL   ??Subroutine240_0 & 0xFFFF
   \                     ??CrossCallReturnLabel_539:
   \   000017   12....       LCALL   ??Subroutine219_0 & 0xFFFF
   2469            uint8 *dataPtr;
   2470            uint8 numAttr = 0;
   \                     ??CrossCallReturnLabel_406:
   \   00001A   75..00       MOV     ?V0 + 4,#0x0
   2471            uint8 direction;
   2472            uint8 dataType;
   2473            uint8 hdrLen;
   2474            uint8 dataLen = 0;
   \   00001D   75..00       MOV     ?V0 + 5,#0x0
   \   000020   8003         SJMP    ??CrossCallReturnLabel_216
   2475            uint8 reportChangeLen; // length of Reportable Change field
   2476            uint8 i;
   2477            
   2478            // Calculate the length of the Request command
   2479            while ( pBuf < ( pCmd->pData + pCmd->dataLen ) )
   2480            {
   2481              numAttr++;
   2482              
   2483              direction = *pBuf++;
   2484              pBuf += 2; // move pass the attribute ID
   2485              
   2486              // Is there a Reportable Change field?
   2487              if ( direction == ZCL_SEND_ATTR_REPORTS )
   2488              {
   2489                dataType = *pBuf++;
   2490                pBuf += 4; // move pass the Min and Max Reporting Intervals
   2491          
   2492                // For attributes of 'discrete' data types this field is omitted
   2493                if ( zclAnalogDataType( dataType ) )
   2494                {
   2495                  reportChangeLen = zclGetDataTypeLength( dataType );
   2496                  pBuf += reportChangeLen;
   2497                  
   2498                  // add padding if needed
   2499                  if ( PADDING_NEEDED( reportChangeLen ) )
   2500                    reportChangeLen++;
   2501                  dataLen += reportChangeLen;
   2502                }
   2503              }
   2504              else
   2505              {
   2506                pBuf += 2; // move pass the Timeout Period
   \                     ??zclParseInConfigReportCmd_0:
   \   000022   12....       LCALL   ?Subroutine116 & 0xFFFF
   2507              }
   \                     ??CrossCallReturnLabel_216:
   \   000025   85..82       MOV     DPL,?V0 + 6
   \   000028   85..83       MOV     DPH,?V0 + 7
   \   00002B   12....       LCALL   ?Subroutine65 & 0xFFFF
   \                     ??CrossCallReturnLabel_517:
   \   00002E   501F         JNC     ??zclParseInConfigReportCmd_1
   \   000030   05..         INC     ?V0 + 4
   \   000032   8E82         MOV     DPL,R6
   \   000034   8F83         MOV     DPH,R7
   \   000036   E0           MOVX    A,@DPTR
   \   000037   F8           MOV     R0,A
   \   000038   12....       LCALL   ?Subroutine117 & 0xFFFF
   \                     ??CrossCallReturnLabel_218:
   \   00003B   70E5         JNZ     ??zclParseInConfigReportCmd_0
   \   00003D   12....       LCALL   ?Subroutine70 & 0xFFFF
   \                     ??CrossCallReturnLabel_135:
   \   000040   60E3         JZ      ??CrossCallReturnLabel_216
   \   000042                ; Setup parameters for call to function zclGetDataTypeLength
   \   000042   12....       LCALL   ?Subroutine125 & 0xFFFF
   \                     ??CrossCallReturnLabel_226:
   \   000045   5001         JNC     ??zclParseInConfigReportCmd_2
   \   000047   08           INC     R0
   \                     ??zclParseInConfigReportCmd_2:
   \   000048   E8           MOV     A,R0
   \   000049   25..         ADD     A,?V0 + 5
   \   00004B   F5..         MOV     ?V0 + 5,A
   \   00004D   80D6         SJMP    ??CrossCallReturnLabel_216
   2508            } // while loop
   2509          
   2510            hdrLen = sizeof( zclCfgReportCmd_t ) + ( numAttr * sizeof( zclCfgReportRec_t ) );
   \                     ??zclParseInConfigReportCmd_1:
   \   00004F   75F00C       MOV     B,#0xc
   \   000052   E5..         MOV     A,?V0 + 4
   \   000054   A4           MUL     AB
   \   000055   04           INC     A
   \   000056   F8           MOV     R0,A
   2511            
   2512            cfgReportCmd = (zclCfgReportCmd_t *)osal_mem_alloc( hdrLen + dataLen );
   \   000057   8882         MOV     DPL,R0
   \   000059   8582..       MOV     ?V0 + 0,DPL
   \   00005C                ; Setup parameters for call to function osal_mem_alloc
   \   00005C   85....       MOV     ?V0 + 6,?V0 + 5
   \   00005F   25..         ADD     A,?V0 + 6
   \   000061   12....       LCALL   ?Subroutine27 & 0xFFFF
   2513            if ( cfgReportCmd != NULL )
   \                     ??CrossCallReturnLabel_41:
   \   000064   7003         JNZ     $+5
   \   000066   02....       LJMP    ??zclParseInConfigReportCmd_3 & 0xFFFF
   2514            { 
   2515              pBuf = pCmd->pData;
   \   000069   12....       LCALL   ?Subroutine84 & 0xFFFF
   2516              dataPtr = (uint8 *)( (uint8 *)cfgReportCmd + hdrLen );
   \                     ??CrossCallReturnLabel_155:
   \   00006C   F5..         MOV     ?V0 + 6,A
   \   00006E   A3           INC     DPTR
   \   00006F   E0           MOVX    A,@DPTR
   \   000070   12....       LCALL   ??Subroutine221_0 & 0xFFFF
   2517              
   2518              cfgReportCmd->numAttr = numAttr;
   \                     ??CrossCallReturnLabel_413:
   \   000073   12....       LCALL   ?Subroutine164 & 0xFFFF
   \                     ??CrossCallReturnLabel_501:
   \   000076   E5..         MOV     A,?V0 + 4
   \   000078   F0           MOVX    @DPTR,A
   2519              for ( i = 0; i < numAttr; i++ )
   \   000079   75..00       MOV     ?V0 + 5,#0x0
   \   00007C   8008         SJMP    ??zclParseInConfigReportCmd_4
   2520              {
   2521                reportRec = &(cfgReportCmd->attrList[i]);
   2522                
   2523                osal_memset( reportRec, 0, sizeof( zclCfgReportRec_t ) );
   2524                  
   2525                reportRec->direction = *pBuf++;
   2526                reportRec->attrID = BUILD_UINT16( pBuf[0], pBuf[1] );
   2527                pBuf += 2;
   2528                if ( reportRec->direction == ZCL_SEND_ATTR_REPORTS )
   2529                {
   2530                  // Attribute to be reported
   2531                  reportRec->dataType = *pBuf++;
   2532                  reportRec->minReportInt = BUILD_UINT16( pBuf[0], pBuf[1] );
   2533                  pBuf += 2;
   2534                  reportRec->maxReportInt = BUILD_UINT16( pBuf[0], pBuf[1] );
   2535                  pBuf += 2;
   2536          
   2537                  // For attributes of 'discrete' data types this field is omitted
   2538                  if ( zclAnalogDataType( reportRec->dataType ) )
   2539                  {
   2540                    zcl_BuildAnalogData( reportRec->dataType, dataPtr, pBuf);
   2541                    reportRec->reportableChange = dataPtr;
   2542                    
   2543                    reportChangeLen = zclGetDataTypeLength( reportRec->dataType );
   2544                    pBuf += reportChangeLen;
   2545                    
   2546                    // advance attribute data pointer
   2547                    if ( PADDING_NEEDED( reportChangeLen ) )
   2548                      reportChangeLen++;
   2549                    dataPtr += reportChangeLen;
   2550                  }
   2551                }
   2552                else
   2553                {
   2554                  // Attribute reports to be received
   2555                  reportRec->timeoutPeriod = BUILD_UINT16( pBuf[0], pBuf[1] );
   \                     ??zclParseInConfigReportCmd_5:
   \   00007E   12....       LCALL   ?Subroutine82 & 0xFFFF
   2556                  pBuf += 2;
   2557                }
   \                     ??CrossCallReturnLabel_504:
   \   000081   12....       LCALL   ?Subroutine25 & 0xFFFF
   \                     ??CrossCallReturnLabel_394:
   \   000084   05..         INC     ?V0 + 5
   \                     ??zclParseInConfigReportCmd_4:
   \   000086   E5..         MOV     A,?V0 + 5
   \   000088   C3           CLR     C
   \   000089   95..         SUBB    A,?V0 + 4
   \   00008B   4003         JC      $+5
   \   00008D   02....       LJMP    ??zclParseInConfigReportCmd_3 & 0xFFFF
   \   000090   E5..         MOV     A,?V0 + 5
   \   000092   75F00C       MOV     B,#0xc
   \   000095   12....       LCALL   ?Subroutine76 & 0xFFFF
   \                     ??CrossCallReturnLabel_508:
   \   000098                ; Setup parameters for call to function osal_memset
   \   000098   7C0C         MOV     R4,#0xc
   \   00009A   7D00         MOV     R5,#0x0
   \   00009C   7900         MOV     R1,#0x0
   \   00009E   AA..         MOV     R2,?V0 + 0
   \   0000A0   AB..         MOV     R3,?V0 + 1
   \   0000A2   12....       LCALL   ??osal_memset?relay
   \   0000A5   8E82         MOV     DPL,R6
   \   0000A7   8F83         MOV     DPH,R7
   \   0000A9   12....       LCALL   ?Subroutine192 & 0xFFFF
   \                     ??CrossCallReturnLabel_307:
   \   0000AC   12....       LCALL   ??Subroutine239_0 & 0xFFFF
   \                     ??CrossCallReturnLabel_531:
   \   0000AF   FC           MOV     R4,A
   \   0000B0   A3           INC     DPTR
   \   0000B1   E0           MOVX    A,@DPTR
   \   0000B2   F9           MOV     R1,A
   \   0000B3   EC           MOV     A,R4
   \   0000B4   85..82       MOV     DPL,?V0 + 0
   \   0000B7   85..83       MOV     DPH,?V0 + 1
   \   0000BA   12....       LCALL   ??Subroutine217_0 & 0xFFFF
   \                     ??CrossCallReturnLabel_397:
   \   0000BD   8E82         MOV     DPL,R6
   \   0000BF   8F83         MOV     DPH,R7
   \   0000C1   A3           INC     DPTR
   \   0000C2   A882         MOV     R0,DPL
   \   0000C4   A983         MOV     R1,DPH
   \   0000C6   8E82         MOV     DPL,R6
   \   0000C8   8F83         MOV     DPH,R7
   \   0000CA   E0           MOVX    A,@DPTR
   \   0000CB   FA           MOV     R2,A
   \   0000CC   EB           MOV     A,R3
   \   0000CD   70AF         JNZ     ??zclParseInConfigReportCmd_5
   \   0000CF   E5..         MOV     A,?V0 + 0
   \   0000D1   2403         ADD     A,#0x3
   \   0000D3   F5..         MOV     ?V0 + 2,A
   \   0000D5   E5..         MOV     A,?V0 + 1
   \   0000D7   3400         ADDC    A,#0x0
   \   0000D9   F5..         MOV     ?V0 + 3,A
   \   0000DB   EA           MOV     A,R2
   \   0000DC   85..82       MOV     DPL,?V0 + 2
   \   0000DF   85..83       MOV     DPH,?V0 + 3
   \   0000E2   12....       LCALL   ?Subroutine19 & 0xFFFF
   \                     ??CrossCallReturnLabel_26:
   \   0000E5   12....       LCALL   ?Subroutine13 & 0xFFFF
   \                     ??CrossCallReturnLabel_9:
   \   0000E8   12....       LCALL   ?Subroutine24 & 0xFFFF
   \                     ??CrossCallReturnLabel_37:
   \   0000EB   6097         JZ      ??CrossCallReturnLabel_394
   \   0000ED                ; Setup parameters for call to function zcl_BuildAnalogData
   \   0000ED   EE           MOV     A,R6
   \   0000EE   FC           MOV     R4,A
   \   0000EF   EF           MOV     A,R7
   \   0000F0   FD           MOV     R5,A
   \   0000F1   AA..         MOV     R2,?V0 + 6
   \   0000F3   AB..         MOV     R3,?V0 + 7
   \   0000F5   85..82       MOV     DPL,?V0 + 2
   \   0000F8   85..83       MOV     DPH,?V0 + 3
   \   0000FB   E0           MOVX    A,@DPTR
   \   0000FC   F9           MOV     R1,A
   \   0000FD   12....       LCALL   ??zcl_BuildAnalogData?relay
   \   000100   85..82       MOV     DPL,?V0 + 0
   \   000103   85..83       MOV     DPH,?V0 + 1
   \   000106   A3           INC     DPTR
   \   000107   A3           INC     DPTR
   \   000108   A3           INC     DPTR
   \   000109   A3           INC     DPTR
   \   00010A   A3           INC     DPTR
   \   00010B   A3           INC     DPTR
   \   00010C   A3           INC     DPTR
   \   00010D   A3           INC     DPTR
   \   00010E   A3           INC     DPTR
   \   00010F   A3           INC     DPTR
   \   000110   E5..         MOV     A,?V0 + 6
   \   000112   F0           MOVX    @DPTR,A
   \   000113   A3           INC     DPTR
   \   000114   E5..         MOV     A,?V0 + 7
   \   000116   F0           MOVX    @DPTR,A
   \   000117                ; Setup parameters for call to function zclGetDataTypeLength
   \   000117   85..82       MOV     DPL,?V0 + 2
   \   00011A   85..83       MOV     DPH,?V0 + 3
   \   00011D   12....       LCALL   ?Subroutine67 & 0xFFFF
   \                     ??CrossCallReturnLabel_129:
   \   000120   5001         JNC     ??zclParseInConfigReportCmd_6
   \   000122   08           INC     R0
   \                     ??zclParseInConfigReportCmd_6:
   \   000123   88..         MOV     ?V0 + 0,R0
   \   000125   12....       LCALL   ??Subroutine220_0 & 0xFFFF
   2558              } // while loop
   2559            }
   \                     ??CrossCallReturnLabel_414:
   \   000128   02....       LJMP    ??CrossCallReturnLabel_394 & 0xFFFF
   2560            
   2561            return ( (void *)cfgReportCmd );
   \                     ??zclParseInConfigReportCmd_3:
   \   00012B   02....       LJMP    ?Subroutine2 & 0xFFFF
   2562          }

   \                                 In  segment BANKED_CODE, align 1, keep-with-next
   \                     ?Subroutine164:
   \   000000   85..82       MOV     DPL,?XSP + 0
   \   000003   85..83       MOV     DPH,?XSP + 1
   \   000006                REQUIRE ??Subroutine231_0
   \   000006                ; // Fall through to label ??Subroutine231_0

   \                                 In  segment BANKED_CODE, align 1, keep-with-next
   \                     ?Subroutine82:
   \   000000   8882         MOV     DPL,R0
   \   000002   8983         MOV     DPH,R1
   \   000004                REQUIRE ??Subroutine233_0
   \   000004                ; // Fall through to label ??Subroutine233_0

   \                                 In  segment BANKED_CODE, align 1, keep-with-next
   \                     ?Subroutine76:
   \   000000   A4           MUL     AB
   \   000001   F8           MOV     R0,A
   \   000002   A9F0         MOV     R1,B
   \   000004   85..82       MOV     DPL,?XSP + 0
   \   000007   85..83       MOV     DPH,?XSP + 1
   \   00000A                REQUIRE ??Subroutine234_0
   \   00000A                ; // Fall through to label ??Subroutine234_0

   \                                 In  segment BANKED_CODE, align 1, keep-with-next
   \                     ?Subroutine65:
   \   000000   A3           INC     DPTR
   \   000001   E0           MOVX    A,@DPTR
   \   000002   F8           MOV     R0,A
   \   000003   85..82       MOV     DPL,?V0 + 2
   \   000006   85..83       MOV     DPH,?V0 + 3
   \   000009                REQUIRE ??Subroutine235_0
   \   000009                ; // Fall through to label ??Subroutine235_0

   \                                 In  segment BANKED_CODE, align 1, keep-with-next
   \                     ?Subroutine125:
   \   000000   A9..         MOV     R1,?V0 + 0
   \   000002   12....       LCALL   ??zclGetDataTypeLength?relay
   \   000005   E9           MOV     A,R1
   \   000006   12....       LCALL   ?Subroutine180 & 0xFFFF
   \                     ??CrossCallReturnLabel_301:
   \   000009   22           RET

   \                                 In  segment BANKED_CODE, align 1, keep-with-next
   \                     ?Subroutine117:
   \   000000   A3           INC     DPTR
   \   000001   E582         MOV     A,DPL
   \   000003   2402         ADD     A,#0x2
   \   000005   FE           MOV     R6,A
   \   000006   E583         MOV     A,DPH
   \   000008   3400         ADDC    A,#0x0
   \   00000A   FF           MOV     R7,A
   \   00000B   E8           MOV     A,R0
   \   00000C   22           RET

   \                                 In  segment BANKED_CODE, align 1, keep-with-next
   \                     ?Subroutine84:
   \   000000   85..82       MOV     DPL,?V0 + 2
   \   000003   85..83       MOV     DPH,?V0 + 3
   \   000006   12....       LCALL   ?Subroutine151 & 0xFFFF
   \                     ??CrossCallReturnLabel_468:
   \   000009   85..82       MOV     DPL,?XSP + 0
   \   00000C   85..83       MOV     DPH,?XSP + 1
   \   00000F   E0           MOVX    A,@DPTR
   \   000010   25..         ADD     A,?V0 + 0
   \   000012   22           RET

   \                                 In  segment BANKED_CODE, align 1, keep-with-next
   \                     ?Subroutine70:
   \   000000   8E82         MOV     DPL,R6
   \   000002   8F83         MOV     DPH,R7
   \   000004   E0           MOVX    A,@DPTR
   \   000005   F5..         MOV     ?V0 + 0,A
   \   000007   A3           INC     DPTR
   \   000008   E582         MOV     A,DPL
   \   00000A   2404         ADD     A,#0x4
   \   00000C   FE           MOV     R6,A
   \   00000D   E583         MOV     A,DPH
   \   00000F   3400         ADDC    A,#0x0
   \   000011   FF           MOV     R7,A
   \   000012                ; Setup parameters for call to function zclAnalogDataType
   \   000012                ; Setup parameters for call to function zclAnalogDataType
   \   000012   A9..         MOV     R1,?V0 + 0
   \   000014   12....       LCALL   ??zclAnalogDataType?relay
   \   000017   E9           MOV     A,R1
   \   000018   22           RET

   \                                 In  segment BANKED_CODE, align 1, keep-with-next
   \                     ?Subroutine67:
   \   000000   12....       LCALL   ?Subroutine160 & 0xFFFF
   \                     ??CrossCallReturnLabel_269:
   \   000003   12....       LCALL   ?Subroutine180 & 0xFFFF
   \                     ??CrossCallReturnLabel_302:
   \   000006   22           RET

   \                                 In  segment BANKED_CODE, align 1, keep-with-next
   \                     ?Subroutine180:
   \   000000   F8           MOV     R0,A
   \   000001   88..         MOV     ?V0 + 0,R0
   \   000003   12....       LCALL   ?Subroutine194 & 0xFFFF
   \                     ??CrossCallReturnLabel_497:
   \   000006   E8           MOV     A,R0
   \   000007   A2E0         MOV     C,0xE0 /* A   */.0
   \   000009   22           RET

   \                                 In  segment BANKED_CODE, align 1, keep-with-next
   \                     ?Subroutine27:
   \   000000   12....       LCALL   ?Subroutine179 & 0xFFFF
   \                     ??CrossCallReturnLabel_554:
   \   000003   12....       LCALL   ?Subroutine134 & 0xFFFF
   \                     ??CrossCallReturnLabel_237:
   \   000006   F8           MOV     R0,A
   \   000007   A3           INC     DPTR
   \   000008   E0           MOVX    A,@DPTR
   \   000009   F9           MOV     R1,A
   \   00000A   E8           MOV     A,R0
   \   00000B   49           ORL     A,R1
   \   00000C   22           RET

   \                                 In  segment BANKED_CODE, align 1, keep-with-next
   \                     ?Subroutine24:
   \   000000   12....       LCALL   ?Subroutine128 & 0xFFFF
   \                     ??CrossCallReturnLabel_557:
   \   000003                ; Setup parameters for call to function zclAnalogDataType
   \   000003                ; Setup parameters for call to function zclAnalogDataType
   \   000003   EA           MOV     A,R2
   \   000004   F9           MOV     R1,A
   \   000005   12....       LCALL   ??zclAnalogDataType?relay
   \   000008   E9           MOV     A,R1
   \   000009   22           RET

   \                                 In  segment BANKED_CODE, align 1, keep-with-next
   \                     ?Subroutine128:
   \   000000   E8           MOV     A,R0
   \   000001                REQUIRE ??Subroutine243_0
   \   000001                ; // Fall through to label ??Subroutine243_0

   \                                 In  segment BANKED_CODE, align 1, keep-with-next
   \                     ?Subroutine19:
   \   000000   F0           MOVX    @DPTR,A
   \   000001   0E           INC     R6
   \   000002   E9           MOV     A,R1
   \   000003   FF           MOV     R7,A
   \   000004   12....       LCALL   ?Subroutine140 & 0xFFFF
   \                     ??CrossCallReturnLabel_246:
   \   000007   22           RET

   \                                 In  segment BANKED_CODE, align 1, keep-with-next
   \                     ?Subroutine140:
   \   000000   8E82         MOV     DPL,R6
   \   000002   8F83         MOV     DPH,R7
   \   000004   E0           MOVX    A,@DPTR
   \   000005   F8           MOV     R0,A
   \   000006   A3           INC     DPTR
   \   000007   E0           MOVX    A,@DPTR
   \   000008   FD           MOV     R5,A
   \   000009   E8           MOV     A,R0
   \   00000A   2400         ADD     A,#0x0
   \   00000C   E4           CLR     A
   \   00000D   3D           ADDC    A,R5
   \   00000E   F9           MOV     R1,A
   \   00000F   85..82       MOV     DPL,?V0 + 0
   \   000012   85..83       MOV     DPH,?V0 + 1
   \   000015   22           RET

   \                                 In  segment BANKED_CODE, align 1, keep-with-next
   \                     ?Subroutine13:
   \   000000   A3           INC     DPTR
   \   000001   A3           INC     DPTR
   \   000002   A3           INC     DPTR
   \   000003   A3           INC     DPTR
   \   000004   12....       LCALL   ?Subroutine128 & 0xFFFF
   \                     ??CrossCallReturnLabel_558:
   \   000007   12....       LCALL   ?Subroutine140 & 0xFFFF
   \                     ??CrossCallReturnLabel_245:
   \   00000A   A3           INC     DPTR
   \   00000B   A3           INC     DPTR
   \   00000C   A3           INC     DPTR
   \   00000D   A3           INC     DPTR
   \   00000E   A3           INC     DPTR
   \   00000F   A3           INC     DPTR
   \   000010   22           RET
   2563          
   2564          /*********************************************************************
   2565           * @fn      zclParseInConfigReportRspCmd
   2566           *
   2567           * @brief   Parse the "Profile" Configure Reporting Response Command
   2568           *
   2569           *      NOTE: THIS FUNCTION ALLOCATES THE RETURN BUFFER, SO THE CALLING
   2570           *            FUNCTION IS RESPONSIBLE TO FREE THE MEMORY.
   2571           *
   2572           * @param   pCmd - pointer to incoming data to parse
   2573           *
   2574           * @return  pointer to the parsed command structure
   2575           */

   \                                 In  segment BANKED_CODE, align 1, keep-with-next
   2576          static void *zclParseInConfigReportRspCmd( zclParseCmd_t *pCmd )
   \                     zclParseInConfigReportRspCmd:
   2577          {
   \   000000   74F5         MOV     A,#-0xb
   \   000002   12....       LCALL   ?BANKED_ENTER_XDATA
   \   000005                ; Saved register size: 11
   \   000005                ; Auto size: 0
   2578            zclCfgReportRspCmd_t *cfgReportRspCmd;
   2579            uint8 *pBuf = pCmd->pData;
   \   000005   12....       LCALL   ?Subroutine96 & 0xFFFF
   2580            uint8 numAttr;
   2581            uint8 i; 
   2582            
   2583            numAttr = pCmd->dataLen / ( 1 + 1 + 2 ); // Status + Direction + Attribute ID
   \                     ??CrossCallReturnLabel_409:
   \   000008   8A82         MOV     DPL,R2
   \   00000A   8B83         MOV     DPH,R3
   \   00000C   A3           INC     DPTR
   \   00000D   E0           MOVX    A,@DPTR
   \   00000E   13           RRC     A
   \   00000F   13           RRC     A
   \   000010   543F         ANL     A,#0x3f
   \   000012   F5..         MOV     ?V0 + 2,A
   2584            
   2585            cfgReportRspCmd = (zclCfgReportRspCmd_t *)osal_mem_alloc( sizeof( zclCfgReportRspCmd_t ) 
   2586                                                      + ( numAttr * sizeof( zclCfgReportStatus_t ) ) );
   \   000014                ; Setup parameters for call to function osal_mem_alloc
   \   000014   F5..         MOV     ?V0 + 0,A
   \   000016   75..00       MOV     ?V0 + 1,#0x0
   \   000019   7402         MOV     A,#0x2
   \   00001B   78..         MOV     R0,#?V0 + 0
   \   00001D   12....       LCALL   ?S_SHL
   \   000020   E5..         MOV     A,?V0 + 0
   \   000022   2401         ADD     A,#0x1
   \   000024   FA           MOV     R2,A
   \   000025   E4           CLR     A
   \   000026   12....       LCALL   ?Subroutine124 & 0xFFFF
   2587            if ( cfgReportRspCmd != NULL )
   \                     ??CrossCallReturnLabel_224:
   \   000029   6047         JZ      ??zclParseInConfigReportRspCmd_0
   2588            {
   2589              cfgReportRspCmd->numAttr = numAttr;
   \   00002B   8A82         MOV     DPL,R2
   \   00002D   8B83         MOV     DPH,R3
   \   00002F   E5..         MOV     A,?V0 + 2
   \   000031   F0           MOVX    @DPTR,A
   2590              for ( i = 0; i < cfgReportRspCmd->numAttr; i++ )
   \   000032   75..00       MOV     ?V0 + 2,#0x0
   \   000035   8032         SJMP    ??zclParseInConfigReportRspCmd_1
   2591              {
   2592                cfgReportRspCmd->attrList[i].status = *pBuf++;
   \                     ??zclParseInConfigReportRspCmd_2:
   \   000037   85....       MOV     ?V0 + 0,?V0 + 2
   \   00003A   75..00       MOV     ?V0 + 1,#0x0
   \   00003D   7402         MOV     A,#0x2
   \   00003F   78..         MOV     R0,#?V0 + 0
   \   000041   12....       LCALL   ?S_SHL
   \   000044   EA           MOV     A,R2
   \   000045   25..         ADD     A,?V0 + 0
   \   000047   F8           MOV     R0,A
   \   000048   EB           MOV     A,R3
   \   000049   35..         ADDC    A,?V0 + 1
   \   00004B   12....       LCALL   ??Subroutine237_0 & 0xFFFF
   2593                cfgReportRspCmd->attrList[i].direction = *pBuf++;
   2594                cfgReportRspCmd->attrList[i].attrID = BUILD_UINT16( pBuf[0], pBuf[1] );
   2595                pBuf += 2;
   2596              }
   \                     ??CrossCallReturnLabel_529:
   \   00004E   8882         MOV     DPL,R0
   \   000050   8983         MOV     DPH,R1
   \   000052   A3           INC     DPTR
   \   000053   12....       LCALL   ?Subroutine37 & 0xFFFF
   \                     ??CrossCallReturnLabel_55:
   \   000056   F5..         MOV     ?V0 + 0,A
   \   000058   A3           INC     DPTR
   \   000059   E0           MOVX    A,@DPTR
   \   00005A   FD           MOV     R5,A
   \   00005B   E5..         MOV     A,?V0 + 0
   \   00005D   8882         MOV     DPL,R0
   \   00005F   8983         MOV     DPH,R1
   \   000061   A3           INC     DPTR
   \   000062   A3           INC     DPTR
   \   000063   A3           INC     DPTR
   \   000064   12....       LCALL   ?Subroutine30 & 0xFFFF
   \                     ??CrossCallReturnLabel_521:
   \   000067   05..         INC     ?V0 + 2
   \                     ??zclParseInConfigReportRspCmd_1:
   \   000069   8A82         MOV     DPL,R2
   \   00006B   8B83         MOV     DPH,R3
   \   00006D   12....       LCALL   ??Subroutine202_0 & 0xFFFF
   2597            }
   \                     ??CrossCallReturnLabel_326:
   \   000070   40C5         JC      ??zclParseInConfigReportRspCmd_2
   2598          
   2599            return ( (void *)cfgReportRspCmd );  
   \                     ??zclParseInConfigReportRspCmd_0:
   \   000072   02....       LJMP    ?Subroutine3 & 0xFFFF
   2600          }

   \                                 In  segment BANKED_CODE, align 1, keep-with-next
   \                     ?Subroutine30:
   \   000000   F0           MOVX    @DPTR,A
   \   000001   A3           INC     DPTR
   \   000002   ED           MOV     A,R5
   \   000003                REQUIRE ??Subroutine236_0
   \   000003                ; // Fall through to label ??Subroutine236_0

   \                                 In  segment BANKED_CODE, align 1, keep-with-next
   \                     ?Subroutine124:
   \   000000   12....       LCALL   ?Subroutine178 & 0xFFFF
   \                     ??CrossCallReturnLabel_300:
   \   000003   22           RET

   \                                 In  segment BANKED_CODE, align 1, keep-with-next
   \                     ?Subroutine37:
   \   000000   A3           INC     DPTR
   \   000001   12....       LCALL   ?Subroutine183 & 0xFFFF
   \                     ??CrossCallReturnLabel_538:
   \   000004   0E           INC     R6
   \   000005   AF83         MOV     R7,DPH
   \   000007   E0           MOVX    A,@DPTR
   \   000008   22           RET
   2601          
   2602          /*********************************************************************
   2603           * @fn      zclParseInReadReportCfgCmd
   2604           *
   2605           * @brief   Parse the "Profile" Read Reporting Configuration Command
   2606           *
   2607           *      NOTE: THIS FUNCTION ALLOCATES THE RETURN BUFFER, SO THE CALLING
   2608           *            FUNCTION IS RESPONSIBLE TO FREE THE MEMORY.
   2609           *
   2610           * @param   pCmd - pointer to incoming data to parse
   2611           *
   2612           * @return  pointer to the parsed command structure
   2613           */

   \                                 In  segment BANKED_CODE, align 1, keep-with-next
   2614          void *zclParseInReadReportCfgCmd( zclParseCmd_t *pCmd )
   \                     zclParseInReadReportCfgCmd:
   2615          {
   \   000000   74F4         MOV     A,#-0xc
   \   000002   12....       LCALL   ?BANKED_ENTER_XDATA
   \   000005                ; Saved register size: 12
   \   000005                ; Auto size: 0
   2616            zclReadReportCfgCmd_t *readReportCfgCmd;
   2617            uint8 *pBuf = pCmd->pData;
   \   000005   12....       LCALL   ?Subroutine96 & 0xFFFF
   2618            uint8 numAttr;
   2619            uint8 i;
   2620            
   2621            numAttr = pCmd->dataLen / ( 1 + 2 ); // Direction + Attribute ID
   \                     ??CrossCallReturnLabel_410:
   \   000008   75F003       MOV     B,#0x3
   \   00000B   8A82         MOV     DPL,R2
   \   00000D   8B83         MOV     DPH,R3
   \   00000F   A3           INC     DPTR
   \   000010   E0           MOVX    A,@DPTR
   \   000011   84           DIV     AB
   \   000012   F5..         MOV     ?V0 + 0,A
   2622            
   2623            readReportCfgCmd = (zclReadReportCfgCmd_t *)osal_mem_alloc( sizeof( zclReadReportCfgCmd_t ) 
   2624                                                            + ( numAttr * sizeof( zclReadReportCfgRec_t ) ) );
   \   000014                ; Setup parameters for call to function osal_mem_alloc
   \   000014   75F003       MOV     B,#0x3
   \   000017   A4           MUL     AB
   \   000018   2401         ADD     A,#0x1
   \   00001A   FA           MOV     R2,A
   \   00001B   E5F0         MOV     A,B
   \   00001D   12....       LCALL   ?Subroutine124 & 0xFFFF
   2625            if ( readReportCfgCmd != NULL )
   \                     ??CrossCallReturnLabel_225:
   \   000020   602A         JZ      ??zclParseInReadReportCfgCmd_0
   2626            {
   2627              readReportCfgCmd->numAttr = numAttr;
   \   000022   8A82         MOV     DPL,R2
   \   000024   8B83         MOV     DPH,R3
   \   000026   E5..         MOV     A,?V0 + 0
   \   000028   F0           MOVX    @DPTR,A
   2628              for ( i = 0; i < readReportCfgCmd->numAttr; i++)
   \   000029   75..00       MOV     ?V0 + 0,#0x0
   \   00002C   8015         SJMP    ??CrossCallReturnLabel_44
   2629              {
   2630                readReportCfgCmd->attrList[i].direction = *pBuf++;;
   \                     ??zclParseInReadReportCfgCmd_1:
   \   00002E   E5..         MOV     A,?V0 + 0
   \   000030   12....       LCALL   ?Subroutine12 & 0xFFFF
   2631                readReportCfgCmd->attrList[i].attrID = BUILD_UINT16( pBuf[0], pBuf[1] );
   2632                pBuf += 2;
   2633              }
   \                     ??CrossCallReturnLabel_528:
   \   000033   F5..         MOV     ?V0 + 2,A
   \   000035   A3           INC     DPTR
   \   000036   E0           MOVX    A,@DPTR
   \   000037   FD           MOV     R5,A
   \   000038   E5..         MOV     A,?V0 + 2
   \   00003A   8882         MOV     DPL,R0
   \   00003C   8983         MOV     DPH,R1
   \   00003E   A3           INC     DPTR
   \   00003F   A3           INC     DPTR
   \   000040   12....       LCALL   ?Subroutine29 & 0xFFFF
   \                     ??CrossCallReturnLabel_44:
   \   000043   8A82         MOV     DPL,R2
   \   000045   8B83         MOV     DPH,R3
   \   000047   12....       LCALL   ??Subroutine206_0 & 0xFFFF
   2634            }
   \                     ??CrossCallReturnLabel_343:
   \   00004A   40E2         JC      ??zclParseInReadReportCfgCmd_1
   2635            
   2636            return ( (void *)readReportCfgCmd );
   \                     ??zclParseInReadReportCfgCmd_0:
   \   00004C   02....       LJMP    ?Subroutine1 & 0xFFFF
   2637          }
   2638          
   2639          /*********************************************************************
   2640           * @fn      zclParseInReadReportCfgRspCmd
   2641           *
   2642           * @brief   Parse the "Profile" Read Reporting Configuration Response Command
   2643           *
   2644           *      NOTE: THIS FUNCTION ALLOCATES THE RETURN BUFFER, SO THE CALLING
   2645           *            FUNCTION IS RESPONSIBLE TO FREE THE MEMORY.
   2646           *
   2647           * @param   pCmd - pointer to incoming data to parse
   2648           *
   2649           * @return  pointer to the parsed command structure
   2650           */

   \                                 In  segment BANKED_CODE, align 1, keep-with-next
   2651          static void *zclParseInReadReportCfgRspCmd( zclParseCmd_t *pCmd )
   \                     zclParseInReadReportCfgRspCmd:
   2652          {
   \   000000   74F0         MOV     A,#-0x10
   \   000002   12....       LCALL   ?BANKED_ENTER_XDATA
   \   000005                ; Saved register size: 16
   \   000005                ; Auto size: 2
   \   000005   74FE         MOV     A,#-0x2
   \   000007   12....       LCALL   ?ALLOC_XSTACK8
   \   00000A   85..82       MOV     DPL,?XSP + 0
   \   00000D   85..83       MOV     DPH,?XSP + 1
   \   000010   12....       LCALL   ?Subroutine33 & 0xFFFF
   2653            zclReadReportCfgRspCmd_t *readReportCfgRspCmd;
   2654            zclReportCfgRspRec_t *reportRspRec;
   2655            uint8 reportChangeLen;
   2656            uint8 *pBuf = pCmd->pData;
   \                     ??CrossCallReturnLabel_547:
   \   000013   85..82       MOV     DPL,?XSP + 0
   \   000016   85..83       MOV     DPH,?XSP + 1
   \   000019   E0           MOVX    A,@DPTR
   \   00001A   2402         ADD     A,#0x2
   \   00001C   F5..         MOV     ?V0 + 2,A
   \   00001E   A3           INC     DPTR
   \   00001F   E0           MOVX    A,@DPTR
   \   000020   12....       LCALL   ??Subroutine240_0 & 0xFFFF
   \                     ??CrossCallReturnLabel_540:
   \   000023   12....       LCALL   ??Subroutine219_0 & 0xFFFF
   2657            uint8 *dataPtr;
   2658            uint8 numAttr = 0;
   \                     ??CrossCallReturnLabel_407:
   \   000026   75..00       MOV     ?V0 + 6,#0x0
   2659            uint8 hdrLen;
   2660            uint8 dataLen = 0;
   \   000029   75..00       MOV     ?V0 + 4,#0x0
   \   00002C   8003         SJMP    ??CrossCallReturnLabel_217
   2661            uint8 status;
   2662            uint8 direction;
   2663            uint8 dataType;
   2664            uint8 i;
   2665            
   2666            // Calculate the length of the response command
   2667            while ( pBuf < ( pCmd->pData + pCmd->dataLen ) )
   2668            { 
   2669              numAttr++;
   2670              
   2671              status = *pBuf++;
   2672              direction = *pBuf++; 
   2673              pBuf += 2; // move pass the attribute ID
   2674              
   2675              if ( status == ZCL_STATUS_SUCCESS )
   2676              {
   2677                if ( direction == ZCL_SEND_ATTR_REPORTS )
   2678                {
   2679                  dataType = *pBuf++;
   2680                  pBuf += 4; // move pass the Min and Max Reporting Intervals
   2681           
   2682                  // For attributes of 'discrete' data types this field is omitted
   2683                  if ( zclAnalogDataType( dataType ) )
   2684                  {
   2685                    reportChangeLen = zclGetDataTypeLength( dataType );
   2686                    pBuf += reportChangeLen;
   2687                    
   2688                    // add padding if needed
   2689                    if ( PADDING_NEEDED( reportChangeLen ) )
   2690                      reportChangeLen++;
   2691                    dataLen += reportChangeLen;
   2692                  }
   2693                }
   2694                else
   2695                {
   2696                  pBuf += 2; // move pass the Timeout field
   \                     ??zclParseInReadReportCfgRspCmd_0:
   \   00002E   12....       LCALL   ?Subroutine116 & 0xFFFF
   2697                }
   \                     ??CrossCallReturnLabel_217:
   \   000031   12....       LCALL   ?Subroutine92 & 0xFFFF
   \                     ??CrossCallReturnLabel_446:
   \   000034   12....       LCALL   ?Subroutine65 & 0xFFFF
   \                     ??CrossCallReturnLabel_518:
   \   000037   5023         JNC     ??zclParseInReadReportCfgRspCmd_1
   \   000039   05..         INC     ?V0 + 6
   \   00003B   8E82         MOV     DPL,R6
   \   00003D   8F83         MOV     DPH,R7
   \   00003F   12....       LCALL   ?Subroutine98 & 0xFFFF
   \                     ??CrossCallReturnLabel_180:
   \   000042   12....       LCALL   ?Subroutine117 & 0xFFFF
   \                     ??CrossCallReturnLabel_219:
   \   000045   70EA         JNZ     ??CrossCallReturnLabel_217
   \   000047   E9           MOV     A,R1
   \   000048   70E4         JNZ     ??zclParseInReadReportCfgRspCmd_0
   \   00004A   12....       LCALL   ?Subroutine70 & 0xFFFF
   \                     ??CrossCallReturnLabel_136:
   \   00004D   60E2         JZ      ??CrossCallReturnLabel_217
   \   00004F                ; Setup parameters for call to function zclGetDataTypeLength
   \   00004F   12....       LCALL   ?Subroutine125 & 0xFFFF
   \                     ??CrossCallReturnLabel_227:
   \   000052   5001         JNC     ??zclParseInReadReportCfgRspCmd_2
   \   000054   08           INC     R0
   \                     ??zclParseInReadReportCfgRspCmd_2:
   \   000055   E8           MOV     A,R0
   \   000056   25..         ADD     A,?V0 + 4
   \   000058   F5..         MOV     ?V0 + 4,A
   \   00005A   80D5         SJMP    ??CrossCallReturnLabel_217
   2698              }
   2699            } // while loop
   2700            
   2701            hdrLen = sizeof( zclReadReportCfgRspCmd_t ) + ( numAttr * sizeof( zclReportCfgRspRec_t ) );
   \                     ??zclParseInReadReportCfgRspCmd_1:
   \   00005C   75F00D       MOV     B,#0xd
   \   00005F   E5..         MOV     A,?V0 + 6
   \   000061   A4           MUL     AB
   \   000062   04           INC     A
   \   000063   F8           MOV     R0,A
   2702            
   2703            readReportCfgRspCmd = (zclReadReportCfgRspCmd_t *)osal_mem_alloc( hdrLen + dataLen );
   \   000064   8882         MOV     DPL,R0
   \   000066   8582..       MOV     ?V0 + 0,DPL
   \   000069                ; Setup parameters for call to function osal_mem_alloc
   \   000069   25..         ADD     A,?V0 + 4
   \   00006B   12....       LCALL   ?Subroutine27 & 0xFFFF
   2704            if ( readReportCfgRspCmd != NULL )
   \                     ??CrossCallReturnLabel_42:
   \   00006E   7003         JNZ     $+5
   \   000070   02....       LJMP    ??zclParseInReadReportCfgRspCmd_3 & 0xFFFF
   2705            {
   2706              pBuf = pCmd->pData;
   \   000073   12....       LCALL   ?Subroutine84 & 0xFFFF
   2707              dataPtr = (uint8 *)( (uint8 *)readReportCfgRspCmd + hdrLen );
   \                     ??CrossCallReturnLabel_156:
   \   000076   F5..         MOV     ?V0 + 2,A
   \   000078   A3           INC     DPTR
   \   000079   E0           MOVX    A,@DPTR
   \   00007A   3400         ADDC    A,#0x0
   \   00007C   F5..         MOV     ?V0 + 3,A
   2708              
   2709              readReportCfgRspCmd->numAttr = numAttr;
   \   00007E   12....       LCALL   ?Subroutine164 & 0xFFFF
   \                     ??CrossCallReturnLabel_502:
   \   000081   E5..         MOV     A,?V0 + 6
   \   000083   F0           MOVX    @DPTR,A
   2710              for ( i = 0; i < numAttr; i++ )
   \   000084   75..00       MOV     ?V0 + 7,#0x0
   \   000087   8009         SJMP    ??zclParseInReadReportCfgRspCmd_4
   2711              {
   2712                reportRspRec = &(readReportCfgRspCmd->attrList[i]);
   2713                
   2714                reportRspRec->status = *pBuf++;
   2715                reportRspRec->direction = *pBuf++;
   2716                reportRspRec->attrID = BUILD_UINT16( pBuf[0], pBuf[1] );
   2717                pBuf += 2;
   2718           
   2719                if ( reportRspRec->status == ZCL_STATUS_SUCCESS )
   2720                {
   2721                  if ( reportRspRec->direction == ZCL_SEND_ATTR_REPORTS )
   2722                  {
   2723                    reportRspRec->dataType = *pBuf++;
   2724                    reportRspRec->minReportInt = BUILD_UINT16( pBuf[0], pBuf[1] );
   2725                    pBuf += 2;
   2726                    reportRspRec->maxReportInt = BUILD_UINT16( pBuf[0], pBuf[1] );
   2727                    pBuf += 2;
   2728          
   2729                    if ( zclAnalogDataType( reportRspRec->dataType ) )
   2730                    {
   2731                      zcl_BuildAnalogData( reportRspRec->dataType, dataPtr, pBuf);
   2732                      reportRspRec->reportableChange = dataPtr;
   2733                      
   2734                      reportChangeLen = zclGetDataTypeLength( reportRspRec->dataType ); 
   2735                      pBuf += reportChangeLen;
   2736                      
   2737                      // advance attribute data pointer
   2738                      if ( PADDING_NEEDED( reportChangeLen ) )
   2739                        reportChangeLen++;
   2740                      dataPtr += reportChangeLen;
   2741                    }
   2742                  }
   2743                  else
   2744                  {
   2745                    reportRspRec->timeoutPeriod = BUILD_UINT16( pBuf[0], pBuf[1] );
   \                     ??zclParseInReadReportCfgRspCmd_5:
   \   000089   12....       LCALL   ?Subroutine82 & 0xFFFF
   2746                    pBuf += 2;
   2747                  }
   \                     ??CrossCallReturnLabel_505:
   \   00008C   A3           INC     DPTR
   \   00008D   12....       LCALL   ?Subroutine25 & 0xFFFF
   \                     ??CrossCallReturnLabel_395:
   \   000090   05..         INC     ?V0 + 7
   \                     ??zclParseInReadReportCfgRspCmd_4:
   \   000092   E5..         MOV     A,?V0 + 7
   \   000094   C3           CLR     C
   \   000095   95..         SUBB    A,?V0 + 6
   \   000097   4003         JC      $+5
   \   000099   02....       LJMP    ??zclParseInReadReportCfgRspCmd_3 & 0xFFFF
   \   00009C   E5..         MOV     A,?V0 + 7
   \   00009E   75F00D       MOV     B,#0xd
   \   0000A1   12....       LCALL   ?Subroutine76 & 0xFFFF
   \                     ??CrossCallReturnLabel_509:
   \   0000A4   8E82         MOV     DPL,R6
   \   0000A6   8F83         MOV     DPH,R7
   \   0000A8   E0           MOVX    A,@DPTR
   \   0000A9   F8           MOV     R0,A
   \   0000AA   85..82       MOV     DPL,?V0 + 0
   \   0000AD   85..83       MOV     DPH,?V0 + 1
   \   0000B0   12....       LCALL   ??Subroutine239_0 & 0xFFFF
   \                     ??CrossCallReturnLabel_532:
   \   0000B3   FB           MOV     R3,A
   \   0000B4   85..82       MOV     DPL,?V0 + 0
   \   0000B7   85..83       MOV     DPH,?V0 + 1
   \   0000BA   12....       LCALL   ?Subroutine37 & 0xFFFF
   \                     ??CrossCallReturnLabel_56:
   \   0000BD   FC           MOV     R4,A
   \   0000BE   A3           INC     DPTR
   \   0000BF   E0           MOVX    A,@DPTR
   \   0000C0   F5..         MOV     ?V0 + 5,A
   \   0000C2   EC           MOV     A,R4
   \   0000C3   2400         ADD     A,#0x0
   \   0000C5   E4           CLR     A
   \   0000C6   35..         ADDC    A,?V0 + 5
   \   0000C8   FD           MOV     R5,A
   \   0000C9   85..82       MOV     DPL,?V0 + 0
   \   0000CC   85..83       MOV     DPH,?V0 + 1
   \   0000CF   A3           INC     DPTR
   \   0000D0   A3           INC     DPTR
   \   0000D1   EC           MOV     A,R4
   \   0000D2   12....       LCALL   ?Subroutine30 & 0xFFFF
   \                     ??CrossCallReturnLabel_522:
   \   0000D5   E8           MOV     A,R0
   \   0000D6   70B8         JNZ     ??CrossCallReturnLabel_395
   \   0000D8   8E82         MOV     DPL,R6
   \   0000DA   8F83         MOV     DPH,R7
   \   0000DC   A3           INC     DPTR
   \   0000DD   A882         MOV     R0,DPL
   \   0000DF   A983         MOV     R1,DPH
   \   0000E1   8E82         MOV     DPL,R6
   \   0000E3   8F83         MOV     DPH,R7
   \   0000E5   E0           MOVX    A,@DPTR
   \   0000E6   FA           MOV     R2,A
   \   0000E7   EB           MOV     A,R3
   \   0000E8   709F         JNZ     ??zclParseInReadReportCfgRspCmd_5
   \   0000EA   E5..         MOV     A,?V0 + 0
   \   0000EC   2404         ADD     A,#0x4
   \   0000EE   F5..         MOV     ?V0 + 4,A
   \   0000F0   E5..         MOV     A,?V0 + 1
   \   0000F2   3400         ADDC    A,#0x0
   \   0000F4   F5..         MOV     ?V0 + 5,A
   \   0000F6   EA           MOV     A,R2
   \   0000F7   85..82       MOV     DPL,?V0 + 4
   \   0000FA   85..83       MOV     DPH,?V0 + 5
   \   0000FD   12....       LCALL   ?Subroutine19 & 0xFFFF
   \                     ??CrossCallReturnLabel_27:
   \   000100   A3           INC     DPTR
   \   000101   12....       LCALL   ?Subroutine13 & 0xFFFF
   \                     ??CrossCallReturnLabel_10:
   \   000104   A3           INC     DPTR
   \   000105   12....       LCALL   ?Subroutine24 & 0xFFFF
   \                     ??CrossCallReturnLabel_38:
   \   000108   6086         JZ      ??CrossCallReturnLabel_395
   \   00010A                ; Setup parameters for call to function zcl_BuildAnalogData
   \   00010A   EE           MOV     A,R6
   \   00010B   FC           MOV     R4,A
   \   00010C   EF           MOV     A,R7
   \   00010D   FD           MOV     R5,A
   \   00010E   AA..         MOV     R2,?V0 + 2
   \   000110   AB..         MOV     R3,?V0 + 3
   \   000112   85..82       MOV     DPL,?V0 + 4
   \   000115   85..83       MOV     DPH,?V0 + 5
   \   000118   E0           MOVX    A,@DPTR
   \   000119   F9           MOV     R1,A
   \   00011A   12....       LCALL   ??zcl_BuildAnalogData?relay
   \   00011D   12....       LCALL   ?Subroutine122 & 0xFFFF
   \                     ??CrossCallReturnLabel_625:
   \   000120   E5..         MOV     A,?V0 + 2
   \   000122   F0           MOVX    @DPTR,A
   \   000123   A3           INC     DPTR
   \   000124   E5..         MOV     A,?V0 + 3
   \   000126   F0           MOVX    @DPTR,A
   \   000127                ; Setup parameters for call to function zclGetDataTypeLength
   \   000127   85..82       MOV     DPL,?V0 + 4
   \   00012A   85..83       MOV     DPH,?V0 + 5
   \   00012D   12....       LCALL   ?Subroutine67 & 0xFFFF
   \                     ??CrossCallReturnLabel_130:
   \   000130   5001         JNC     ??zclParseInReadReportCfgRspCmd_6
   \   000132   08           INC     R0
   \                     ??zclParseInReadReportCfgRspCmd_6:
   \   000133   88..         MOV     ?V0 + 0,R0
   \   000135   E5..         MOV     A,?V0 + 2
   \   000137   25..         ADD     A,?V0 + 0
   \   000139   F5..         MOV     ?V0 + 2,A
   \   00013B   E5..         MOV     A,?V0 + 3
   \   00013D   3400         ADDC    A,#0x0
   \   00013F   F5..         MOV     ?V0 + 3,A
   \   000141   02....       LJMP    ??CrossCallReturnLabel_395 & 0xFFFF
   2748                }
   2749              } 
   2750            }
   2751            
   2752            return ( (void *)readReportCfgRspCmd );
   \                     ??zclParseInReadReportCfgRspCmd_3:
   \   000144   02....       LJMP    ?Subroutine2 & 0xFFFF
   2753          }
   2754          
   2755          /*********************************************************************
   2756           * @fn      zclParseInReportCmd
   2757           *
   2758           * @brief   Parse the "Profile" Report Command
   2759           *
   2760           *      NOTE: THIS FUNCTION ALLOCATES THE RETURN BUFFER, SO THE CALLING
   2761           *            FUNCTION IS RESPONSIBLE TO FREE THE MEMORY.
   2762           *
   2763           * @param   pCmd - pointer to incoming data to parse
   2764           *
   2765           * @return  pointer to the parsed command structure
   2766           */

   \                                 In  segment BANKED_CODE, align 1, keep-with-next
   2767          void *zclParseInReportCmd( zclParseCmd_t *pCmd )
   \                     zclParseInReportCmd:
   2768          {
   \   000000   74F0         MOV     A,#-0x10
   \   000002   12....       LCALL   ?BANKED_ENTER_XDATA
   \   000005                ; Saved register size: 16
   \   000005                ; Auto size: 4
   \   000005   74FC         MOV     A,#-0x4
   \   000007   12....       LCALL   ?ALLOC_XSTACK8
   \   00000A   12....       LCALL   ?Subroutine10 & 0xFFFF
   2769            zclReportCmd_t *reportCmd;
   2770            zclReport_t *reportRec;
   2771            uint8 *pBuf = pCmd->pData;
   2772            uint8 attrDataLen;
   2773            uint8 *dataPtr;
   2774            uint8 numAttr = 0;
   2775            uint8 hdrLen;
   2776            uint8 dataLen = 0;
   \                     ??CrossCallReturnLabel_6:
   \   00000D   800D         SJMP    ??zclParseInReportCmd_0
   2777            uint8 dataType;
   2778            uint8 i;
   2779          
   2780            // find out the number of attributes and the length of attribute data
   2781            while ( pBuf < ( pCmd->pData + pCmd->dataLen ) )
   2782            {
   2783              numAttr++;
   \                     ??zclParseInReportCmd_1:
   \   00000F   12....       LCALL   ?Subroutine56 & 0xFFFF
   2784          
   2785              pBuf += 2; // move pass attribute id
   2786          
   2787              dataType = *pBuf++;
   2788          
   2789              attrDataLen = zclGetAttrDataLength( dataType, pBuf );
   2790              pBuf += attrDataLen; // move pass attribute data
   2791                
   2792              // add padding if needed
   2793              if ( PADDING_NEEDED( attrDataLen ) )
   \                     ??CrossCallReturnLabel_112:
   \   000012   5002         JNC     ??zclParseInReportCmd_2
   2794                attrDataLen++;
   \   000014   05..         INC     ?V0 + 3
   2795              dataLen += attrDataLen;
   \                     ??zclParseInReportCmd_2:
   \   000016   E5..         MOV     A,?V0 + 3
   \   000018   25..         ADD     A,?V0 + 2
   \   00001A   F5..         MOV     ?V0 + 2,A
   2796            }
   \                     ??zclParseInReportCmd_0:
   \   00001C   12....       LCALL   ?Subroutine47 & 0xFFFF
   \                     ??CrossCallReturnLabel_72:
   \   00001F   40EE         JC      ??zclParseInReportCmd_1
   2797            
   2798            hdrLen = sizeof( zclReportCmd_t ) + ( numAttr * sizeof( zclReport_t ) );
   \   000021   12....       LCALL   ?Subroutine120 & 0xFFFF
   2799            
   2800            reportCmd = (zclReportCmd_t *)osal_mem_alloc( hdrLen + dataLen );
   \                     ??CrossCallReturnLabel_491:
   \   000024   12....       LCALL   ?XSTACK_DISP0_8
   \   000027   12....       LCALL   ?Subroutine32 & 0xFFFF
   2801            if (reportCmd != NULL )
   \                     ??CrossCallReturnLabel_47:
   \   00002A   12....       LCALL   ?XSTACK_DISP0_8
   \   00002D   12....       LCALL   ??Subroutine228_0 & 0xFFFF
   \                     ??CrossCallReturnLabel_481:
   \   000030   603E         JZ      ??zclParseInReportCmd_3
   2802            {
   2803              pBuf = pCmd->pData;
   \   000032   12....       LCALL   ?Subroutine71 & 0xFFFF
   2804              dataPtr = (uint8 *)( (uint8 *)reportCmd + hdrLen );
   \                     ??CrossCallReturnLabel_463:
   \   000035   12....       LCALL   ?XSTACK_DISP0_8
   \   000038   12....       LCALL   ?Subroutine66 & 0xFFFF
   2805              
   2806              reportCmd->numAttr = numAttr;
   \                     ??CrossCallReturnLabel_128:
   \   00003B   12....       LCALL   ?XSTACK_DISP0_8
   \   00003E   12....       LCALL   ?Subroutine74 & 0xFFFF
   2807              for ( i = 0; i < numAttr; i++ )
   \                     ??CrossCallReturnLabel_141:
   \   000041   8026         SJMP    ??zclParseInReportCmd_4
   2808              {
   2809                reportRec = &(reportCmd->attrList[i]);
   \                     ??zclParseInReportCmd_5:
   \   000043   E5..         MOV     A,?V0 + 4
   \   000045   75F005       MOV     B,#0x5
   \   000048   A4           MUL     AB
   \   000049   F8           MOV     R0,A
   \   00004A   A9F0         MOV     R1,B
   \   00004C   7402         MOV     A,#0x2
   \   00004E   12....       LCALL   ?XSTACK_DISP0_8
   \   000051   12....       LCALL   ?Subroutine9 & 0xFFFF
   2810                
   2811                reportRec->attrID = BUILD_UINT16( pBuf[0], pBuf[1] );
   2812                pBuf += 2;
   2813                reportRec->dataType = *pBuf++;
   2814          
   2815                attrDataLen = zclGetAttrDataLength( reportRec->dataType, pBuf );  
   2816                osal_memcpy( dataPtr, pBuf, attrDataLen );
   \                     ??CrossCallReturnLabel_3:
   \   000054   12....       LCALL   ?PUSH_XSTACK_I_THREE
   \   000057   12....       LCALL   ?Subroutine114 & 0xFFFF
   \                     ??CrossCallReturnLabel_420:
   \   00005A   12....       LCALL   ?DEALLOC_XSTACK8
   2817                reportRec->attrData = dataPtr;
   \   00005D   12....       LCALL   ?Subroutine17 & 0xFFFF
   2818                
   2819                pBuf += attrDataLen; // move pass attribute data
   2820                
   2821                // advance attribute data pointer
   2822                if ( PADDING_NEEDED( attrDataLen ) )
   \                     ??CrossCallReturnLabel_494:
   \   000060   5002         JNC     ??zclParseInReportCmd_6
   2823                  attrDataLen++;
   \   000062   05..         INC     ?V0 + 3
   2824                dataPtr += attrDataLen;
   \                     ??zclParseInReportCmd_6:
   \   000064   12....       LCALL   ?Subroutine123 & 0xFFFF
   2825              }
   \                     ??CrossCallReturnLabel_417:
   \   000067   05..         INC     ?V0 + 4
   \                     ??zclParseInReportCmd_4:
   \   000069   E5..         MOV     A,?V0 + 4
   \   00006B   C3           CLR     C
   \   00006C   95..         SUBB    A,?V0 + 5
   \   00006E   40D3         JC      ??zclParseInReportCmd_5
   2826            }
   2827            
   2828            return ( (void *)reportCmd );
   \                     ??zclParseInReportCmd_3:
   \   000070   02....       LJMP    ?Subroutine6 & 0xFFFF
   2829          }
   2830          #endif // ZCL_REPORT
   2831          
   2832          /*********************************************************************
   2833           * @fn      zclParseInDefaultRspCmd
   2834           *
   2835           * @brief   Parse the "Profile" Default Response Command
   2836           *
   2837           *      NOTE: THIS FUNCTION ALLOCATES THE RETURN BUFFER, SO THE CALLING
   2838           *            FUNCTION IS RESPONSIBLE TO FREE THE MEMORY.
   2839           *
   2840           * @param   pCmd - pointer to incoming data to parse
   2841           *
   2842           * @return  pointer to the parsed command structure
   2843           */

   \                                 In  segment BANKED_CODE, align 1, keep-with-next
   2844          static void *zclParseInDefaultRspCmd( zclParseCmd_t *pCmd )
   \                     zclParseInDefaultRspCmd:
   2845          {
   \   000000   74F6         MOV     A,#-0xa
   \   000002   12....       LCALL   ?BANKED_ENTER_XDATA
   \   000005                ; Saved register size: 10
   \   000005                ; Auto size: 0
   2846            zclDefaultRspCmd_t *defaultRspCmd;
   2847            uint8 *pBuf = pCmd->pData;
   \   000005   12....       LCALL   ?Subroutine96 & 0xFFFF
   2848          
   2849            defaultRspCmd = (zclDefaultRspCmd_t *)osal_mem_alloc( sizeof ( zclDefaultRspCmd_t ) );
   \                     ??CrossCallReturnLabel_411:
   \   000008                ; Setup parameters for call to function osal_mem_alloc
   \   000008   7A02         MOV     R2,#0x2
   \   00000A   7B00         MOV     R3,#0x0
   \   00000C   12....       LCALL   ??osal_mem_alloc?relay
   2850            if ( defaultRspCmd != NULL )
   \   00000F   EA           MOV     A,R2
   \   000010   4B           ORL     A,R3
   \   000011   600B         JZ      ??zclParseInDefaultRspCmd_0
   2851            {
   2852              defaultRspCmd->commandID = *pBuf++;
   \   000013   12....       LCALL   ?Subroutine81 & 0xFFFF
   \                     ??CrossCallReturnLabel_571:
   \   000016   12....       LCALL   ?Subroutine38 & 0xFFFF
   2853              defaultRspCmd->statusCode = *pBuf;
   \                     ??CrossCallReturnLabel_60:
   \   000019   12....       LCALL   ??Subroutine244_0 & 0xFFFF
   2854            }
   \                     ??CrossCallReturnLabel_567:
   \   00001C   A3           INC     DPTR
   \   00001D   F0           MOVX    @DPTR,A
   2855          
   2856            return ( (void *)defaultRspCmd );
   \                     ??zclParseInDefaultRspCmd_0:
   \   00001E   02....       LJMP    ?Subroutine5 & 0xFFFF
   2857          }
   2858          
   2859          #ifdef ZCL_DISCOVER
   2860          /*********************************************************************
   2861           * @fn      zclParseInDiscCmd
   2862           *
   2863           * @brief   Parse the "Profile" Discovery Commands
   2864           *
   2865           *      NOTE: THIS FUNCTION ALLOCATES THE RETURN BUFFER, SO THE CALLING
   2866           *            FUNCTION IS RESPONSIBLE TO FREE THE MEMORY.
   2867           *
   2868           * @param   pCmd - pointer to incoming data to parse
   2869           *
   2870           * @return  pointer to the parsed command structure
   2871           */
   2872          void *zclParseInDiscCmd( zclParseCmd_t *pCmd )
   2873          {
   2874            zclDiscoverCmd_t *discoverCmd;
   2875            uint8 *pBuf = pCmd->pData;
   2876          
   2877            discoverCmd = (zclDiscoverCmd_t *)osal_mem_alloc( sizeof ( zclDiscoverCmd_t ) );
   2878            if ( discoverCmd != NULL )
   2879            {
   2880              discoverCmd->startAttr = BUILD_UINT16( pBuf[0], pBuf[1] );
   2881              pBuf += 2;
   2882              discoverCmd->maxAttrIDs = *pBuf;
   2883            }
   2884          
   2885            return ( (void *)discoverCmd );
   2886          }
   2887          
   2888          /*********************************************************************
   2889           * @fn      zclParseInDiscRspCmd
   2890           *
   2891           * @brief   Parse the "Profile" Discovery Response Commands
   2892           *
   2893           *      NOTE: THIS FUNCTION ALLOCATES THE RETURN BUFFER, SO THE CALLING
   2894           *            FUNCTION IS RESPONSIBLE TO FREE THE MEMORY.
   2895           *
   2896           * @param   pCmd - pointer to incoming data to parse
   2897           *
   2898           * @return  pointer to the parsed command structure
   2899           */
   2900          #define ZCLDISCRSPCMD_DATALEN(a)  ((a)-1) // data len - Discovery Complete
   2901          static void *zclParseInDiscRspCmd( zclParseCmd_t *pCmd )
   2902          {
   2903            zclDiscoverRspCmd_t *discoverRspCmd;
   2904            uint8 *pBuf = pCmd->pData;
   2905            uint8 numAttr = ZCLDISCRSPCMD_DATALEN(pCmd->dataLen) / ( 2 + 1 ); // Attr ID + Data Type
   2906            uint8 i;
   2907          
   2908            discoverRspCmd = (zclDiscoverRspCmd_t *)osal_mem_alloc( sizeof ( zclDiscoverRspCmd_t ) 
   2909                                                           + ( numAttr * sizeof(zclDiscoverInfo_t) ) );
   2910            if ( discoverRspCmd != NULL )
   2911            {
   2912              discoverRspCmd->discComplete = *pBuf++;
   2913              discoverRspCmd->numAttr = numAttr;
   2914              
   2915              for ( i = 0; i < numAttr; i++ )
   2916              {
   2917                discoverRspCmd->attrList[i].attrID = BUILD_UINT16( pBuf[0], pBuf[1] );
   2918                pBuf += 2;
   2919                discoverRspCmd->attrList[i].dataType = *pBuf++;;
   2920              }
   2921            }
   2922          
   2923            return ( (void *)discoverRspCmd );
   2924          }
   2925          #endif // ZCL_DISCOVER
   2926          
   2927          #ifdef ZCL_READ
   2928          /*********************************************************************
   2929           * @fn      zclProcessInReadCmd
   2930           *
   2931           * @brief   Process the "Profile" Read Command
   2932           *
   2933           * @param   pInMsg - incoming message to process
   2934           *
   2935           * @return  TRUE if command processed. FALSE, otherwise.
   2936           */

   \                                 In  segment BANKED_CODE, align 1, keep-with-next
   \                     ?Subroutine49:
   \   000000   12....       LCALL   ?Subroutine156 & 0xFFFF
   \                     ??CrossCallReturnLabel_629:
   \   000003                REQUIRE ??Subroutine213_0
   \   000003                ; // Fall through to label ??Subroutine213_0

   \                                 In  segment BANKED_CODE, align 1, keep-with-next
   2937          static uint8 zclProcessInReadCmd( zclIncoming_t *pInMsg )
   \                     zclProcessInReadCmd:
   2938          {
   \   000000   74F0         MOV     A,#-0x10
   \   000002   12....       LCALL   ?BANKED_ENTER_XDATA
   \   000005                ; Saved register size: 16
   \   000005                ; Auto size: 12
   \   000005   74F4         MOV     A,#-0xc
   \   000007   12....       LCALL   ?ALLOC_XSTACK8
   \   00000A   7402         MOV     A,#0x2
   \   00000C   12....       LCALL   ?XSTACK_DISP0_8
   \   00000F   12....       LCALL   ?Subroutine32 & 0xFFFF
   2939            zclReadCmd_t *readCmd;
   2940            zclReadRspCmd_t *readRspCmd;
   2941            zclReadRspStatus_t *statusRec;
   2942            zclAttrRec_t attrRec;
   2943            uint8 len;
   2944            uint8 i;
   2945            
   2946            readCmd = (zclReadCmd_t *)pInMsg->attrCmd;
   \                     ??CrossCallReturnLabel_48:
   \   000012   12....       LCALL   ?XSTACK_DISP0_8
   \   000015   12....       LCALL   ?Subroutine147 & 0xFFFF
   \                     ??CrossCallReturnLabel_253:
   \   000018   12....       LCALL   ??Subroutine245_0 & 0xFFFF
   2947            
   2948            // calculate the length of the response status record
   2949            len = sizeof( zclReadRspCmd_t ) + (readCmd->numAttr * sizeof( zclReadRspStatus_t ));
   2950            
   2951            readRspCmd = osal_mem_alloc( len );
   \                     ??CrossCallReturnLabel_583:
   \   00001B                ; Setup parameters for call to function osal_mem_alloc
   \   00001B   75F006       MOV     B,#0x6
   \   00001E   12....       LCALL   ?Subroutine92 & 0xFFFF
   \                     ??CrossCallReturnLabel_447:
   \   000021   E0           MOVX    A,@DPTR
   \   000022   A4           MUL     AB
   \   000023   04           INC     A
   \   000024   FA           MOV     R2,A
   \   000025   12....       LCALL   ??Subroutine207_0 & 0xFFFF
   2952            if ( readRspCmd == NULL )
   \                     ??CrossCallReturnLabel_350:
   \   000028   7005         JNZ     ??zclProcessInReadCmd_0
   2953              return FALSE; // EMBEDDED RETURN
   \   00002A   7900         MOV     R1,#0x0
   \   00002C   02....       LJMP    ??zclProcessInReadCmd_1 & 0xFFFF
   2954          
   2955            readRspCmd->numAttr = readCmd->numAttr;
   \                     ??zclProcessInReadCmd_0:
   \   00002F   12....       LCALL   ?Subroutine92 & 0xFFFF
   \                     ??CrossCallReturnLabel_448:
   \   000032   12....       LCALL   ??Subroutine244_0 & 0xFFFF
   \                     ??CrossCallReturnLabel_568:
   \   000035   F0           MOVX    @DPTR,A
   2956            for (i = 0; i < readCmd->numAttr; i++)
   \   000036   7E00         MOV     R6,#0x0
   \   000038   800C         SJMP    ??zclProcessInReadCmd_2
   2957            {
   2958              statusRec = &(readRspCmd->attrList[i]);
   2959              
   2960              statusRec->attrID = readCmd->attrID[i];
   2961              
   2962              if ( zclFindAttrRec( pInMsg->msg->endPoint, pInMsg->msg->clusterId, readCmd->attrID[i], &attrRec ) )
   2963              {
   2964                statusRec->data = attrRec.attr.dataPtr;
   2965                statusRec->status = ZCL_STATUS_SUCCESS;
   2966                statusRec->dataType = attrRec.attr.dataType;
   2967              }
   2968              else
   2969              {
   2970                statusRec->status = ZCL_STATUS_UNSUPPORTED_ATTRIBUTE;
   \                     ??zclProcessInReadCmd_3:
   \   00003A   85..82       MOV     DPL,?V0 + 0
   \   00003D   85..83       MOV     DPH,?V0 + 1
   \   000040   A3           INC     DPTR
   \   000041   A3           INC     DPTR
   \   000042   7486         MOV     A,#-0x7a
   \                     ??zclProcessInReadCmd_4:
   \   000044   F0           MOVX    @DPTR,A
   2971              }
   \   000045   0E           INC     R6
   \                     ??zclProcessInReadCmd_2:
   \   000046   85..82       MOV     DPL,?XSP + 0
   \   000049   85..83       MOV     DPH,?XSP + 1
   \   00004C   12....       LCALL   ?Subroutine91 & 0xFFFF
   \                     ??CrossCallReturnLabel_169:
   \   00004F   EE           MOV     A,R6
   \   000050   C3           CLR     C
   \   000051   98           SUBB    A,R0
   \   000052   507E         JNC     ??zclProcessInReadCmd_5
   \   000054   8E82         MOV     DPL,R6
   \   000056   A882         MOV     R0,DPL
   \   000058   E8           MOV     A,R0
   \   000059   75F006       MOV     B,#0x6
   \   00005C   A4           MUL     AB
   \   00005D   FA           MOV     R2,A
   \   00005E   ABF0         MOV     R3,B
   \   000060   E5..         MOV     A,?V0 + 6
   \   000062   2A           ADD     A,R2
   \   000063   F582         MOV     DPL,A
   \   000065   E5..         MOV     A,?V0 + 7
   \   000067   3B           ADDC    A,R3
   \   000068   F583         MOV     DPH,A
   \   00006A   A3           INC     DPTR
   \   00006B   8582..       MOV     ?V0 + 0,DPL
   \   00006E   8583..       MOV     ?V0 + 1,DPH
   \   000071   E8           MOV     A,R0
   \   000072   C3           CLR     C
   \   000073   33           RLC     A
   \   000074   F8           MOV     R0,A
   \   000075   E4           CLR     A
   \   000076   33           RLC     A
   \   000077   F9           MOV     R1,A
   \   000078   85..82       MOV     DPL,?XSP + 0
   \   00007B   85..83       MOV     DPH,?XSP + 1
   \   00007E   12....       LCALL   ?Subroutine77 & 0xFFFF
   \                     ??CrossCallReturnLabel_145:
   \   000081   AA82         MOV     R2,DPL
   \   000083   AB83         MOV     R3,DPH
   \   000085   12....       LCALL   ?Subroutine97 & 0xFFFF
   \                     ??CrossCallReturnLabel_178:
   \   000088   12....       LCALL   ??Subroutine247_0 & 0xFFFF
   \                     ??CrossCallReturnLabel_588:
   \   00008B   12....       LCALL   ?XSTACK_DISP0_8
   \   00008E   12....       LCALL   ?Subroutine60 & 0xFFFF
   \                     ??CrossCallReturnLabel_119:
   \   000091                ; Setup parameters for call to function zclFindAttrRec
   \   000091   7404         MOV     A,#0x4
   \   000093   12....       LCALL   ?XSTACK_DISP0_8
   \   000096   8582..       MOV     ?V0 + 4,DPL
   \   000099   8583..       MOV     ?V0 + 5,DPH
   \   00009C   78..         MOV     R0,#?V0 + 4
   \   00009E   12....       LCALL   ?PUSH_XSTACK_I_TWO
   \   0000A1   8A82         MOV     DPL,R2
   \   0000A3   8B83         MOV     DPH,R3
   \   0000A5   12....       LCALL   ?Subroutine48 & 0xFFFF
   \                     ??CrossCallReturnLabel_73:
   \   0000A8   12....       LCALL   ?DEALLOC_XSTACK8
   \   0000AB   E9           MOV     A,R1
   \   0000AC   608C         JZ      ??zclProcessInReadCmd_3
   \   0000AE   740A         MOV     A,#0xa
   \   0000B0   12....       LCALL   ?XSTACK_DISP0_8
   \   0000B3   12....       LCALL   ?Subroutine97 & 0xFFFF
   \                     ??CrossCallReturnLabel_179:
   \   0000B6   A3           INC     DPTR
   \   0000B7   A3           INC     DPTR
   \   0000B8   A3           INC     DPTR
   \   0000B9   A3           INC     DPTR
   \   0000BA   12....       LCALL   ??Subroutine246_0 & 0xFFFF
   \                     ??CrossCallReturnLabel_578:
   \   0000BD   85..82       MOV     DPL,?V0 + 0
   \   0000C0   85..83       MOV     DPH,?V0 + 1
   \   0000C3   A3           INC     DPTR
   \   0000C4   A3           INC     DPTR
   \   0000C5   E4           CLR     A
   \   0000C6   F0           MOVX    @DPTR,A
   \   0000C7   7408         MOV     A,#0x8
   \   0000C9   12....       LCALL   ?XSTACK_DISP0_8
   \   0000CC   12....       LCALL   ?Subroutine106 & 0xFFFF
   2972            }
   \                     ??CrossCallReturnLabel_201:
   \   0000CF   02....       LJMP    ??zclProcessInReadCmd_4 & 0xFFFF
   2973            
   2974            // Build and send Read Response command
   2975            zcl_SendReadRsp( pInMsg->msg->endPoint, &(pInMsg->msg->srcAddr), pInMsg->msg->clusterId,
   2976                             readRspCmd, ZCL_FRAME_SERVER_CLIENT_DIR,
   2977                             true, pInMsg->hdr.transSeqNum );
   \                     ??zclProcessInReadCmd_5:
   \   0000D2   7402         MOV     A,#0x2
   \   0000D4   12....       LCALL   ?XSTACK_DISP0_8
   \   0000D7   12....       LCALL   ?Subroutine60 & 0xFFFF
   \                     ??CrossCallReturnLabel_120:
   \   0000DA                ; Setup parameters for call to function zcl_SendReadRsp
   \   0000DA   7402         MOV     A,#0x2
   \   0000DC   12....       LCALL   ?XSTACK_DISP0_8
   \   0000DF   12....       LCALL   ?Subroutine49 & 0xFFFF
   \                     ??CrossCallReturnLabel_392:
   \   0000E2   12....       LCALL   ?PUSH_XSTACK_I_ONE
   \   0000E5   75..01       MOV     ?V0 + 0,#0x1
   \   0000E8   78..         MOV     R0,#?V0 + 0
   \   0000EA   12....       LCALL   ?PUSH_XSTACK_I_ONE
   \   0000ED   78..         MOV     R0,#?V0 + 0
   \   0000EF   12....       LCALL   ?PUSH_XSTACK_I_ONE
   \   0000F2   78..         MOV     R0,#?V0 + 6
   \   0000F4   12....       LCALL   ?PUSH_XSTACK_I_TWO
   \   0000F7   85..82       MOV     DPL,?V0 + 2
   \   0000FA   85..83       MOV     DPH,?V0 + 3
   \   0000FD   12....       LCALL   ??Subroutine248_0 & 0xFFFF
   \                     ??CrossCallReturnLabel_599:
   \   000100   E5..         MOV     A,?V0 + 2
   \   000102   2406         ADD     A,#0x6
   \   000104   FA           MOV     R2,A
   \   000105   E5..         MOV     A,?V0 + 3
   \   000107   3400         ADDC    A,#0x0
   \   000109   FB           MOV     R3,A
   \   00010A   E5..         MOV     A,?V0 + 2
   \   00010C   2414         ADD     A,#0x14
   \   00010E   F582         MOV     DPL,A
   \   000110   E5..         MOV     A,?V0 + 3
   \   000112   12....       LCALL   ??Subroutine254_0 & 0xFFFF
   \                     ??CrossCallReturnLabel_622:
   \   000115   E0           MOVX    A,@DPTR
   \   000116   F9           MOV     R1,A
   \   000117   12....       LCALL   ??zcl_SendReadRsp?relay
   \   00011A   7405         MOV     A,#0x5
   \   00011C   12....       LCALL   ?DEALLOC_XSTACK8
   2978            osal_mem_free( readRspCmd );
   \   00011F                ; Setup parameters for call to function osal_mem_free
   \   00011F   AA..         MOV     R2,?V0 + 6
   \   000121   AB..         MOV     R3,?V0 + 7
   \   000123   12....       LCALL   ??osal_mem_free?relay
   2979              
   2980            return TRUE;
   \   000126   7901         MOV     R1,#0x1
   \                     ??zclProcessInReadCmd_1:
   \   000128   740C         MOV     A,#0xc
   \   00012A   02....       LJMP    ??Subroutine214_0 & 0xFFFF
   2981          }

   \                                 In  segment BANKED_CODE, align 1, keep-with-next
   \                     ?Subroutine97:
   \   000000   12....       LCALL   ?Subroutine162 & 0xFFFF
   \                     ??CrossCallReturnLabel_488:
   \   000003   85..82       MOV     DPL,?V0 + 0
   \   000006   85..83       MOV     DPH,?V0 + 1
   \   000009   22           RET

   \                                 In  segment BANKED_CODE, align 1, keep-with-next
   \                     ??Subroutine245_0:
   \   000000   E0           MOVX    A,@DPTR
   \   000001   F8           MOV     R0,A
   \   000002   A3           INC     DPTR
   \   000003   12....       LCALL   ?Subroutine143 & 0xFFFF
   \                     ??CrossCallReturnLabel_574:
   \   000006                REQUIRE ??Subroutine246_0
   \   000006                ; // Fall through to label ??Subroutine246_0

   \                                 In  segment BANKED_CODE, align 1, keep-with-next
   \                     ?Subroutine91:
   \   000000   12....       LCALL   ?Subroutine139 & 0xFFFF
   \                     ??CrossCallReturnLabel_244:
   \   000003   22           RET

   \                                 In  segment BANKED_CODE, align 1, keep-with-next
   \                     ??Subroutine247_0:
   \   000000   E8           MOV     A,R0
   \   000001   F0           MOVX    @DPTR,A
   \   000002   A3           INC     DPTR
   \   000003   E9           MOV     A,R1
   \   000004   F0           MOVX    @DPTR,A
   \   000005   7402         MOV     A,#0x2
   \   000007   22           RET

   \                                 In  segment BANKED_CODE, align 1, keep-with-next
   \                     ?Subroutine147:
   \   000000   E0           MOVX    A,@DPTR
   \   000001   240B         ADD     A,#0xb
   \   000003   12....       LCALL   ?Subroutine191 & 0xFFFF
   \                     ??CrossCallReturnLabel_306:
   \   000006   22           RET

   \                                 In  segment BANKED_CODE, align 1, keep-with-next
   \                     ?Subroutine60:
   \   000000   12....       LCALL   ??Subroutine251_0 & 0xFFFF
   \                     ??CrossCallReturnLabel_614:
   \   000003   12....       LCALL   ?Subroutine148 & 0xFFFF
   \                     ??CrossCallReturnLabel_257:
   \   000006   22           RET

   \                                 In  segment BANKED_CODE, align 1, keep-with-next
   \                     ?Subroutine48:
   \   000000   12....       LCALL   ?Subroutine161 & 0xFFFF
   \                     ??CrossCallReturnLabel_602:
   \   000003   85..82       MOV     DPL,?V0 + 2
   \   000006   85..83       MOV     DPH,?V0 + 3
   \   000009   A3           INC     DPTR
   \   00000A   A3           INC     DPTR
   \   00000B   A3           INC     DPTR
   \   00000C   A3           INC     DPTR
   \   00000D   12....       LCALL   ?Subroutine150 & 0xFFFF
   \                     ??CrossCallReturnLabel_433:
   \   000010   E5..         MOV     A,?V0 + 2
   \   000012   2414         ADD     A,#0x14
   \   000014   F582         MOV     DPL,A
   \   000016   E5..         MOV     A,?V0 + 3
   \   000018   3400         ADDC    A,#0x0
   \   00001A   F583         MOV     DPH,A
   \   00001C   E0           MOVX    A,@DPTR
   \   00001D   F9           MOV     R1,A
   \   00001E   12....       LCALL   ??zclFindAttrRec?relay
   \   000021   7402         MOV     A,#0x2
   \   000023   22           RET

   \                                 In  segment BANKED_CODE, align 1, keep-with-next
   \                     ?Subroutine156:
   \   000000   12....       LCALL   ??Subroutine252_0 & 0xFFFF
   \                     ??CrossCallReturnLabel_634:
   \   000003   A3           INC     DPTR
   \   000004   A3           INC     DPTR
   \   000005   A3           INC     DPTR
   \   000006   A3           INC     DPTR
   \   000007   A3           INC     DPTR
   \   000008   A3           INC     DPTR
   \   000009   22           RET
   2982          #endif // ZCL_READ
   2983          
   2984          #ifdef ZCL_WRITE
   2985          /*********************************************************************
   2986           * @fn      processInWriteCmd
   2987           *
   2988           * @brief   Process the "Profile" Write and Write No Response Commands
   2989           *
   2990           * @param   pInMsg - incoming message to process
   2991           *
   2992           * @return  TRUE if command processed. FALSE, otherwise.
   2993           */

   \                                 In  segment BANKED_CODE, align 1, keep-with-next
   2994          static uint8 zclProcessInWriteCmd( zclIncoming_t *pInMsg )
   \                     zclProcessInWriteCmd:
   2995          {
   \   000000   74F0         MOV     A,#-0x10
   \   000002   12....       LCALL   ?BANKED_ENTER_XDATA
   \   000005                ; Saved register size: 16
   \   000005                ; Auto size: 16
   \   000005   74F0         MOV     A,#-0x10
   \   000007   12....       LCALL   ?ALLOC_XSTACK8
   \   00000A   7402         MOV     A,#0x2
   \   00000C   12....       LCALL   ?XSTACK_DISP0_8
   \   00000F   12....       LCALL   ?Subroutine33 & 0xFFFF
   2996            zclWriteCmd_t *writeCmd;
   2997            zclWriteRec_t *statusRec;
   2998            zclWriteRspCmd_t *writeRspCmd;
   2999            zclAttrRec_t attrRec;
   3000            uint8 sendRsp = FALSE;
   \                     ??CrossCallReturnLabel_548:
   \   000012   7F00         MOV     R7,#0x0
   3001            uint8 status;
   3002            uint8 i, j = 0;
   \   000014   7E00         MOV     R6,#0x0
   3003          
   3004            writeCmd = (zclWriteCmd_t *)pInMsg->attrCmd;
   \   000016   7402         MOV     A,#0x2
   \   000018   12....       LCALL   ?XSTACK_DISP0_8
   \   00001B   12....       LCALL   ?Subroutine79 & 0xFFFF
   \                     ??CrossCallReturnLabel_147:
   \   00001E   7404         MOV     A,#0x4
   \   000020   12....       LCALL   ?XSTACK_DISP0_8
   \   000023   12....       LCALL   ??Subroutine247_0 & 0xFFFF
   3005            if ( pInMsg->hdr.commandID == ZCL_CMD_WRITE )
   \                     ??CrossCallReturnLabel_586:
   \   000026   12....       LCALL   ?XSTACK_DISP0_8
   \   000029   E0           MOVX    A,@DPTR
   \   00002A   12....       LCALL   ?Subroutine73 & 0xFFFF
   \                     ??CrossCallReturnLabel_627:
   \   00002D   A3           INC     DPTR
   \   00002E   E0           MOVX    A,@DPTR
   \   00002F   6402         XRL     A,#0x2
   \   000031   7017         JNZ     ??zclProcessInWriteCmd_0
   3006            {
   3007              // We need to send a response back - allocate space for it
   3008              writeRspCmd = (zclWriteRspCmd_t *)osal_mem_alloc( sizeof( zclWriteRspCmd_t ) 
   3009                      + sizeof( zclWriteRspStatus_t ) * writeCmd->numAttr );
   \   000033                ; Setup parameters for call to function osal_mem_alloc
   \   000033   7404         MOV     A,#0x4
   \   000035   12....       LCALL   ?XSTACK_DISP0_8
   \   000038   12....       LCALL   ?Subroutine61 & 0xFFFF
   \                     ??CrossCallReturnLabel_122:
   \   00003B   8A..         MOV     ?V0 + 0,R2
   \   00003D   8B..         MOV     ?V0 + 1,R3
   3010              if ( writeRspCmd == NULL )
   \   00003F   EA           MOV     A,R2
   \   000040   45..         ORL     A,?V0 + 1
   \   000042   7005         JNZ     ??zclProcessInWriteCmd_1
   3011                return FALSE; // EMBEDDED RETURN
   \   000044   7900         MOV     R1,#0x0
   \   000046   02....       LJMP    ??zclProcessInWriteCmd_2 & 0xFFFF
   3012              sendRsp = TRUE;
   \                     ??zclProcessInWriteCmd_1:
   \   000049   0F           INC     R7
   3013            }
   3014            
   3015            for (i = 0; i < writeCmd->numAttr; i++)
   \                     ??zclProcessInWriteCmd_0:
   \   00004A   8E..         MOV     ?V0 + 4,R6
   \   00004C   802A         SJMP    ??zclProcessInWriteCmd_3
   3016            {
   3017              statusRec = &(writeCmd->attrList[i]);
   3018              
   3019              if ( zclFindAttrRec( pInMsg->msg->endPoint, pInMsg->msg->clusterId, statusRec->attrID, &attrRec ) )
   3020              {
   3021                if ( statusRec->dataType == attrRec.attr.dataType )
   3022                {
   3023                  status = zclWriteAttrData( &attrRec, statusRec );
   3024          
   3025                  // If successful, a write attribute status record shall NOT be generated
   3026                  if ( sendRsp && status != ZCL_STATUS_SUCCESS )
   3027                  {
   3028                    // Attribute is read only - move on to the next write attribute record
   3029                    writeRspCmd->attrList[j].status = status;
   3030                    writeRspCmd->attrList[j++].attrID = statusRec->attrID;
   3031                  }
   3032                }
   3033                else
   3034                {
   3035                  // Attribute data type is incorrect - move on to the next write attribute record
   3036                  if ( sendRsp )
   3037                  {
   3038                    writeRspCmd->attrList[j].status = ZCL_STATUS_INVALID_DATA_TYPE;
   3039                    writeRspCmd->attrList[j++].attrID = statusRec->attrID;
   3040                  }
   3041                }
   3042              }
   3043              else
   3044              {
   3045                // Attribute is not supported - move on to the next write attribute record
   3046                if ( sendRsp )
   \                     ??zclProcessInWriteCmd_4:
   \   00004E   EF           MOV     A,R7
   \   00004F   A2E0         MOV     C,0xE0 /* A   */.0
   \   000051   5023         JNC     ??zclProcessInWriteCmd_5
   3047                {
   3048                  writeRspCmd->attrList[j].status = ZCL_STATUS_UNSUPPORTED_ATTRIBUTE;
   \   000053   12....       LCALL   ?Subroutine89 & 0xFFFF
   \                     ??CrossCallReturnLabel_452:
   \   000056   7486         MOV     A,#-0x7a
   \                     ??zclProcessInWriteCmd_6:
   \   000058   F0           MOVX    @DPTR,A
   3049                  writeRspCmd->attrList[j++].attrID = statusRec->attrID;
   \   000059   85..82       MOV     DPL,?V0 + 6
   \   00005C   85..83       MOV     DPH,?V0 + 7
   \   00005F   12....       LCALL   ?Subroutine98 & 0xFFFF
   3050                }
   3051              }
   \                     ??CrossCallReturnLabel_184:
   \   000062   85..82       MOV     DPL,?XSP + 0
   \   000065   85..83       MOV     DPH,?XSP + 1
   \   000068   E0           MOVX    A,@DPTR
   \   000069   FA           MOV     R2,A
   \   00006A   A3           INC     DPTR
   \   00006B   E0           MOVX    A,@DPTR
   \   00006C   F583         MOV     DPH,A
   \   00006E   8A82         MOV     DPL,R2
   \   000070   A3           INC     DPTR
   \   000071   A3           INC     DPTR
   \   000072   12....       LCALL   ??Subroutine246_0 & 0xFFFF
   \                     ??CrossCallReturnLabel_579:
   \   000075   0E           INC     R6
   \                     ??zclProcessInWriteCmd_5:
   \   000076   05..         INC     ?V0 + 4
   \                     ??zclProcessInWriteCmd_3:
   \   000078   7404         MOV     A,#0x4
   \   00007A   12....       LCALL   ?XSTACK_DISP0_8
   \   00007D   12....       LCALL   ?Subroutine91 & 0xFFFF
   \                     ??CrossCallReturnLabel_170:
   \   000080   E5..         MOV     A,?V0 + 4
   \   000082   C3           CLR     C
   \   000083   98           SUBB    A,R0
   \   000084   4003         JC      $+5
   \   000086   02....       LJMP    ??zclProcessInWriteCmd_7 & 0xFFFF
   \   000089   E5..         MOV     A,?V0 + 4
   \   00008B   75F005       MOV     B,#0x5
   \   00008E   A4           MUL     AB
   \   00008F   F8           MOV     R0,A
   \   000090   A9F0         MOV     R1,B
   \   000092   7404         MOV     A,#0x4
   \   000094   12....       LCALL   ?XSTACK_DISP0_8
   \   000097   12....       LCALL   ?Subroutine77 & 0xFFFF
   \                     ??CrossCallReturnLabel_146:
   \   00009A   8582..       MOV     ?V0 + 6,DPL
   \   00009D   8583..       MOV     ?V0 + 7,DPH
   \   0000A0   EE           MOV     A,R6
   \   0000A1   75F003       MOV     B,#0x3
   \   0000A4   A4           MUL     AB
   \   0000A5   F8           MOV     R0,A
   \   0000A6   A9F0         MOV     R1,B
   \   0000A8   E5..         MOV     A,?V0 + 0
   \   0000AA   28           ADD     A,R0
   \   0000AB   F8           MOV     R0,A
   \   0000AC   E5..         MOV     A,?V0 + 1
   \   0000AE   12....       LCALL   ?Subroutine28 & 0xFFFF
   \                     ??CrossCallReturnLabel_589:
   \   0000B1   12....       LCALL   ?XSTACK_DISP0_8
   \   0000B4   12....       LCALL   ?Subroutine91 & 0xFFFF
   \                     ??CrossCallReturnLabel_171:
   \   0000B7   A3           INC     DPTR
   \   0000B8   E0           MOVX    A,@DPTR
   \   0000B9   F9           MOV     R1,A
   \   0000BA   7406         MOV     A,#0x6
   \   0000BC   12....       LCALL   ?XSTACK_DISP0_8
   \   0000BF   12....       LCALL   ??Subroutine246_0 & 0xFFFF
   \                     ??CrossCallReturnLabel_580:
   \   0000C2                ; Setup parameters for call to function zclFindAttrRec
   \   0000C2   7408         MOV     A,#0x8
   \   0000C4   12....       LCALL   ?XSTACK_DISP0_8
   \   0000C7   8582..       MOV     ?V0 + 2,DPL
   \   0000CA   8583..       MOV     ?V0 + 3,DPH
   \   0000CD   78..         MOV     R0,#?V0 + 2
   \   0000CF   12....       LCALL   ?PUSH_XSTACK_I_TWO
   \   0000D2   85..82       MOV     DPL,?V0 + 6
   \   0000D5   85..83       MOV     DPH,?V0 + 7
   \   0000D8   12....       LCALL   ??Subroutine250_0 & 0xFFFF
   \                     ??CrossCallReturnLabel_594:
   \   0000DB   7408         MOV     A,#0x8
   \   0000DD   12....       LCALL   ?XSTACK_DISP0_8
   \   0000E0   12....       LCALL   ?Subroutine87 & 0xFFFF
   \                     ??CrossCallReturnLabel_162:
   \   0000E3   FA           MOV     R2,A
   \   0000E4   A3           INC     DPTR
   \   0000E5   E0           MOVX    A,@DPTR
   \   0000E6   FB           MOV     R3,A
   \   0000E7   7408         MOV     A,#0x8
   \   0000E9   12....       LCALL   ?XSTACK_DISP0_8
   \   0000EC   12....       LCALL   ?Subroutine50 & 0xFFFF
   \                     ??CrossCallReturnLabel_75:
   \   0000EF   12....       LCALL   ?DEALLOC_XSTACK8
   \   0000F2   E9           MOV     A,R1
   \   0000F3   7003         JNZ     $+5
   \   0000F5   02....       LJMP    ??zclProcessInWriteCmd_4 & 0xFFFF
   \   0000F8   85..82       MOV     DPL,?V0 + 6
   \   0000FB   85..83       MOV     DPH,?V0 + 7
   \   0000FE   A3           INC     DPTR
   \   0000FF   A3           INC     DPTR
   \   000100   E0           MOVX    A,@DPTR
   \   000101   F8           MOV     R0,A
   \   000102   740C         MOV     A,#0xc
   \   000104   12....       LCALL   ?XSTACK_DISP0_8
   \   000107   E0           MOVX    A,@DPTR
   \   000108   68           XRL     A,R0
   \   000109   7027         JNZ     ??zclProcessInWriteCmd_8
   \   00010B                ; Setup parameters for call to function zclWriteAttrData
   \   00010B   AC..         MOV     R4,?V0 + 6
   \   00010D   AD..         MOV     R5,?V0 + 7
   \   00010F   7408         MOV     A,#0x8
   \   000111   12....       LCALL   ?XSTACK_DISP0_8
   \   000114   AA82         MOV     R2,DPL
   \   000116   AB83         MOV     R3,DPH
   \   000118   12....       LCALL   ??zclWriteAttrData?relay
   \   00011B   E9           MOV     A,R1
   \   00011C   F8           MOV     R0,A
   \   00011D   EF           MOV     A,R7
   \   00011E   A2E0         MOV     C,0xE0 /* A   */.0
   \   000120   4003         JC      $+5
   \   000122   02....       LJMP    ??zclProcessInWriteCmd_5 & 0xFFFF
   \   000125   E8           MOV     A,R0
   \   000126   7003         JNZ     $+5
   \   000128   02....       LJMP    ??zclProcessInWriteCmd_5 & 0xFFFF
   \   00012B   12....       LCALL   ?Subroutine89 & 0xFFFF
   \                     ??CrossCallReturnLabel_453:
   \   00012E   E9           MOV     A,R1
   \   00012F   02....       LJMP    ??zclProcessInWriteCmd_6 & 0xFFFF
   \                     ??zclProcessInWriteCmd_8:
   \   000132   EF           MOV     A,R7
   \   000133   A2E0         MOV     C,0xE0 /* A   */.0
   \   000135   4003         JC      $+5
   \   000137   02....       LJMP    ??zclProcessInWriteCmd_5 & 0xFFFF
   \   00013A   12....       LCALL   ?Subroutine89 & 0xFFFF
   3052            } // for loop
   \                     ??CrossCallReturnLabel_454:
   \   00013D   748D         MOV     A,#-0x73
   \   00013F   02....       LJMP    ??zclProcessInWriteCmd_6 & 0xFFFF
   3053          
   3054            if ( sendRsp )
   \                     ??zclProcessInWriteCmd_7:
   \   000142   EF           MOV     A,R7
   \   000143   A2E0         MOV     C,0xE0 /* A   */.0
   \   000145   504D         JNC     ??zclProcessInWriteCmd_9
   3055            {
   3056              writeRspCmd->numAttr = j;
   \   000147   EE           MOV     A,R6
   \   000148   85..82       MOV     DPL,?V0 + 0
   \   00014B   85..83       MOV     DPH,?V0 + 1
   \   00014E   F0           MOVX    @DPTR,A
   3057              if ( writeRspCmd->numAttr == 0 )
   \   00014F   700B         JNZ     ??zclProcessInWriteCmd_10
   3058              {
   3059                // Since all records were written successful, include a single status record
   3060                // in the resonse command with the status field set to SUCCESS and the 
   3061                // attribute ID field omitted.
   3062                writeRspCmd->attrList[0].status = ZCL_STATUS_SUCCESS;
   \   000151   A3           INC     DPTR
   \   000152   E4           CLR     A
   \   000153   F0           MOVX    @DPTR,A
   3063                writeRspCmd->numAttr = 1;
   \   000154   85..82       MOV     DPL,?V0 + 0
   \   000157   85..83       MOV     DPH,?V0 + 1
   \   00015A   04           INC     A
   \   00015B   F0           MOVX    @DPTR,A
   3064              }
   3065              
   3066              zcl_SendWriteRsp( pInMsg->msg->endPoint, &(pInMsg->msg->srcAddr),
   3067                                pInMsg->msg->clusterId, writeRspCmd, ZCL_FRAME_SERVER_CLIENT_DIR, 
   3068                                true, pInMsg->hdr.transSeqNum );
   \                     ??zclProcessInWriteCmd_10:
   \   00015C   7402         MOV     A,#0x2
   \   00015E   12....       LCALL   ?XSTACK_DISP0_8
   \   000161   12....       LCALL   ??Subroutine224_0 & 0xFFFF
   \                     ??CrossCallReturnLabel_441:
   \   000164   12....       LCALL   ??Subroutine226_0 & 0xFFFF
   \                     ??CrossCallReturnLabel_464:
   \   000167   12....       LCALL   ?XSTACK_DISP0_8
   \   00016A   12....       LCALL   ??Subroutine255_0 & 0xFFFF
   \                     ??CrossCallReturnLabel_626:
   \   00016D   E0           MOVX    A,@DPTR
   \   00016E   F5..         MOV     ?V0 + 2,A
   \   000170   78..         MOV     R0,#?V0 + 2
   \   000172   12....       LCALL   ?PUSH_XSTACK_I_ONE
   \   000175   75..01       MOV     ?V0 + 2,#0x1
   \   000178   78..         MOV     R0,#?V0 + 2
   \   00017A   12....       LCALL   ?PUSH_XSTACK_I_ONE
   \   00017D   78..         MOV     R0,#?V0 + 2
   \   00017F   12....       LCALL   ?PUSH_XSTACK_I_ONE
   \   000182   78..         MOV     R0,#?V0 + 0
   \   000184   12....       LCALL   ?PUSH_XSTACK_I_TWO
   \   000187   12....       LCALL   ?Subroutine57 & 0xFFFF
   \                     ??CrossCallReturnLabel_113:
   \   00018A   12....       LCALL   ?DEALLOC_XSTACK8
   3069              osal_mem_free( writeRspCmd );
   \   00018D                ; Setup parameters for call to function osal_mem_free
   \   00018D   AA..         MOV     R2,?V0 + 0
   \   00018F   AB..         MOV     R3,?V0 + 1
   \   000191   12....       LCALL   ??osal_mem_free?relay
   3070            }
   3071            
   3072            return TRUE; 
   \                     ??zclProcessInWriteCmd_9:
   \   000194   7901         MOV     R1,#0x1
   \                     ??zclProcessInWriteCmd_2:
   \   000196   7410         MOV     A,#0x10
   \   000198   02....       LJMP    ??Subroutine214_0 & 0xFFFF
   3073          }

   \                                 In  segment BANKED_CODE, align 1, keep-with-next
   \                     ?Subroutine28:
   \   000000   39           ADDC    A,R1
   \   000001   F9           MOV     R1,A
   \   000002   85..82       MOV     DPL,?XSP + 0
   \   000005   85..83       MOV     DPH,?XSP + 1
   \   000008                REQUIRE ??Subroutine247_0
   \   000008                ; // Fall through to label ??Subroutine247_0

   \                                 In  segment BANKED_CODE, align 1, keep-with-next
   \                     ?Subroutine79:
   \   000000   12....       LCALL   ?Subroutine147 & 0xFFFF
   \                     ??CrossCallReturnLabel_254:
   \   000003   12....       LCALL   ?Subroutine162 & 0xFFFF
   \                     ??CrossCallReturnLabel_487:
   \   000006   22           RET

   \                                 In  segment BANKED_CODE, align 1, keep-with-next
   \                     ?Subroutine61:
   \   000000   12....       LCALL   ??Subroutine251_0 & 0xFFFF
   \                     ??CrossCallReturnLabel_615:
   \   000003   E0           MOVX    A,@DPTR
   \   000004   75F003       MOV     B,#0x3
   \   000007   A4           MUL     AB
   \   000008   2401         ADD     A,#0x1
   \   00000A   FA           MOV     R2,A
   \   00000B   E5F0         MOV     A,B
   \   00000D   12....       LCALL   ??Subroutine242_0 & 0xFFFF
   \                     ??CrossCallReturnLabel_556:
   \   000010   22           RET

   \                                 In  segment BANKED_CODE, align 1, keep-with-next
   \                     ?Subroutine57:
   \   000000   8E82         MOV     DPL,R6
   \   000002   8F83         MOV     DPH,R7
   \   000004   A3           INC     DPTR
   \   000005   A3           INC     DPTR
   \   000006   A3           INC     DPTR
   \   000007   A3           INC     DPTR
   \   000008   12....       LCALL   ?Subroutine161 & 0xFFFF
   \                     ??CrossCallReturnLabel_604:
   \   00000B   EE           MOV     A,R6
   \   00000C   2406         ADD     A,#0x6
   \   00000E   FA           MOV     R2,A
   \   00000F   EF           MOV     A,R7
   \   000010   3400         ADDC    A,#0x0
   \   000012   FB           MOV     R3,A
   \   000013   EE           MOV     A,R6
   \   000014   2414         ADD     A,#0x14
   \   000016   F582         MOV     DPL,A
   \   000018   EF           MOV     A,R7
   \   000019   3400         ADDC    A,#0x0
   \   00001B   F583         MOV     DPH,A
   \   00001D   E0           MOVX    A,@DPTR
   \   00001E   F9           MOV     R1,A
   \   00001F   12....       LCALL   ??zcl_SendWriteRsp?relay
   \   000022   7405         MOV     A,#0x5
   \   000024   22           RET

   \                                 In  segment BANKED_CODE, align 1, keep-with-next
   \                     ?Subroutine50:
   \   000000   12....       LCALL   ?Subroutine142 & 0xFFFF
   \                     ??CrossCallReturnLabel_247:
   \   000003   12....       LCALL   ??zclFindAttrRec?relay
   \   000006   7402         MOV     A,#0x2
   \   000008   22           RET

   \                                 In  segment BANKED_CODE, align 1, keep-with-next
   \                     ?Subroutine87:
   \   000000   12....       LCALL   ?Subroutine145 & 0xFFFF
   \                     ??CrossCallReturnLabel_252:
   \   000003   22           RET

   \                                 In  segment BANKED_CODE, align 1, keep-with-next
   \                     ?Subroutine145:
   \   000000   12....       LCALL   ?Subroutine187 & 0xFFFF
   \                     ??CrossCallReturnLabel_459:
   \   000003   A3           INC     DPTR
   \   000004   A3           INC     DPTR
   \   000005   A3           INC     DPTR
   \   000006   E0           MOVX    A,@DPTR
   \   000007   22           RET

   \                                 In  segment BANKED_CODE, align 1, keep-with-next
   \                     ?Subroutine73:
   \   000000   F8           MOV     R0,A
   \   000001                REQUIRE ??Subroutine255_0
   \   000001                ; // Fall through to label ??Subroutine255_0

   \                                 In  segment BANKED_CODE, align 1, keep-with-next
   \                     ??Subroutine255_0:
   \   000000   12....       LCALL   ?Subroutine156 & 0xFFFF
   \                     ??CrossCallReturnLabel_630:
   \   000003   22           RET
   3074          
   3075          /*********************************************************************
   3076           * @fn      zclRevertWriteUndividedCmd
   3077           *
   3078           * @brief   Revert the "Profile" Write Undevided Command
   3079           *
   3080           * @param   pInMsg - incoming message to process
   3081           * @param   curWriteRec - old data
   3082           * @param   numAttr - number of attributes to be reverted
   3083           *
   3084           * @return  none
   3085           */
   3086          static void zclRevertWriteUndividedCmd( zclIncoming_t *pInMsg, 
   3087                                              zclWriteRec_t *curWriteRec, uint16 numAttr )
   3088          {
   3089            zclWriteRec_t *statusRec;
   3090            zclAttrRec_t attrRec;
   3091            uint8 dataLen;
   3092            uint8 i;
   3093          
   3094            statusRec = curWriteRec;
   3095            for (i = 0; i < numAttr; i++)
   3096            {
   3097              statusRec = &(curWriteRec[i]);
   3098              
   3099              if ( !zclFindAttrRec( pInMsg->msg->endPoint, pInMsg->msg->clusterId, statusRec->attrID, &attrRec ) )
   3100                break; // should never happen
   3101           
   3102              // Just copy the old data back - no need to validate the data
   3103              dataLen = zclGetAttrDataLength( attrRec.attr.dataType, statusRec->attrData );
   3104              osal_memcpy( attrRec.attr.dataPtr, statusRec->attrData, dataLen );
   3105            } // for loop
   3106          }
   3107          
   3108          /*********************************************************************
   3109           * @fn      zclProcessInWriteUndividedCmd
   3110           *
   3111           * @brief   Process the "Profile" Write Undivided Command
   3112           *
   3113           * @param   pInMsg - incoming message to process
   3114           *
   3115           * @return  TRUE if command processed. FALSE, otherwise.
   3116           */

   \                                 In  segment BANKED_CODE, align 1, keep-with-next
   \                     ?Subroutine40:
   \   000000   12....       LCALL   ??Subroutine251_0 & 0xFFFF
   \                     ??CrossCallReturnLabel_612:
   \   000003                REQUIRE ??Subroutine245_0
   \   000003                ; // Fall through to label ??Subroutine245_0

   \                                 In  segment BANKED_CODE, align 1, keep-with-next
   3117          static uint8 zclProcessInWriteUndividedCmd( zclIncoming_t *pInMsg )
   \                     zclProcessInWriteUndividedCmd:
   3118          {
   \   000000   74F0         MOV     A,#-0x10
   \   000002   12....       LCALL   ?BANKED_ENTER_XDATA
   \   000005                ; Saved register size: 16
   \   000005                ; Auto size: 26
   \   000005   74E6         MOV     A,#-0x1a
   \   000007   12....       LCALL   ?ALLOC_XSTACK8
   \   00000A   7402         MOV     A,#0x2
   \   00000C   12....       LCALL   ?XSTACK_DISP0_8
   \   00000F   12....       LCALL   ?Subroutine33 & 0xFFFF
   3119            zclWriteCmd_t *writeCmd;
   3120            zclWriteRec_t *statusRec;
   3121            zclWriteRec_t *curWriteRec;
   3122            zclWriteRec_t *curStatusRec;
   3123            zclWriteRspCmd_t *writeRspCmd;
   3124            zclAttrRec_t attrRec;
   3125            uint8 *curDataPtr;
   3126            uint8 hdrLen;
   3127            uint8 dataLen;
   3128            uint8 curLen = 0;
   \                     ??CrossCallReturnLabel_549:
   \   000012   75..00       MOV     ?V0 + 4,#0x0
   3129            uint8 status;
   3130            uint8 i, j = 0;
   \   000015   7E00         MOV     R6,#0x0
   3131          
   3132            writeCmd = (zclWriteCmd_t *)pInMsg->attrCmd;
   \   000017   7402         MOV     A,#0x2
   \   000019   12....       LCALL   ?XSTACK_DISP0_8
   \   00001C   12....       LCALL   ?Subroutine79 & 0xFFFF
   \                     ??CrossCallReturnLabel_148:
   \   00001F   7406         MOV     A,#0x6
   \   000021   12....       LCALL   ?XSTACK_DISP0_8
   \   000024   12....       LCALL   ??Subroutine246_0 & 0xFFFF
   3133            
   3134            // Allocate space for Write Response Command
   3135            writeRspCmd = (zclWriteRspCmd_t *)osal_mem_alloc( sizeof( zclWriteRspCmd_t ) 
   3136                             + sizeof( zclWriteRspStatus_t )* writeCmd->numAttr );
   \                     ??CrossCallReturnLabel_581:
   \   000027                ; Setup parameters for call to function osal_mem_alloc
   \   000027   7406         MOV     A,#0x6
   \   000029   12....       LCALL   ?XSTACK_DISP0_8
   \   00002C   12....       LCALL   ?Subroutine61 & 0xFFFF
   \                     ??CrossCallReturnLabel_123:
   \   00002F   8A..         MOV     ?V0 + 6,R2
   \   000031   8B..         MOV     ?V0 + 7,R3
   3137            if ( writeRspCmd == NULL )
   \   000033   EA           MOV     A,R2
   \   000034   45..         ORL     A,?V0 + 7
   \   000036   7005         JNZ     ??zclProcessInWriteUndividedCmd_0
   3138              return FALSE; // EMBEDDED RETURN
   \                     ??zclProcessInWriteUndividedCmd_1:
   \   000038   7900         MOV     R1,#0x0
   \   00003A   02....       LJMP    ??zclProcessInWriteUndividedCmd_2 & 0xFFFF
   3139            
   3140            // If any attribute cannot be written, no attribute values are changed. Hence,
   3141            // make sure all the attributes are supported and writable
   3142            for (i = 0; i < writeCmd->numAttr; i++)
   \                     ??zclProcessInWriteUndividedCmd_0:
   \   00003D   7F00         MOV     R7,#0x0
   \   00003F   801C         SJMP    ??zclProcessInWriteUndividedCmd_3
   3143            {
   3144              statusRec = &(writeCmd->attrList[i]);
   3145              
   3146              if ( !zclFindAttrRec( pInMsg->msg->endPoint, pInMsg->msg->clusterId, statusRec->attrID, &attrRec ) )
   3147              {
   3148                // Attribute is not supported - stop here
   3149                writeRspCmd->attrList[j].status = ZCL_STATUS_UNSUPPORTED_ATTRIBUTE;
   3150                writeRspCmd->attrList[j++].attrID = statusRec->attrID;
   3151                break;
   3152              }
   3153              
   3154              if ( statusRec->dataType != attrRec.attr.dataType )
   3155              {
   3156                // Attribute data type is incorrect - stope here
   3157                writeRspCmd->attrList[j].status = ZCL_STATUS_INVALID_DATA_TYPE;
   3158                writeRspCmd->attrList[j++].attrID = statusRec->attrID;
   3159                break;
   3160              }
   3161              
   3162              if ( !zcl_AccessCtrlWrite( attrRec.attr.accessControl ) )
   3163              {
   3164                // Attribute is not writable - stop here
   3165                writeRspCmd->attrList[j].status = ZCL_STATUS_READ_ONLY;
   3166                writeRspCmd->attrList[j++].attrID = statusRec->attrID;
   3167                break;
   3168              }
   3169              
   3170              dataLen = zclGetAttrDataLength( statusRec->dataType, statusRec->attrData );
   \                     ??zclProcessInWriteUndividedCmd_4:
   \   000041                ; Setup parameters for call to function zclGetAttrDataLength
   \   000041   85..82       MOV     DPL,?V0 + 0
   \   000044   85..83       MOV     DPH,?V0 + 1
   \   000047   A3           INC     DPTR
   \   000048   A3           INC     DPTR
   \   000049   A3           INC     DPTR
   \   00004A   12....       LCALL   ??Subroutine223_0 & 0xFFFF
   \                     ??CrossCallReturnLabel_427:
   \   00004D   12....       LCALL   ??zclGetAttrDataLength?relay
   \   000050   E9           MOV     A,R1
   \   000051   F8           MOV     R0,A
   3171              
   3172              // add padding if needed
   3173              if ( PADDING_NEEDED( dataLen ) )
   \   000052   A2E0         MOV     C,0xE0 /* A   */.0
   \   000054   5001         JNC     ??zclProcessInWriteUndividedCmd_5
   3174                dataLen++;
   \   000056   08           INC     R0
   3175              curLen += dataLen;
   \                     ??zclProcessInWriteUndividedCmd_5:
   \   000057   E8           MOV     A,R0
   \   000058   25..         ADD     A,?V0 + 4
   \   00005A   F5..         MOV     ?V0 + 4,A
   \   00005C   0F           INC     R7
   \                     ??zclProcessInWriteUndividedCmd_3:
   \   00005D   7406         MOV     A,#0x6
   \   00005F   12....       LCALL   ?XSTACK_DISP0_8
   \   000062   12....       LCALL   ?Subroutine90 & 0xFFFF
   \                     ??CrossCallReturnLabel_167:
   \   000065   4003         JC      $+5
   \   000067   02....       LJMP    ??zclProcessInWriteUndividedCmd_6 & 0xFFFF
   \   00006A   EF           MOV     A,R7
   \   00006B   75F005       MOV     B,#0x5
   \   00006E   A4           MUL     AB
   \   00006F   F8           MOV     R0,A
   \   000070   A9F0         MOV     R1,B
   \   000072   7406         MOV     A,#0x6
   \   000074   12....       LCALL   ?XSTACK_DISP0_8
   \   000077   12....       LCALL   ??Subroutine234_0 & 0xFFFF
   \                     ??CrossCallReturnLabel_507:
   \   00007A   7402         MOV     A,#0x2
   \   00007C   12....       LCALL   ?XSTACK_DISP0_8
   \   00007F   12....       LCALL   ?Subroutine40 & 0xFFFF
   \                     ??CrossCallReturnLabel_584:
   \   000082                ; Setup parameters for call to function zclFindAttrRec
   \   000082   740A         MOV     A,#0xa
   \   000084   12....       LCALL   ?XSTACK_DISP0_8
   \   000087   8582..       MOV     ?V0 + 2,DPL
   \   00008A   8583..       MOV     ?V0 + 3,DPH
   \   00008D   78..         MOV     R0,#?V0 + 2
   \   00008F   12....       LCALL   ?PUSH_XSTACK_I_TWO
   \   000092   85..82       MOV     DPL,?V0 + 0
   \   000095   85..83       MOV     DPH,?V0 + 1
   \   000098   12....       LCALL   ??Subroutine250_0 & 0xFFFF
   \                     ??CrossCallReturnLabel_595:
   \   00009B   7402         MOV     A,#0x2
   \   00009D   12....       LCALL   ?XSTACK_DISP0_8
   \   0000A0   12....       LCALL   ?Subroutine72 & 0xFFFF
   \                     ??CrossCallReturnLabel_137:
   \   0000A3   12....       LCALL   ?XSTACK_DISP0_8
   \   0000A6   12....       LCALL   ?Subroutine50 & 0xFFFF
   \                     ??CrossCallReturnLabel_76:
   \   0000A9   12....       LCALL   ?DEALLOC_XSTACK8
   \   0000AC   E9           MOV     A,R1
   \   0000AD   700B         JNZ     ??zclProcessInWriteUndividedCmd_7
   \   0000AF   85..82       MOV     DPL,?V0 + 6
   \   0000B2   85..83       MOV     DPH,?V0 + 7
   \   0000B5   A3           INC     DPTR
   \   0000B6   7486         MOV     A,#-0x7a
   \   0000B8   8034         SJMP    ??zclProcessInWriteUndividedCmd_8
   \                     ??zclProcessInWriteUndividedCmd_7:
   \   0000BA   85..82       MOV     DPL,?V0 + 0
   \   0000BD   85..83       MOV     DPH,?V0 + 1
   \   0000C0   A3           INC     DPTR
   \   0000C1   A3           INC     DPTR
   \   0000C2   E0           MOVX    A,@DPTR
   \   0000C3   F9           MOV     R1,A
   \   0000C4   740E         MOV     A,#0xe
   \   0000C6   12....       LCALL   ?XSTACK_DISP0_8
   \   0000C9   E0           MOVX    A,@DPTR
   \   0000CA   69           XRL     A,R1
   \   0000CB   600B         JZ      ??zclProcessInWriteUndividedCmd_9
   \   0000CD   85..82       MOV     DPL,?V0 + 6
   \   0000D0   85..83       MOV     DPH,?V0 + 7
   \   0000D3   A3           INC     DPTR
   \   0000D4   748D         MOV     A,#-0x73
   \   0000D6   8016         SJMP    ??zclProcessInWriteUndividedCmd_8
   \                     ??zclProcessInWriteUndividedCmd_9:
   \   0000D8   740F         MOV     A,#0xf
   \   0000DA   12....       LCALL   ?XSTACK_DISP0_8
   \   0000DD   E0           MOVX    A,@DPTR
   \   0000DE   A2E1         MOV     C,0xE0 /* A   */.1
   \   0000E0   5003         JNC     $+5
   \   0000E2   02....       LJMP    ??zclProcessInWriteUndividedCmd_4 & 0xFFFF
   \   0000E5   85..82       MOV     DPL,?V0 + 6
   \   0000E8   85..83       MOV     DPH,?V0 + 7
   \   0000EB   A3           INC     DPTR
   \   0000EC   7488         MOV     A,#-0x78
   \                     ??zclProcessInWriteUndividedCmd_8:
   \   0000EE   12....       LCALL   ?Subroutine45 & 0xFFFF
   \                     ??CrossCallReturnLabel_68:
   \   0000F1   F8           MOV     R0,A
   \   0000F2   A3           INC     DPTR
   \   0000F3   E0           MOVX    A,@DPTR
   \   0000F4   F9           MOV     R1,A
   \   0000F5   85..82       MOV     DPL,?V0 + 6
   \   0000F8   85..83       MOV     DPH,?V0 + 7
   \   0000FB   A3           INC     DPTR
   \   0000FC   A3           INC     DPTR
   \   0000FD   12....       LCALL   ??Subroutine246_0 & 0xFFFF
   \                     ??CrossCallReturnLabel_582:
   \   000100   0E           INC     R6
   3176            } // for loop
   3177            
   3178            writeRspCmd->numAttr = j;
   \                     ??zclProcessInWriteUndividedCmd_6:
   \   000101   EE           MOV     A,R6
   \   000102   85..82       MOV     DPL,?V0 + 6
   \   000105   85..83       MOV     DPH,?V0 + 7
   \   000108   F0           MOVX    @DPTR,A
   3179            if ( writeRspCmd->numAttr == 0 ) // All attributes can be written
   \   000109   6003         JZ      $+5
   \   00010B   02....       LJMP    ??CrossCallReturnLabel_159 & 0xFFFF
   3180            {
   3181              // calculate the length of the current data header
   3182              hdrLen = j * sizeof( zclWriteRec_t );
   \   00010E   75F005       MOV     B,#0x5
   \   000111   A4           MUL     AB
   \   000112   F8           MOV     R0,A
   3183            
   3184              // Allocate space to keep a copy of the current data
   3185              curWriteRec = (zclWriteRec_t *) osal_mem_alloc( hdrLen + curLen ); 
   \   000113   8882         MOV     DPL,R0
   \   000115   8582..       MOV     ?V0 + 0,DPL
   \   000118                ; Setup parameters for call to function osal_mem_alloc
   \   000118   25..         ADD     A,?V0 + 4
   \   00011A   12....       LCALL   ?Subroutine179 & 0xFFFF
   \                     ??CrossCallReturnLabel_555:
   \   00011D   7404         MOV     A,#0x4
   \   00011F   12....       LCALL   ?XSTACK_DISP0_8
   \   000122   12....       LCALL   ?Subroutine33 & 0xFFFF
   3186              if ( curWriteRec == NULL )
   \                     ??CrossCallReturnLabel_550:
   \   000125   7404         MOV     A,#0x4
   \   000127   12....       LCALL   ?XSTACK_DISP0_8
   \   00012A   12....       LCALL   ??Subroutine228_0 & 0xFFFF
   \                     ??CrossCallReturnLabel_482:
   \   00012D   700A         JNZ     ??zclProcessInWriteUndividedCmd_10
   3187              {
   3188                osal_mem_free(writeRspCmd );
   \   00012F                ; Setup parameters for call to function osal_mem_free
   \   00012F   AA..         MOV     R2,?V0 + 6
   \   000131   AB..         MOV     R3,?V0 + 7
   \   000133   12....       LCALL   ??osal_mem_free?relay
   3189                return FALSE; // EMBEDDED RETURN
   \   000136   02....       LJMP    ??zclProcessInWriteUndividedCmd_1 & 0xFFFF
   3190              }
   3191          
   3192              curDataPtr = (uint8 *)((uint8 *)curWriteRec + hdrLen);
   \                     ??zclProcessInWriteUndividedCmd_10:
   \   000139   7404         MOV     A,#0x4
   \   00013B   12....       LCALL   ?XSTACK_DISP0_8
   \   00013E   E0           MOVX    A,@DPTR
   \   00013F   25..         ADD     A,?V0 + 0
   \   000141   F5..         MOV     ?V0 + 4,A
   \   000143   A3           INC     DPTR
   \   000144   E0           MOVX    A,@DPTR
   \   000145   3400         ADDC    A,#0x0
   \   000147   F5..         MOV     ?V0 + 5,A
   3193              
   3194              // Write the new data over
   3195              for (i = 0; i < writeCmd->numAttr; i++)
   \   000149   7F00         MOV     R7,#0x0
   \   00014B   8021         SJMP    ??zclProcessInWriteUndividedCmd_11
   3196              {
   3197                statusRec = &(writeCmd->attrList[i]);
   3198                curStatusRec = &(curWriteRec[i]);
   3199              
   3200                if ( !zclFindAttrRec( pInMsg->msg->endPoint, pInMsg->msg->clusterId, statusRec->attrID, &attrRec ) )
   3201                  break; // should never happen
   3202          
   3203                // Keep a copy of the current data before before writing the new data over
   3204                curStatusRec->attrID = statusRec->attrID;
   3205                zclReadAttrData( curDataPtr, &attrRec );
   3206                curStatusRec->attrData = curDataPtr;
   3207                
   3208                status = zclWriteAttrData( &attrRec, statusRec );
   3209                   
   3210                // If successful, a write attribute status record shall NOT be generated
   3211                if ( status != ZCL_STATUS_SUCCESS )
   3212                {
   3213                  writeRspCmd->attrList[j].status = status;
   3214                  writeRspCmd->attrList[j++].attrID = statusRec->attrID;
   3215                    
   3216                  // Since this write failed, we need to revert all the pervious writes
   3217                  zclRevertWriteUndividedCmd( pInMsg, curWriteRec, i);
   3218                  break;
   3219                }
   3220                
   3221                dataLen = zclGetAttrDataLength( statusRec->dataType, statusRec->attrData );
   \                     ??zclProcessInWriteUndividedCmd_12:
   \   00014D                ; Setup parameters for call to function zclGetAttrDataLength
   \   00014D   85..82       MOV     DPL,?V0 + 0
   \   000150   85..83       MOV     DPH,?V0 + 1
   \   000153   12....       LCALL   ?Subroutine94 & 0xFFFF
   \                     ??CrossCallReturnLabel_175:
   \   000156   12....       LCALL   ??Subroutine203_0 & 0xFFFF
   \                     ??CrossCallReturnLabel_331:
   \   000159   F8           MOV     R0,A
   3222                
   3223                // add padding if needed
   3224                if ( PADDING_NEEDED( dataLen ) )
   \   00015A   A2E0         MOV     C,0xE0 /* A   */.0
   \   00015C   5001         JNC     ??zclProcessInWriteUndividedCmd_13
   3225                  dataLen++;
   \   00015E   08           INC     R0
   3226                curDataPtr += dataLen;
   \                     ??zclProcessInWriteUndividedCmd_13:
   \   00015F   88..         MOV     ?V0 + 0,R0
   \   000161   E5..         MOV     A,?V0 + 4
   \   000163   25..         ADD     A,?V0 + 0
   \   000165   F5..         MOV     ?V0 + 4,A
   \   000167   E5..         MOV     A,?V0 + 5
   \   000169   3400         ADDC    A,#0x0
   \   00016B   F5..         MOV     ?V0 + 5,A
   \   00016D   0F           INC     R7
   \                     ??zclProcessInWriteUndividedCmd_11:
   \   00016E   7406         MOV     A,#0x6
   \   000170   12....       LCALL   ?XSTACK_DISP0_8
   \   000173   12....       LCALL   ?Subroutine90 & 0xFFFF
   \                     ??CrossCallReturnLabel_168:
   \   000176   4003         JC      $+5
   \   000178   02....       LJMP    ??zclProcessInWriteUndividedCmd_14 & 0xFFFF
   \   00017B   EF           MOV     A,R7
   \   00017C   75F005       MOV     B,#0x5
   \   00017F   A4           MUL     AB
   \   000180   F8           MOV     R0,A
   \   000181   A9F0         MOV     R1,B
   \   000183   7406         MOV     A,#0x6
   \   000185   12....       LCALL   ?XSTACK_DISP0_8
   \   000188   12....       LCALL   ?Subroutine75 & 0xFFFF
   \                     ??CrossCallReturnLabel_143:
   \   00018B   12....       LCALL   ?XSTACK_DISP0_8
   \   00018E   E0           MOVX    A,@DPTR
   \   00018F   28           ADD     A,R0
   \   000190   F8           MOV     R0,A
   \   000191   A3           INC     DPTR
   \   000192   E0           MOVX    A,@DPTR
   \   000193   39           ADDC    A,R1
   \   000194   F9           MOV     R1,A
   \   000195   7408         MOV     A,#0x8
   \   000197   12....       LCALL   ?XSTACK_DISP0_8
   \   00019A   12....       LCALL   ??Subroutine247_0 & 0xFFFF
   \                     ??CrossCallReturnLabel_587:
   \   00019D   12....       LCALL   ?XSTACK_DISP0_8
   \   0001A0   12....       LCALL   ?Subroutine40 & 0xFFFF
   \                     ??CrossCallReturnLabel_585:
   \   0001A3                ; Setup parameters for call to function zclFindAttrRec
   \   0001A3   740A         MOV     A,#0xa
   \   0001A5   12....       LCALL   ?XSTACK_DISP0_8
   \   0001A8   8582..       MOV     ?V0 + 2,DPL
   \   0001AB   8583..       MOV     ?V0 + 3,DPH
   \   0001AE   78..         MOV     R0,#?V0 + 2
   \   0001B0   12....       LCALL   ?PUSH_XSTACK_I_TWO
   \   0001B3   85..82       MOV     DPL,?V0 + 0
   \   0001B6   85..83       MOV     DPH,?V0 + 1
   \   0001B9   12....       LCALL   ??Subroutine250_0 & 0xFFFF
   \                     ??CrossCallReturnLabel_596:
   \   0001BC   7402         MOV     A,#0x2
   \   0001BE   12....       LCALL   ?XSTACK_DISP0_8
   \   0001C1   12....       LCALL   ?Subroutine72 & 0xFFFF
   \                     ??CrossCallReturnLabel_138:
   \   0001C4   12....       LCALL   ?XSTACK_DISP0_8
   \   0001C7   12....       LCALL   ?Subroutine50 & 0xFFFF
   \                     ??CrossCallReturnLabel_77:
   \   0001CA   12....       LCALL   ?DEALLOC_XSTACK8
   \   0001CD   E9           MOV     A,R1
   \   0001CE   7003         JNZ     $+5
   \   0001D0   02....       LJMP    ??zclProcessInWriteUndividedCmd_14 & 0xFFFF
   \   0001D3   85..82       MOV     DPL,?V0 + 0
   \   0001D6   85..83       MOV     DPH,?V0 + 1
   \   0001D9   12....       LCALL   ??Subroutine223_0 & 0xFFFF
   \                     ??CrossCallReturnLabel_428:
   \   0001DC   7408         MOV     A,#0x8
   \   0001DE   12....       LCALL   ?XSTACK_DISP0_8
   \   0001E1   12....       LCALL   ??Subroutine224_0 & 0xFFFF
   \                     ??CrossCallReturnLabel_442:
   \   0001E4   12....       LCALL   ?Subroutine33 & 0xFFFF
   \                     ??CrossCallReturnLabel_551:
   \   0001E7                ; Setup parameters for call to function zclReadAttrData
   \   0001E7   740A         MOV     A,#0xa
   \   0001E9   12....       LCALL   ?XSTACK_DISP0_8
   \   0001EC   AC82         MOV     R4,DPL
   \   0001EE   AD83         MOV     R5,DPH
   \   0001F0   AA..         MOV     R2,?V0 + 4
   \   0001F2   AB..         MOV     R3,?V0 + 5
   \   0001F4   12....       LCALL   ??zclReadAttrData?relay
   \   0001F7   7408         MOV     A,#0x8
   \   0001F9   12....       LCALL   ?XSTACK_DISP0_8
   \   0001FC   12....       LCALL   ?Subroutine88 & 0xFFFF
   \                     ??CrossCallReturnLabel_166:
   \   0001FF   E5..         MOV     A,?V0 + 4
   \   000201   F0           MOVX    @DPTR,A
   \   000202   A3           INC     DPTR
   \   000203   E5..         MOV     A,?V0 + 5
   \   000205   F0           MOVX    @DPTR,A
   \   000206                ; Setup parameters for call to function zclWriteAttrData
   \   000206   AC..         MOV     R4,?V0 + 0
   \   000208   AD..         MOV     R5,?V0 + 1
   \   00020A   740A         MOV     A,#0xa
   \   00020C   12....       LCALL   ?XSTACK_DISP0_8
   \   00020F   AA82         MOV     R2,DPL
   \   000211   AB83         MOV     R3,DPH
   \   000213   12....       LCALL   ??zclWriteAttrData?relay
   \   000216   E9           MOV     A,R1
   \   000217   FB           MOV     R3,A
   \   000218   7003         JNZ     $+5
   \   00021A   02....       LJMP    ??zclProcessInWriteUndividedCmd_12 & 0xFFFF
   \   00021D   EE           MOV     A,R6
   \   00021E   75F003       MOV     B,#0x3
   \   000221   A4           MUL     AB
   \   000222   F8           MOV     R0,A
   \   000223   A9F0         MOV     R1,B
   \   000225   E5..         MOV     A,?V0 + 6
   \   000227   28           ADD     A,R0
   \   000228   F8           MOV     R0,A
   \   000229   E5..         MOV     A,?V0 + 7
   \   00022B   39           ADDC    A,R1
   \   00022C   F9           MOV     R1,A
   \   00022D   EB           MOV     A,R3
   \   00022E   8882         MOV     DPL,R0
   \   000230   8983         MOV     DPH,R1
   \   000232   A3           INC     DPTR
   \   000233   12....       LCALL   ?Subroutine45 & 0xFFFF
   \                     ??CrossCallReturnLabel_69:
   \   000236   FA           MOV     R2,A
   \   000237   A3           INC     DPTR
   \   000238   E0           MOVX    A,@DPTR
   \   000239   FB           MOV     R3,A
   \   00023A   8882         MOV     DPL,R0
   \   00023C   8983         MOV     DPH,R1
   \   00023E   A3           INC     DPTR
   \   00023F   A3           INC     DPTR
   \   000240   12....       LCALL   ?Subroutine33 & 0xFFFF
   \                     ??CrossCallReturnLabel_552:
   \   000243   0E           INC     R6
   \   000244   8F82         MOV     DPL,R7
   \   000246   8582..       MOV     ?V0 + 4,DPL
   \   000249   7F00         MOV     R7,#0x0
   \   00024B   802D         SJMP    ??zclProcessInWriteUndividedCmd_15
   3227              } // for loop
   \                     ??zclProcessInWriteUndividedCmd_16:
   \   00024D   85..82       MOV     DPL,?XSP + 0
   \   000250   85..83       MOV     DPH,?XSP + 1
   \   000253   E0           MOVX    A,@DPTR
   \   000254   2403         ADD     A,#0x3
   \   000256   F5..         MOV     ?V0 + 0,A
   \   000258   A3           INC     DPTR
   \   000259   E0           MOVX    A,@DPTR
   \   00025A   12....       LCALL   ?Subroutine111 & 0xFFFF
   \                     ??CrossCallReturnLabel_432:
   \   00025D   7416         MOV     A,#0x16
   \   00025F   12....       LCALL   ?XSTACK_DISP0_8
   \   000262   12....       LCALL   ?Subroutine62 & 0xFFFF
   \                     ??CrossCallReturnLabel_125:
   \   000265   12....       LCALL   ?PUSH_XSTACK_I_THREE
   \   000268   89..         MOV     ?V0 + 0,R1
   \   00026A   AC..         MOV     R4,?V0 + 0
   \   00026C   7D00         MOV     R5,#0x0
   \   00026E   741B         MOV     A,#0x1b
   \   000270   12....       LCALL   ?XSTACK_DISP0_8
   \   000273   12....       LCALL   ?Subroutine104 & 0xFFFF
   \                     ??CrossCallReturnLabel_197:
   \   000276   12....       LCALL   ?DEALLOC_XSTACK8
   \   000279   0F           INC     R7
   \                     ??zclProcessInWriteUndividedCmd_15:
   \   00027A   A8..         MOV     R0,?V0 + 4
   \   00027C   EF           MOV     A,R7
   \   00027D   C3           CLR     C
   \   00027E   98           SUBB    A,R0
   \   00027F   503C         JNC     ??zclProcessInWriteUndividedCmd_14
   \   000281   EF           MOV     A,R7
   \   000282   75F005       MOV     B,#0x5
   \   000285   A4           MUL     AB
   \   000286   F8           MOV     R0,A
   \   000287   A9F0         MOV     R1,B
   \   000289   7404         MOV     A,#0x4
   \   00028B   12....       LCALL   ?XSTACK_DISP0_8
   \   00028E   E0           MOVX    A,@DPTR
   \   00028F   28           ADD     A,R0
   \   000290   F8           MOV     R0,A
   \   000291   A3           INC     DPTR
   \   000292   E0           MOVX    A,@DPTR
   \   000293   12....       LCALL   ?Subroutine28 & 0xFFFF
   \                     ??CrossCallReturnLabel_590:
   \   000296   12....       LCALL   ?XSTACK_DISP0_8
   \   000299   12....       LCALL   ?Subroutine60 & 0xFFFF
   \                     ??CrossCallReturnLabel_121:
   \   00029C                ; Setup parameters for call to function zclFindAttrRec
   \   00029C   7412         MOV     A,#0x12
   \   00029E   12....       LCALL   ?XSTACK_DISP0_8
   \   0002A1   8582..       MOV     ?V0 + 0,DPL
   \   0002A4   8583..       MOV     ?V0 + 1,DPH
   \   0002A7   78..         MOV     R0,#?V0 + 0
   \   0002A9   12....       LCALL   ?PUSH_XSTACK_I_TWO
   \   0002AC   7402         MOV     A,#0x2
   \   0002AE   12....       LCALL   ?XSTACK_DISP0_8
   \   0002B1   12....       LCALL   ??Subroutine224_0 & 0xFFFF
   \                     ??CrossCallReturnLabel_443:
   \   0002B4   12....       LCALL   ?Subroutine48 & 0xFFFF
   \                     ??CrossCallReturnLabel_74:
   \   0002B7   12....       LCALL   ?DEALLOC_XSTACK8
   \   0002BA   E9           MOV     A,R1
   \   0002BB   7090         JNZ     ??zclProcessInWriteUndividedCmd_16
   3228            
   3229              writeRspCmd->numAttr = j;
   \                     ??zclProcessInWriteUndividedCmd_14:
   \   0002BD   EE           MOV     A,R6
   \   0002BE   85..82       MOV     DPL,?V0 + 6
   \   0002C1   85..83       MOV     DPH,?V0 + 7
   \   0002C4   F0           MOVX    @DPTR,A
   3230              if ( writeRspCmd->numAttr  == 0 )
   \   0002C5   700B         JNZ     ??zclProcessInWriteUndividedCmd_17
   3231              {
   3232                // Since all records were written successful, include a single status record
   3233                // in the resonse command with the status field set to SUCCESS and the 
   3234                // attribute ID field omitted.
   3235                writeRspCmd->attrList[0].status = ZCL_STATUS_SUCCESS;
   \   0002C7   A3           INC     DPTR
   \   0002C8   E4           CLR     A
   \   0002C9   F0           MOVX    @DPTR,A
   3236                writeRspCmd->numAttr = 1;
   \   0002CA   85..82       MOV     DPL,?V0 + 6
   \   0002CD   85..83       MOV     DPH,?V0 + 7
   \   0002D0   04           INC     A
   \   0002D1   F0           MOVX    @DPTR,A
   3237              }
   3238          
   3239              osal_mem_free( curWriteRec );
   \                     ??zclProcessInWriteUndividedCmd_17:
   \   0002D2                ; Setup parameters for call to function osal_mem_free
   \   0002D2   7404         MOV     A,#0x4
   \   0002D4   12....       LCALL   ?XSTACK_DISP0_8
   \   0002D7   12....       LCALL   ?Subroutine85 & 0xFFFF
   3240            }
   3241            
   3242            zcl_SendWriteRsp( pInMsg->msg->endPoint, &(pInMsg->msg->srcAddr),
   3243                              pInMsg->msg->clusterId, writeRspCmd, ZCL_FRAME_SERVER_CLIENT_DIR, 
   3244                              true, pInMsg->hdr.transSeqNum );  
   \                     ??CrossCallReturnLabel_159:
   \   0002DA   7402         MOV     A,#0x2
   \   0002DC   12....       LCALL   ?XSTACK_DISP0_8
   \   0002DF   12....       LCALL   ??Subroutine224_0 & 0xFFFF
   \                     ??CrossCallReturnLabel_444:
   \   0002E2   12....       LCALL   ??Subroutine226_0 & 0xFFFF
   \                     ??CrossCallReturnLabel_465:
   \   0002E5   12....       LCALL   ?XSTACK_DISP0_8
   \   0002E8   12....       LCALL   ?Subroutine49 & 0xFFFF
   \                     ??CrossCallReturnLabel_393:
   \   0002EB   12....       LCALL   ?PUSH_XSTACK_I_ONE
   \   0002EE   75..01       MOV     ?V0 + 0,#0x1
   \   0002F1   78..         MOV     R0,#?V0 + 0
   \   0002F3   12....       LCALL   ?PUSH_XSTACK_I_ONE
   \   0002F6   78..         MOV     R0,#?V0 + 0
   \   0002F8   12....       LCALL   ?PUSH_XSTACK_I_ONE
   \   0002FB   78..         MOV     R0,#?V0 + 6
   \   0002FD   12....       LCALL   ?PUSH_XSTACK_I_TWO
   \   000300   12....       LCALL   ?Subroutine57 & 0xFFFF
   \                     ??CrossCallReturnLabel_114:
   \   000303   12....       LCALL   ?DEALLOC_XSTACK8
   3245            osal_mem_free( writeRspCmd );
   \   000306                ; Setup parameters for call to function osal_mem_free
   \   000306   AA..         MOV     R2,?V0 + 6
   \   000308   AB..         MOV     R3,?V0 + 7
   \   00030A   12....       LCALL   ??osal_mem_free?relay
   3246           
   3247            return TRUE; 
   \   00030D   7901         MOV     R1,#0x1
   \                     ??zclProcessInWriteUndividedCmd_2:
   \   00030F   741A         MOV     A,#0x1a
   \   000311   02....       LJMP    ??Subroutine214_0 & 0xFFFF
   3248          }

   \                                 In  segment BANKED_CODE, align 1, keep-with-next
   \                     ?Subroutine90:
   \   000000   12....       LCALL   ?Subroutine139 & 0xFFFF
   \                     ??CrossCallReturnLabel_243:
   \   000003   EF           MOV     A,R7
   \   000004   C3           CLR     C
   \   000005   98           SUBB    A,R0
   \   000006   22           RET

   \                                 In  segment BANKED_CODE, align 1, keep-with-next
   \                     ?Subroutine72:
   \   000000   12....       LCALL   ?Subroutine145 & 0xFFFF
   \                     ??CrossCallReturnLabel_251:
   \   000003   FA           MOV     R2,A
   \   000004   A3           INC     DPTR
   \   000005   E0           MOVX    A,@DPTR
   \   000006   FB           MOV     R3,A
   \   000007   7402         MOV     A,#0x2
   \   000009   22           RET

   \                                 In  segment BANKED_CODE, align 1, keep-with-next
   \                     ?Subroutine45:
   \   000000   F0           MOVX    @DPTR,A
   \   000001   85..82       MOV     DPL,?V0 + 0
   \   000004   85..83       MOV     DPH,?V0 + 1
   \   000007   E0           MOVX    A,@DPTR
   \   000008   22           RET
   3249          #endif // ZCL_WRITE
   3250          
   3251          #ifdef ZCL_DISCOVER
   3252          /*********************************************************************
   3253           * @fn      zclProcessInDiscCmd
   3254           *
   3255           * @brief   Process the "Profile" Discover Command
   3256           *
   3257           * @param   pInMsg - incoming message to process
   3258           *
   3259           * @return  TRUE if command processed. FALSE, otherwise.
   3260           */
   3261          static uint8 zclProcessInDiscCmd( zclIncoming_t *pInMsg )
   3262          {
   3263            zclDiscoverCmd_t *discoverCmd;
   3264            zclDiscoverRspCmd_t *discoverRspCmd;
   3265            uint8 discComplete = TRUE;
   3266            zclAttrRec_t attrRec;
   3267            uint16 attrID;
   3268            uint8 i;
   3269            
   3270            discoverCmd = (zclDiscoverCmd_t *)pInMsg->attrCmd;
   3271            
   3272            // Find out the number of attributes supported within the specified range
   3273            for ( i = 0, attrID = discoverCmd->startAttr; i < discoverCmd->maxAttrIDs; i++, attrID++ )
   3274            {
   3275              if ( !zclFindNextAttrRec( pInMsg->msg->endPoint, pInMsg->msg->clusterId, &attrID, &attrRec ) )
   3276                break;
   3277            }
   3278            
   3279            // Allocate space for the response command
   3280            discoverRspCmd = (zclDiscoverRspCmd_t *)osal_mem_alloc( sizeof (zclDiscoverRspCmd_t) 
   3281                                                                   + sizeof ( zclDiscoverInfo_t ) * i );
   3282            if ( discoverRspCmd == NULL )
   3283              return FALSE; // EMEDDED RETURN
   3284            
   3285            discoverRspCmd->numAttr = i;
   3286            if ( discoverRspCmd->numAttr != 0 )
   3287            {
   3288              for ( i = 0, attrID = discoverCmd->startAttr; i < discoverRspCmd->numAttr; i++, attrID++ )
   3289              {
   3290                if ( !zclFindNextAttrRec( pInMsg->msg->endPoint, pInMsg->msg->clusterId, &attrID, &attrRec ) )
   3291                  break; // Attribute not supported
   3292                
   3293                discoverRspCmd->attrList[i].attrID = attrRec.attr.attrId;
   3294                discoverRspCmd->attrList[i].dataType = attrRec.attr.dataType;
   3295              }
   3296              
   3297              // Are there more attributes to be discovered?
   3298              if ( zclFindNextAttrRec( pInMsg->msg->endPoint, pInMsg->msg->clusterId, &attrID, &attrRec ) )
   3299                discComplete = FALSE;
   3300            }
   3301            
   3302            discoverRspCmd->discComplete = discComplete;
   3303            zcl_SendDiscoverRspCmd( pInMsg->msg->endPoint, &pInMsg->msg->srcAddr, 
   3304                                    pInMsg->msg->clusterId, discoverRspCmd, ZCL_FRAME_SERVER_CLIENT_DIR, 
   3305                                    true, pInMsg->hdr.transSeqNum );
   3306            osal_mem_free( discoverRspCmd );
   3307            
   3308            return TRUE;
   3309          }
   3310          #endif // ZCL_DISCOVER
   3311          
   3312          /*********************************************************************
   3313           * @fn      zclSendMsg
   3314           *
   3315           * @brief   Send an incoming message to the Application
   3316           *
   3317           * @param   pInMsg - incoming message to process
   3318           *
   3319           * @return  TRUE
   3320           */

   \                                 In  segment BANKED_CODE, align 1, keep-with-next
   3321          static uint8 zclSendMsg( zclIncoming_t *pInMsg )
   \                     zclSendMsg:
   3322          {
   \   000000   74F6         MOV     A,#-0xa
   \   000002   12....       LCALL   ?BANKED_ENTER_XDATA
   \   000005                ; Saved register size: 10
   \   000005                ; Auto size: 0
   \   000005   EA           MOV     A,R2
   \   000006   FE           MOV     R6,A
   \   000007   EB           MOV     A,R3
   \   000008   FF           MOV     R7,A
   3323            zclIncomingMsg_t *pCmd;
   3324              
   3325            if ( zcl_RegisteredMsgTaskID == TASK_NO_TASK )
   \   000009   90....       MOV     DPTR,#zcl_RegisteredMsgTaskID
   \   00000C   E0           MOVX    A,@DPTR
   \   00000D   F4           CPL     A
   \   00000E   7005         JNZ     ??zclSendMsg_0
   3326              return ( TRUE );
   \                     ??zclSendMsg_1:
   \   000010   7901         MOV     R1,#0x1
   \   000012   02....       LJMP    ?Subroutine5 & 0xFFFF
   3327            
   3328            pCmd = (zclIncomingMsg_t *)osal_msg_allocate( sizeof ( zclIncomingMsg_t ) );
   \                     ??zclSendMsg_0:
   \   000015                ; Setup parameters for call to function osal_msg_allocate
   \   000015   7A18         MOV     R2,#0x18
   \   000017   7B00         MOV     R3,#0x0
   \   000019   12....       LCALL   ??osal_msg_allocate?relay
   3329            if ( pCmd != NULL )
   \   00001C   EA           MOV     A,R2
   \   00001D   4B           ORL     A,R3
   \   00001E   60F0         JZ      ??zclSendMsg_1
   3330            {
   3331              // fill in the message
   3332              pCmd->hdr.event = ZCL_INCOMING_MSG;
   \   000020   8A82         MOV     DPL,R2
   \   000022   8B83         MOV     DPH,R3
   \   000024   7434         MOV     A,#0x34
   \   000026   12....       LCALL   ?Subroutine38 & 0xFFFF
   3333              pCmd->zclHdr    = pInMsg->hdr;
   \                     ??CrossCallReturnLabel_57:
   \   000029   A3           INC     DPTR
   \   00002A   EA           MOV     A,R2
   \   00002B   2402         ADD     A,#0x2
   \   00002D   FC           MOV     R4,A
   \   00002E   EB           MOV     A,R3
   \   00002F   3400         ADDC    A,#0x0
   \   000031   FD           MOV     R5,A
   \   000032   7406         MOV     A,#0x6
   \   000034   12....       LCALL   ?MOVE_LONG8_XDATA_XDATA
   3334              pCmd->clusterId = pInMsg->msg->clusterId;
   \   000037   8E82         MOV     DPL,R6
   \   000039   8F83         MOV     DPH,R7
   \   00003B   12....       LCALL   ?Subroutine87 & 0xFFFF
   \                     ??CrossCallReturnLabel_163:
   \   00003E   F8           MOV     R0,A
   \   00003F   A3           INC     DPTR
   \   000040   E0           MOVX    A,@DPTR
   \   000041   F9           MOV     R1,A
   \   000042   8A82         MOV     DPL,R2
   \   000044   8B83         MOV     DPH,R3
   \   000046   A3           INC     DPTR
   \   000047   A3           INC     DPTR
   \   000048   A3           INC     DPTR
   \   000049   A3           INC     DPTR
   \   00004A   A3           INC     DPTR
   \   00004B   A3           INC     DPTR
   \   00004C   A3           INC     DPTR
   \   00004D   A3           INC     DPTR
   \   00004E   E8           MOV     A,R0
   \   00004F   12....       LCALL   ??Subroutine256_0 & 0xFFFF
   3335              pCmd->srcAddr   = pInMsg->msg->srcAddr;
   \                     ??CrossCallReturnLabel_638:
   \   000052   12....       LCALL   ?Subroutine73 & 0xFFFF
   \                     ??CrossCallReturnLabel_628:
   \   000055   EA           MOV     A,R2
   \   000056   240A         ADD     A,#0xa
   \   000058   FC           MOV     R4,A
   \   000059   EB           MOV     A,R3
   \   00005A   3400         ADDC    A,#0x0
   \   00005C   FD           MOV     R5,A
   \   00005D   740C         MOV     A,#0xc
   \   00005F   12....       LCALL   ?MOVE_LONG8_XDATA_XDATA
   3336              pCmd->attrCmd   = pInMsg->attrCmd;
   \   000062   EE           MOV     A,R6
   \   000063   240B         ADD     A,#0xb
   \   000065   F8           MOV     R0,A
   \   000066   EF           MOV     A,R7
   \   000067   12....       LCALL   ?Subroutine175 & 0xFFFF
   \                     ??CrossCallReturnLabel_292:
   \   00006A   12....       LCALL   ??Subroutine250_0 & 0xFFFF
   \                     ??CrossCallReturnLabel_597:
   \   00006D   EA           MOV     A,R2
   \   00006E   2416         ADD     A,#0x16
   \   000070   F582         MOV     DPL,A
   \   000072   EB           MOV     A,R3
   \   000073   12....       LCALL   ??Subroutine254_0 & 0xFFFF
   \                     ??CrossCallReturnLabel_623:
   \   000076   EC           MOV     A,R4
   \   000077   F0           MOVX    @DPTR,A
   \   000078   A3           INC     DPTR
   \   000079   ED           MOV     A,R5
   \   00007A   12....       LCALL   ?Subroutine182 & 0xFFFF
   3337              
   3338              // Application will free the attrCmd buffer
   3339              pInMsg->attrCmd = NULL;
   \                     ??CrossCallReturnLabel_404:
   \   00007D   E4           CLR     A
   \   00007E   F0           MOVX    @DPTR,A
   \   00007F   A3           INC     DPTR
   \   000080   F0           MOVX    @DPTR,A
   3340              
   3341              /* send message through task message */
   3342              osal_msg_send( zcl_RegisteredMsgTaskID, (uint8 *)pCmd );
   \   000081                ; Setup parameters for call to function osal_msg_send
   \   000081   90....       MOV     DPTR,#zcl_RegisteredMsgTaskID
   \   000084   E0           MOVX    A,@DPTR
   \   000085   F9           MOV     R1,A
   \   000086   12....       LCALL   ??osal_msg_send?relay
   \   000089   8085         SJMP    ??zclSendMsg_1
   3343            }
   3344            
   3345            return ( TRUE );
   3346          }

   \                                 In  segment XDATA_ID, align 1, keep-with-next
   \                     `?<Initializer for zcl_RegisteredMsgTaskID>`:
   \   000000   FF           DB 255

   \                                 In  segment BANK_RELAYS, align 1
   \                     ??zcl_Init?relay:
   \   000000   12....       LCALL   ?BDISPATCH
   \   000003   ......       DC24    zcl_Init

   \                                 In  segment BANK_RELAYS, align 1
   \                     ??zcl_event_loop?relay:
   \   000000   12....       LCALL   ?BDISPATCH
   \   000003   ......       DC24    zcl_event_loop

   \                                 In  segment BANK_RELAYS, align 1
   \                     ??zcl_registerPlugin?relay:
   \   000000   12....       LCALL   ?BDISPATCH
   \   000003   ......       DC24    zcl_registerPlugin

   \                                 In  segment BANK_RELAYS, align 1
   \                     ??zcl_registerAttrList?relay:
   \   000000   12....       LCALL   ?BDISPATCH
   \   000003   ......       DC24    zcl_registerAttrList

   \                                 In  segment BANK_RELAYS, align 1
   \                     ??zcl_registerClusterOptionList?relay:
   \   000000   12....       LCALL   ?BDISPATCH
   \   000003   ......       DC24    zcl_registerClusterOptionList

   \                                 In  segment BANK_RELAYS, align 1
   \                     ??zcl_registerValidateAttrData?relay:
   \   000000   12....       LCALL   ?BDISPATCH
   \   000003   ......       DC24    zcl_registerValidateAttrData

   \                                 In  segment BANK_RELAYS, align 1
   \                     ??zcl_registerForMsg?relay:
   \   000000   12....       LCALL   ?BDISPATCH
   \   000003   ......       DC24    zcl_registerForMsg

   \                                 In  segment BANK_RELAYS, align 1
   \                     ??zcl_DeviceOperational?relay:
   \   000000   12....       LCALL   ?BDISPATCH
   \   000003   ......       DC24    zcl_DeviceOperational

   \                                 In  segment BANK_RELAYS, align 1
   \                     ??zcl_SendCommand?relay:
   \   000000   12....       LCALL   ?BDISPATCH
   \   000003   ......       DC24    zcl_SendCommand

   \                                 In  segment BANK_RELAYS, align 1
   \                     ??zcl_SendRead?relay:
   \   000000   12....       LCALL   ?BDISPATCH
   \   000003   ......       DC24    zcl_SendRead

   \                                 In  segment BANK_RELAYS, align 1
   \                     ??zcl_SendReadRsp?relay:
   \   000000   12....       LCALL   ?BDISPATCH
   \   000003   ......       DC24    zcl_SendReadRsp

   \                                 In  segment BANK_RELAYS, align 1
   \                     ??zcl_SendWriteRequest?relay:
   \   000000   12....       LCALL   ?BDISPATCH
   \   000003   ......       DC24    zcl_SendWriteRequest

   \                                 In  segment BANK_RELAYS, align 1
   \                     ??zcl_SendWriteRsp?relay:
   \   000000   12....       LCALL   ?BDISPATCH
   \   000003   ......       DC24    zcl_SendWriteRsp

   \                                 In  segment BANK_RELAYS, align 1
   \                     ??zcl_SendConfigReportCmd?relay:
   \   000000   12....       LCALL   ?BDISPATCH
   \   000003   ......       DC24    zcl_SendConfigReportCmd

   \                                 In  segment BANK_RELAYS, align 1
   \                     ??zcl_SendConfigReportRspCmd?relay:
   \   000000   12....       LCALL   ?BDISPATCH
   \   000003   ......       DC24    zcl_SendConfigReportRspCmd

   \                                 In  segment BANK_RELAYS, align 1
   \                     ??zcl_SendReadReportCfgCmd?relay:
   \   000000   12....       LCALL   ?BDISPATCH
   \   000003   ......       DC24    zcl_SendReadReportCfgCmd

   \                                 In  segment BANK_RELAYS, align 1
   \                     ??zcl_SendReadReportCfgRspCmd?relay:
   \   000000   12....       LCALL   ?BDISPATCH
   \   000003   ......       DC24    zcl_SendReadReportCfgRspCmd

   \                                 In  segment BANK_RELAYS, align 1
   \                     ??zcl_SendReportCmd?relay:
   \   000000   12....       LCALL   ?BDISPATCH
   \   000003   ......       DC24    zcl_SendReportCmd

   \                                 In  segment BANK_RELAYS, align 1
   \                     ??zcl_SendDefaultRspCmd?relay:
   \   000000   12....       LCALL   ?BDISPATCH
   \   000003   ......       DC24    zcl_SendDefaultRspCmd

   \                                 In  segment BANK_RELAYS, align 1
   \                     ??zclProcessMessageMSG?relay:
   \   000000   12....       LCALL   ?BDISPATCH
   \   000003   ......       DC24    zclProcessMessageMSG

   \                                 In  segment BANK_RELAYS, align 1
   \                     ??zclParseHdr?relay:
   \   000000   12....       LCALL   ?BDISPATCH
   \   000003   ......       DC24    zclParseHdr

   \                                 In  segment BANK_RELAYS, align 1
   \                     ??zclBuildHdr?relay:
   \   000000   12....       LCALL   ?BDISPATCH
   \   000003   ......       DC24    zclBuildHdr

   \                                 In  segment BANK_RELAYS, align 1
   \                     ??zclFindAttrRec?relay:
   \   000000   12....       LCALL   ?BDISPATCH
   \   000003   ......       DC24    zclFindAttrRec

   \                                 In  segment BANK_RELAYS, align 1
   \                     ??zclFindClusterOption?relay:
   \   000000   12....       LCALL   ?BDISPATCH
   \   000003   ......       DC24    zclFindClusterOption

   \                                 In  segment BANK_RELAYS, align 1
   \                     ??zclGetClusterOption?relay:
   \   000000   12....       LCALL   ?BDISPATCH
   \   000003   ......       DC24    zclGetClusterOption

   \                                 In  segment BANK_RELAYS, align 1
   \                     ??zclSetSecurityOption?relay:
   \   000000   12....       LCALL   ?BDISPATCH
   \   000003   ......       DC24    zclSetSecurityOption

   \                                 In  segment BANK_RELAYS, align 1
   \                     ??zclSerializeData?relay:
   \   000000   12....       LCALL   ?BDISPATCH
   \   000003   ......       DC24    zclSerializeData

   \                                 In  segment BANK_RELAYS, align 1
   \                     ??zclAnalogDataType?relay:
   \   000000   12....       LCALL   ?BDISPATCH
   \   000003   ......       DC24    zclAnalogDataType

   \                                 In  segment BANK_RELAYS, align 1
   \                     ??zcl_BuildAnalogData?relay:
   \   000000   12....       LCALL   ?BDISPATCH
   \   000003   ......       DC24    zcl_BuildAnalogData

   \                                 In  segment BANK_RELAYS, align 1
   \                     ??zclGetDataTypeLength?relay:
   \   000000   12....       LCALL   ?BDISPATCH
   \   000003   ......       DC24    zclGetDataTypeLength

   \                                 In  segment BANK_RELAYS, align 1
   \                     ??zclGetAttrDataLength?relay:
   \   000000   12....       LCALL   ?BDISPATCH
   \   000003   ......       DC24    zclGetAttrDataLength

   \                                 In  segment BANK_RELAYS, align 1
   \                     ??zclReadAttrData?relay:
   \   000000   12....       LCALL   ?BDISPATCH
   \   000003   ......       DC24    zclReadAttrData

   \                                 In  segment BANK_RELAYS, align 1
   \                     ??zclWriteAttrData?relay:
   \   000000   12....       LCALL   ?BDISPATCH
   \   000003   ......       DC24    zclWriteAttrData

   \                                 In  segment BANK_RELAYS, align 1
   \                     ??zclParseInReadCmd?relay:
   \   000000   12....       LCALL   ?BDISPATCH
   \   000003   ......       DC24    zclParseInReadCmd

   \                                 In  segment BANK_RELAYS, align 1
   \                     ??zclParseInReadRspCmd?relay:
   \   000000   12....       LCALL   ?BDISPATCH
   \   000003   ......       DC24    zclParseInReadRspCmd

   \                                 In  segment BANK_RELAYS, align 1
   \                     ??zclParseInWriteCmd?relay:
   \   000000   12....       LCALL   ?BDISPATCH
   \   000003   ......       DC24    zclParseInWriteCmd

   \                                 In  segment BANK_RELAYS, align 1
   \                     ??zclParseInWriteRspCmd?relay:
   \   000000   12....       LCALL   ?BDISPATCH
   \   000003   ......       DC24    zclParseInWriteRspCmd

   \                                 In  segment BANK_RELAYS, align 1
   \                     ??zclParseInConfigReportCmd?relay:
   \   000000   12....       LCALL   ?BDISPATCH
   \   000003   ......       DC24    zclParseInConfigReportCmd

   \                                 In  segment BANK_RELAYS, align 1
   \                     ??zclParseInConfigReportRspCmd?relay:
   \   000000   12....       LCALL   ?BDISPATCH
   \   000003   ......       DC24    zclParseInConfigReportRspCmd

   \                                 In  segment BANK_RELAYS, align 1
   \                     ??zclParseInReadReportCfgCmd?relay:
   \   000000   12....       LCALL   ?BDISPATCH
   \   000003   ......       DC24    zclParseInReadReportCfgCmd

   \                                 In  segment BANK_RELAYS, align 1
   \                     ??zclParseInReadReportCfgRspCmd?relay:
   \   000000   12....       LCALL   ?BDISPATCH
   \   000003   ......       DC24    zclParseInReadReportCfgRspCmd

   \                                 In  segment BANK_RELAYS, align 1
   \                     ??zclParseInReportCmd?relay:
   \   000000   12....       LCALL   ?BDISPATCH
   \   000003   ......       DC24    zclParseInReportCmd

   \                                 In  segment BANK_RELAYS, align 1
   \                     ??zclParseInDefaultRspCmd?relay:
   \   000000   12....       LCALL   ?BDISPATCH
   \   000003   ......       DC24    zclParseInDefaultRspCmd

   \                                 In  segment BANK_RELAYS, align 1
   \                     ??zclProcessInReadCmd?relay:
   \   000000   12....       LCALL   ?BDISPATCH
   \   000003   ......       DC24    zclProcessInReadCmd

   \                                 In  segment BANK_RELAYS, align 1
   \                     ??zclProcessInWriteCmd?relay:
   \   000000   12....       LCALL   ?BDISPATCH
   \   000003   ......       DC24    zclProcessInWriteCmd

   \                                 In  segment BANK_RELAYS, align 1
   \                     ??zclProcessInWriteUndividedCmd?relay:
   \   000000   12....       LCALL   ?BDISPATCH
   \   000003   ......       DC24    zclProcessInWriteUndividedCmd

   \                                 In  segment BANK_RELAYS, align 1
   \                     ??zclSendMsg?relay:
   \   000000   12....       LCALL   ?BDISPATCH
   \   000003   ......       DC24    zclSendMsg
   3347          
   3348          /*********************************************************************
   3349          *********************************************************************/

   Maximum stack usage in bytes:

     Function                      ISTACK PSTACK XSTACK
     --------                      ------ ------ ------
     zclAnalogDataType                 2      0     21
     zclBuildHdr                       1      0     51
     zclFindAttrRec                    0      0     60
     zclFindClusterOption              0      0     21
     zclGetAttrDataLength              0      0     51
       -> zclGetDataTypeLength         0      0     18
     zclGetClusterOption               0      0     49
       -> zclFindClusterOption         0      0     20
     zclGetDataTypeLength              2      0     21
     zclParseHdr                       1      0     47
       -> osal_memset                  0      0     24
     zclParseInConfigReportCmd         1      0     18
       -> zclAnalogDataType            0      0     36
       -> zclGetDataTypeLength         0      0     36
       -> osal_mem_alloc               0      0     36
       -> osal_memset                  0      0     36
       -> zclAnalogDataType            0      0     36
       -> zcl_BuildAnalogData          0      0     36
       -> zclGetDataTypeLength         0      0     36
     zclParseInConfigReportRspCmd      1      0     11
       -> osal_mem_alloc               0      0     22
     zclParseInDefaultRspCmd           1      0     10
       -> osal_mem_alloc               0      0     20
     zclParseInReadCmd                 1      0     12
       -> osal_mem_alloc               0      0     24
     zclParseInReadReportCfgCmd        1      0     12
       -> osal_mem_alloc               0      0     24
     zclParseInReadReportCfgRspCmd     1      0     18
       -> zclAnalogDataType            0      0     36
       -> zclGetDataTypeLength         0      0     36
       -> osal_mem_alloc               0      0     36
       -> zclAnalogDataType            0      0     36
       -> zcl_BuildAnalogData          0      0     36
       -> zclGetDataTypeLength         0      0     36
     zclParseInReadRspCmd              1      0     23
       -> zclGetAttrDataLength         0      0     40
       -> osal_mem_alloc               0      0     40
       -> zclGetAttrDataLength         0      0     40
       -> osal_memcpy                  0      0     46
     zclParseInReportCmd               1      0     23
       -> zclGetAttrDataLength         0      0     40
       -> osal_mem_alloc               0      0     40
       -> zclGetAttrDataLength         0      0     40
       -> osal_memcpy                  0      0     46
     zclParseInWriteCmd                1      0     23
       -> zclGetAttrDataLength         0      0     40
       -> osal_mem_alloc               0      0     40
       -> zclGetAttrDataLength         0      0     40
       -> osal_memcpy                  0      0     46
     zclParseInWriteRspCmd             1      0     16
       -> osal_mem_alloc               0      0     32
     zclProcessInReadCmd               1      0     33
       -> osal_mem_alloc               0      0     56
       -> zclFindAttrRec               0      0     60
       -> zcl_SendReadRsp              0      0     66
       -> osal_mem_free                0      0     56
     zclProcessInWriteCmd              1      0     37
       -> osal_mem_alloc               0      0     64
       -> zclFindAttrRec               0      0     68
       -> zclWriteAttrData             0      0     64
       -> zcl_SendWriteRsp             0      0     74
       -> osal_mem_free                0      0     64
     zclProcessInWriteUndividedCmd     1      0     47
       -> osal_mem_alloc               0      0     84
       -> zclGetAttrDataLength         0      0     84
       -> zclFindAttrRec               0      0     88
       -> osal_mem_alloc               0      0     84
       -> osal_mem_free                0      0     84
       -> zclGetAttrDataLength         0      0     84
       -> zclFindAttrRec               0      0     88
       -> zclReadAttrData              0      0     84
       -> zclWriteAttrData             0      0     84
       -> zclGetAttrDataLength         0      0     84
       -> osal_memcpy                  0      0     90
       -> zclFindAttrRec               0      0     88
       -> osal_mem_free                0      0     84
       -> zcl_SendWriteRsp             0      0     94
       -> osal_mem_free                0      0     84
     zclProcessMessageMSG              1      0     52
       -> zclParseHdr                  0      0     70
       -> afFindEndPointDesc           0      0     70
       -> zcl_DeviceOperational        0      0     74
       -> zclGetClusterOption          0      0     70
       -> zclSetSecurityOption         0      0     70
       -> zcl_SendDefaultRspCmd        0      0     80
       -> zclSetSecurityOption         0      0     70
       -> osal_mem_free                0      0     70
       -> zcl_SendDefaultRspCmd        0      0     80
     zclReadAttrData                   0      0     60
       -> zclGetAttrDataLength         0      0     30
       -> osal_memcpy                  0      0     36
     zclSendMsg                        0      0     10
       -> osal_msg_allocate            0      0     20
       -> osal_msg_send                0      0     20
     zclSerializeData                  1      0     41
       -> osal_buffer_uint32           0      0     40
       -> osal_memcpy                  0      0     38
       -> osal_memcpy                  0      0     38
       -> osal_memcpy                  0      0     38
       -> osal_memcpy                  0      0     38
     zclSetSecurityOption              0      0     45
       -> zclFindClusterOption         0      0     20
     zclWriteAttrData                  0      0     56
       -> zclGetAttrDataLength         0      0     22
       -> osal_memcpy                  0      0     28
     zcl_BuildAnalogData               1      0     27
       -> osal_build_uint32            0      0     18
       -> osal_build_uint32            0      0     18
     zcl_DeviceOperational             0      0     64
       -> zclFindAttrRec               0      0     46
       -> zclReadAttrData              0      0     42
     zcl_Init                          2      0      0
     zcl_SendCommand                   1      0     79
       -> osal_memcpy                  0      0     84
       -> afFindEndPointDesc           0      0     78
       -> zclGetClusterOption          0      0     78
       -> osal_memset                  0      0     78
       -> zcl_DeviceOperational        0      0     82
       -> osal_mem_alloc               0      0     78
       -> zclBuildHdr                  0      0     84
       -> osal_memcpy                  0      0     84
       -> AF_DataRequest               0      0     96
       -> osal_mem_free                0      0     78
     zcl_SendConfigReportCmd           1      0     36
       -> zclAnalogDataType            0      0     42
       -> zclGetDataTypeLength         0      0     42
       -> osal_mem_alloc               0      0     42
       -> zclAnalogDataType            0      0     42
       -> zclSerializeData             0      0     42
       -> zclGetDataTypeLength         0      0     42
       -> zcl_SendCommand              0      0     62
       -> osal_mem_free                0      0     42
     zcl_SendConfigReportRspCmd        1      0     36
       -> osal_mem_alloc               0      0     42
       -> zcl_SendCommand              0      0     62
       -> osal_mem_free                0      0     42
     zcl_SendDefaultRspCmd             1      0     63
       -> zcl_SendCommand              0      0     46
     zcl_SendRead                      1      0     36
       -> osal_mem_alloc               0      0     42
       -> zcl_SendCommand              0      0     62
       -> osal_mem_free                0      0     42
     zcl_SendReadReportCfgCmd          1      0     36
       -> osal_mem_alloc               0      0     42
       -> zcl_SendCommand              0      0     62
       -> osal_mem_free                0      0     42
     zcl_SendReadReportCfgRspCmd       1      0     36
       -> zclAnalogDataType            0      0     42
       -> zclGetDataTypeLength         0      0     42
       -> osal_mem_alloc               0      0     42
       -> zclAnalogDataType            0      0     42
       -> zclSerializeData             0      0     42
       -> zclGetDataTypeLength         0      0     42
       -> zcl_SendCommand              0      0     62
       -> osal_mem_free                0      0     42
     zcl_SendReadRsp                   1      0     64
       -> zclGetAttrDataLength         0      0     42
       -> osal_mem_alloc               0      0     42
       -> zclSerializeData             0      0     42
       -> zclGetAttrDataLength         0      0     42
       -> zcl_SendCommand              0      0     62
       -> osal_mem_free                0      0     42
     zcl_SendReportCmd                 1      0     36
       -> zclGetAttrDataLength         0      0     42
       -> osal_mem_alloc               0      0     42
       -> zclSerializeData             0      0     42
       -> zclGetAttrDataLength         0      0     42
       -> zcl_SendCommand              0      0     62
       -> osal_mem_free                0      0     42
     zcl_SendWriteRequest              1      0     37
       -> zclGetAttrDataLength         0      0     42
       -> osal_mem_alloc               0      0     42
       -> zclSerializeData             0      0     42
       -> zclGetAttrDataLength         0      0     42
       -> zcl_SendCommand              0      0     62
       -> osal_mem_free                0      0     42
     zcl_SendWriteRsp                  1      0     78
       -> osal_mem_alloc               0      0     42
       -> zcl_SendCommand              0      0     62
       -> osal_mem_free                0      0     42
     zcl_event_loop                    0      0     12
       -> osal_msg_receive             0      0     24
       -> zclProcessMessageMSG         0      0     24
       -> osal_msg_deallocate          0      0     24
       -> osal_msg_receive             0      0     24
       -> osal_msg_send                0      0     24
     zcl_registerAttrList              1      0     12
       -> osal_mem_alloc               0      0     24
     zcl_registerClusterOptionList     1      0     12
       -> osal_mem_alloc               0      0     24
     zcl_registerForMsg                2      0      0
     zcl_registerPlugin                0      0     16
       -> osal_mem_alloc               0      0     28
     zcl_registerValidateAttrData      2      0      0


   Segment part sizes:

     Function/Label                             Bytes
     --------------                             -----
     zcl_TaskID                                    1
     zcl_RegisteredMsgTaskID                       1
     zcl_ValidateAttrDataCB                        2
     zcl_SeqNum                                    1
     plugins                                       2
     attrList                                      2
     clusterOptionList                             2
     zcl_TransID                                   1
     zclCmdTable                                  56
     zcl_Init                                     31
     ?Subroutine0                                  7
     zcl_event_loop                               93
     ?Subroutine1                                  5
     zcl_registerPlugin                          105
     ?Subroutine42                                 4
     ?Subroutine136                                8
     ?Subroutine63                                 5
     ??Subroutine199_0                             6
     ?Subroutine39                                 8
     ?Subroutine133                               16
     ?Subroutine182                                6
     ?Subroutine190                                5
     ?Subroutine150                                6
     ?Subroutine148                                8
     zcl_registerAttrList                         51
     ?Subroutine115                               26
     ?Subroutine14                                21
     zcl_registerClusterOptionList                51
     zcl_registerValidateAttrData                 14
     ?Subroutine33                                 1
     ??Subroutine241_0                             5
     zcl_registerForMsg                           21
     zcl_DeviceOperational                       117
     zcl_SendCommand                             516
     ??Subroutine214_0                             3
     ??Subroutine215_0                             5
     ?Subroutine103                                8
     ?Subroutine98                                 4
     ?Subroutine85                                 7
     ??Subroutine222_0                             6
     ??Subroutine225_0                             4
     ?Subroutine157                                4
     ?Subroutine187                               10
     ?Subroutine88                                 6
     ??Subroutine228_0                             6
     ??Subroutine246_0                             6
     ?Subroutine162                                6
     ??Subroutine250_0                             4
     ?Subroutine161                                5
     zcl_SendRead                                224
     ?Subroutine138                                1
     ??Subroutine200_0                            11
     ?Subroutine23                                 8
     ?Subroutine7                                  7
     ?Subroutine55                                 6
     ?Subroutine54                                 6
     ?Subroutine53                                 8
     ?Subroutine18                                 8
     ?Subroutine108                                6
     ?Subroutine107                                6
     ?Subroutine83                                 6
     ?Subroutine169                               16
     ?Subroutine152                               12
     ?Subroutine151                                6
     zcl_SendReadRsp                             287
     ?Subroutine165                                1
     ??Subroutine201_0                             6
     ?Subroutine109                                6
     ??Subroutine202_0                             7
     ?Subroutine68                                14
     ?Subroutine159                                1
     ??Subroutine203_0                             5
     ?Subroutine41                                 1
     ??Subroutine204_0                             4
     ??Subroutine205_0                            13
     ??Subroutine208_0                            20
     ?Subroutine171                                9
     ??Subroutine212_0                             4
     ?Subroutine184                                8
     ?Subroutine195                                7
     ?Subroutine15                                21
     ?Subroutine153                                8
     ??Subroutine213_0                             6
     ?Subroutine193                               16
     ?Subroutine155                                9
     ?Subroutine189                                6
     ?Subroutine175                                4
     ?Subroutine94                                 4
     ?Subroutine144                               12
     ?Subroutine192                                9
     ?Subroutine197                                8
     zcl_SendWriteRequest                        185
     ?Subroutine112                                8
     ?Subroutine78                                 6
     ??Subroutine206_0                             7
     ?Subroutine132                                1
     ?Subroutine93                                10
     ?Subroutine59                                15
     ?Subroutine8                                 60
     ?Subroutine170                               15
     ?Subroutine137                               13
     ?Subroutine149                                4
     ?Subroutine185                               12
     zcl_SendWriteRsp                            197
     ?Subroutine58                                16
     ?Subroutine11                                45
     ?Subroutine173                               10
     zcl_SendConfigReportCmd                     328
     ?Subroutine113                                5
     ??Subroutine207_0                            13
     ?Subroutine20                                 3
     ?Subroutine119                               11
     ?Subroutine101                               12
     ?Subroutine99                                13
     ?Subroutine52                                 8
     ?Subroutine51                                25
     ?Subroutine160                                7
     ?Subroutine34                                12
     ?Subroutine26                                21
     ?Subroutine163                                7
     ?Subroutine21                                 7
     ?Subroutine16                                16
     ?Subroutine129                               19
     ?Subroutine168                                4
     ?Subroutine196                                9
     ??Subroutine234_0                             4
     ?Subroutine141                               10
     ?Subroutine176                               10
     ?Subroutine186                                7
     ?Subroutine139                                6
     ?Subroutine188                                2
     ??Subroutine252_0                             1
     ??Subroutine253_0                             6
     zcl_SendConfigReportRspCmd                  277
     ?Subroutine31                                 1
     ??Subroutine209_0                             1
     ??Subroutine210_0                             1
     ??Subroutine211_0                            10
     ?Subroutine121                                4
     ??Subroutine244_0                             6
     zcl_SendReadReportCfgCmd                    182
     zcl_SendReadReportCfgRspCmd                 327
     ?Subroutine75                                 6
     ?Subroutine122                                8
     ??Subroutine254_0                             5
     zcl_SendReportCmd                           182
     zcl_SendDefaultRspCmd                       164
     ?Subroutine3                                  5
     zclProcessMessageMSG                        992
     ?Subroutine126                               14
     ?Subroutine110                                7
     ?Subroutine105                               11
     ?Subroutine102                               11
     ?Subroutine100                               12
     ?Subroutine86                                11
     ?Subroutine80                                15
     ?Subroutine69                                 9
     ??Subroutine223_0                             4
     ?Subroutine177                               10
     ?Subroutine46                                 3
     ??Subroutine227_0                             2
     ?Subroutine118                                3
     ??Subroutine240_0                            10
     ?Subroutine191                                7
     ?Subroutine64                                 3
     ??Subroutine248_0                             2
     ??Subroutine249_0                             2
     ??Subroutine251_0                             4
     ?Subroutine142                                9
     zclParseHdr                                 208
     ??Subroutine216_0                             1
     ??Subroutine217_0                             5
     ?Subroutine36                                 4
     ?Subroutine131                                8
     ??Subroutine233_0                            10
     ??Subroutine238_0                             1
     ??Subroutine239_0                             5
     ??Subroutine243_0                             7
     ?Subroutine181                                5
     ?Subroutine198                               10
     ?Subroutine38                                 4
     ?Subroutine183                                7
     ?Subroutine106                               11
     ?Subroutine22                                 6
     ??Subroutine256_0                             4
     ?Subroutine135                               10
     zclBuildHdr                                  96
     ?Subroutine4                                  5
     ?Subroutine43                                 7
     ??Subroutine218_0                             5
     ?Subroutine35                                11
     zclFindAttrRec                              174
     ?Subroutine127                               10
     zclFindClusterOption                        121
     zclGetClusterOption                          28
     ?Subroutine5                                  5
     zclSetSecurityOption                         45
     zclSerializeData                            283
     ?Subroutine44                                10
     ?Subroutine81                                 4
     zclAnalogDataType                            37
     zcl_BuildAnalogData                         118
     zclGetDataTypeLength                        131
     zclGetAttrDataLength                         32
     zclReadAttrData                              76
     zclWriteAttrData                            101
     ?Subroutine111                                3
     ??Subroutine232_0                             4
     ?Subroutine104                                9
     ?Subroutine62                                22
     zclParseInReadCmd                            78
     ?Subroutine96                                 6
     ??Subroutine219_0                             4
     ?Subroutine95                                20
     ?Subroutine130                                4
     ?Subroutine178                                9
     ?Subroutine29                                 9
     zclParseInReadRspCmd                        215
     ?Subroutine6                                 13
     ?Subroutine123                                3
     ??Subroutine220_0                             8
     ??Subroutine221_0                             5
     ?Subroutine114                               10
     ?Subroutine92                                 6
     ??Subroutine224_0                             4
     ?Subroutine89                                 6
     ?Subroutine71                                 6
     ??Subroutine226_0                             6
     ??Subroutine229_0                            18
     ?Subroutine74                                10
     ?Subroutine66                                14
     ?Subroutine47                                16
     ??Subroutine230_0                            18
     ?Subroutine10                                28
     ?Subroutine167                                9
     ??Subroutine231_0                             1
     ?Subroutine116                                4
     ?Subroutine146                               14
     ??Subroutine236_0                             4
     ?Subroutine194                                9
     ?Subroutine179                                2
     ??Subroutine242_0                             7
     ?Subroutine134                               19
     ?Subroutine172                               21
     ?Subroutine32                                 8
     ?Subroutine174                               20
     ?Subroutine166                               11
     ?Subroutine143                                9
     ?Subroutine77                                 4
     ?Subroutine154                                4
     zclParseInWriteCmd                          115
     ?Subroutine120                                3
     ?Subroutine17                                 3
     ?Subroutine56                                18
     ?Subroutine9                                 49
     ?Subroutine158                                6
     zclParseInWriteRspCmd                       102
     ??Subroutine235_0                             4
     ?Subroutine12                                12
     ??Subroutine237_0                            10
     ?Subroutine2                                 11
     ?Subroutine25                                 6
     zclParseInConfigReportCmd                   302
     ?Subroutine164                                6
     ?Subroutine82                                 4
     ?Subroutine76                                10
     ?Subroutine65                                 9
     ?Subroutine125                               10
     ?Subroutine117                               13
     ?Subroutine84                                19
     ?Subroutine70                                25
     ?Subroutine67                                 7
     ?Subroutine180                               10
     ?Subroutine27                                13
     ?Subroutine24                                10
     ?Subroutine128                                1
     ?Subroutine19                                 8
     ?Subroutine140                               22
     ?Subroutine13                                17
     zclParseInConfigReportRspCmd                117
     ?Subroutine30                                 3
     ?Subroutine124                                4
     ?Subroutine37                                 9
     zclParseInReadReportCfgCmd                   79
     zclParseInReadReportCfgRspCmd               327
     zclParseInReportCmd                         115
     zclParseInDefaultRspCmd                      33
     ?Subroutine49                                 3
     zclProcessInReadCmd                         301
     ?Subroutine97                                10
     ??Subroutine245_0                             6
     ?Subroutine91                                 4
     ??Subroutine247_0                             8
     ?Subroutine147                                7
     ?Subroutine60                                 7
     ?Subroutine48                                36
     ?Subroutine156                               10
     zclProcessInWriteCmd                        411
     ?Subroutine28                                 8
     ?Subroutine79                                 7
     ?Subroutine61                                17
     ?Subroutine57                                37
     ?Subroutine50                                 9
     ?Subroutine87                                 4
     ?Subroutine145                                8
     ?Subroutine73                                 1
     ??Subroutine255_0                             4
     ?Subroutine40                                 3
     zclProcessInWriteUndividedCmd               788
     ?Subroutine90                                 7
     ?Subroutine72                                10
     ?Subroutine45                                 9
     zclSendMsg                                  139
     ?<Initializer for zcl_RegisteredMsgTaskID>    1
     ??zcl_Init?relay                              6
     ??zcl_event_loop?relay                        6
     ??zcl_registerPlugin?relay                    6
     ??zcl_registerAttrList?relay                  6
     ??zcl_registerClusterOptionList?relay         6
     ??zcl_registerValidateAttrData?relay          6
     ??zcl_registerForMsg?relay                    6
     ??zcl_DeviceOperational?relay                 6
     ??zcl_SendCommand?relay                       6
     ??zcl_SendRead?relay                          6
     ??zcl_SendReadRsp?relay                       6
     ??zcl_SendWriteRequest?relay                  6
     ??zcl_SendWriteRsp?relay                      6
     ??zcl_SendConfigReportCmd?relay               6
     ??zcl_SendConfigReportRspCmd?relay            6
     ??zcl_SendReadReportCfgCmd?relay              6
     ??zcl_SendReadReportCfgRspCmd?relay           6
     ??zcl_SendReportCmd?relay                     6
     ??zcl_SendDefaultRspCmd?relay                 6
     ??zclProcessMessageMSG?relay                  6
     ??zclParseHdr?relay                           6
     ??zclBuildHdr?relay                           6
     ??zclFindAttrRec?relay                        6
     ??zclFindClusterOption?relay                  6
     ??zclGetClusterOption?relay                   6
     ??zclSetSecurityOption?relay                  6
     ??zclSerializeData?relay                      6
     ??zclAnalogDataType?relay                     6
     ??zcl_BuildAnalogData?relay                   6
     ??zclGetDataTypeLength?relay                  6
     ??zclGetAttrDataLength?relay                  6
     ??zclReadAttrData?relay                       6
     ??zclWriteAttrData?relay                      6
     ??zclParseInReadCmd?relay                     6
     ??zclParseInReadRspCmd?relay                  6
     ??zclParseInWriteCmd?relay                    6
     ??zclParseInWriteRspCmd?relay                 6
     ??zclParseInConfigReportCmd?relay             6
     ??zclParseInConfigReportRspCmd?relay          6
     ??zclParseInReadReportCfgCmd?relay            6
     ??zclParseInReadReportCfgRspCmd?relay         6
     ??zclParseInReportCmd?relay                   6
     ??zclParseInDefaultRspCmd?relay               6
     ??zclProcessInReadCmd?relay                   6
     ??zclProcessInWriteCmd?relay                  6
     ??zclProcessInWriteUndividedCmd?relay         6
     ??zclSendMsg?relay                            6

 
 11 208 bytes in segment BANKED_CODE
    282 bytes in segment BANK_RELAYS
     56 bytes in segment CODE_C
      1 byte  in segment XDATA_I
      1 byte  in segment XDATA_ID
     11 bytes in segment XDATA_Z
 
 11 547 bytes of CODE  memory
     12 bytes of XDATA memory

Errors: none
Warnings: none
