###############################################################################
#                                                                             #
# IAR C/C++ Compiler V8.10.1.10194/W32 for 8051         09/May/2026  15:19:29 #
# Copyright 2004-2011 IAR Systems AB.                                         #
#                                                                             #
#    Core               =  plain                                              #
#    Code model         =  banked                                             #
#    Data model         =  large                                              #
#    Calling convention =  xdata reentrant                                    #
#    Constant location  =  data_rom                                           #
#    Dptr setup         =  1,16                                               #
#    Source file        =  D:\BaiduNetdiskDownload\ZIGBEE¿ª·¢Ì×¼þWiFiÄ£¿éMQTT #
#                          ×ÊÁÏV3.0\3.µ½»õ²âÊÔ´úÂë\Z-StackÍ¸´«\Components\sta #
#                          ck\zcl\zcl_se.c                                    #
#    Command line       =  -f D:\BaiduNetdiskDownload\ZIGBEE¿ª·¢Ì×¼þWiFiÄ£¿éM #
#                          QTT×ÊÁÏV3.0\3.µ½»õ²âÊÔ´úÂë\Z-StackÍ¸´«\Projects\zs #
#                          tack\SE\SampleApp\CC2530DB\..\..\..\Tools\CC2530DB #
#                          \f8wCoord.cfg (-DCPU32MHZ -DROOT=__near_func       #
#                          -DMAC_CFG_APP_PENDING_QUEUE=TRUE                   #
#                          -DZDO_COORDINATOR -DRTR_NWK -DBLINK_LEDS) -f       #
#                          D:\BaiduNetdiskDownload\ZIGBEE¿ª·¢Ì×¼þWiFiÄ£¿éMQTT #
#                          ×ÊÁÏV3.0\3.µ½»õ²âÊÔ´úÂë\Z-StackÍ¸´«\Projects\zstac #
#                          k\SE\SampleApp\CC2530DB\..\..\..\Tools\CC2530DB\f8 #
#                          wConfig.cfg (-DSECURE=0 -DZG_SECURE_DYNAMIC=0      #
#                          -DREFLECTOR -DDEFAULT_CHANLIST=0x00000800          #
#                          -DZDAPP_CONFIG_PAN_ID=0x1223                       #
#                          -DNWK_START_DELAY=100 -DEXTENDED_JOINING_RANDOM_MA #
#                          SK=0x007F -DBEACON_REQUEST_DELAY=100               #
#                          -DBEACON_REQ_DELAY_MASK=0x00FF                     #
#                          -DROUTE_EXPIRY_TIME=30 -DAPSC_ACK_WAIT_DURATION_PO #
#                          LLED=3000 -DNWK_INDIRECT_MSG_TIMEOUT=7             #
#                          -DMAX_RREQ_ENTRIES=8 -DAPSC_MAX_FRAME_RETRIES=3    #
#                          -DNWK_MAX_DATA_RETRIES=2                           #
#                          -DMAX_POLL_FAILURE_RETRIES=2 -DMAX_BCAST=9         #
#                          -DAPS_MAX_GROUPS=16 -DMAX_RTG_ENTRIES=40           #
#                          -DNWK_MAX_BINDING_ENTRIES=4                        #
#                          -DMAX_BINDING_CLUSTER_IDS=4 "-DDEFAULT_KEY={0x01,  #
#                          0x03, 0x05, 0x07, 0x09, 0x0B, 0x0D, 0x0F, 0x00,    #
#                          0x02, 0x04, 0x06, 0x08, 0x0A, 0x0C, 0x0D}"         #
#                          -DMAC_MAX_FRAME_SIZE=116 "-DCONST=const __code"    #
#                          -DGENERIC=__generic -DRFD_RCVC_ALWAYS_ON=FALSE     #
#                          -DPOLL_RATE=1000 -DQUEUED_POLL_RATE=100            #
#                          -DRESPONSE_POLL_RATE=100 -DREJOIN_POLL_RATE=440)   #
#                          -f D:\BaiduNetdiskDownload\ZIGBEE¿ª·¢Ì×¼þWiFiÄ£¿éM #
#                          QTT×ÊÁÏV3.0\3.µ½»õ²âÊÔ´úÂë\Z-StackÍ¸´«\Projects\zs #
#                          tack\SE\SampleApp\CC2530DB\..\..\..\Tools\CC2530DB #
#                          \f8wZCL.cfg (-DZCL_READ -DZCL_WRITE -DZCL_BASIC    #
#                          -DZCL_IDENTIFY -DZCL_ON_OFF -DZCL_KEY_ESTABLISH    #
#                          -DZCL_LOAD_CONTROL -DZCL_SIMPLE_METERING           #
#                          -DZCL_PRICING) -DZCL_MESSAGE                       #
#                          D:\BaiduNetdiskDownload\ZIGBEE¿ª·¢Ì×¼þWiFiÄ£¿éMQTT #
#                          ×ÊÁÏV3.0\3.µ½»õ²âÊÔ´úÂë\Z-StackÍ¸´«\Components\sta #
#                          ck\zcl\zcl_se.c -D ZIGBEEPRO -D SE_PROFILE -D      #
#                          ZTOOL_P1 -D MT_TASK -D MT_APP_FUNC -D MT_SYS_FUNC  #
#                          -D LCD_SUPPORTED -D INT_HEAP_LEN=2450 -D NV_INIT   #
#                          -D xNV_RESTORE -D ZCL_REPORT -lC                   #
#                          "D:\BaiduNetdiskDownload\ZIGBEE¿ª·¢Ì×¼þWiFiÄ£¿éMQT #
#                          T×ÊÁÏV3.0\3.µ½»õ²âÊÔ´úÂë\Z-StackÍ¸´«\Projects\zsta #
#                          ck\SE\SampleApp\CC2530DB\ESP - Coordinator\List\"  #
#                          -lA "D:\BaiduNetdiskDownload\ZIGBEE¿ª·¢Ì×¼þWiFiÄ£¿ #
#                          éMQTT×ÊÁÏV3.0\3.µ½»õ²âÊÔ´úÂë\Z-StackÍ¸´«\Projects\ #
#                          zstack\SE\SampleApp\CC2530DB\ESP -                 #
#                          Coordinator\List\" --diag_suppress Pe001,Pa010 -o  #
#                          "D:\BaiduNetdiskDownload\ZIGBEE¿ª·¢Ì×¼þWiFiÄ£¿éMQT #
#                          T×ÊÁÏV3.0\3.µ½»õ²âÊÔ´úÂë\Z-StackÍ¸´«\Projects\zsta #
#                          ck\SE\SampleApp\CC2530DB\ESP - Coordinator\Obj\"   #
#                          -e --debug --core=plain --dptr=16,1                #
#                          --data_model=large --code_model=banked             #
#                          --calling_convention=xdata_reentrant               #
#                          --place_constants=data_rom --nr_virtual_regs 8 -I  #
#                          D:\BaiduNetdiskDownload\ZIGBEE¿ª·¢Ì×¼þWiFiÄ£¿éMQTT #
#                          ×ÊÁÏV3.0\3.µ½»õ²âÊÔ´úÂë\Z-StackÍ¸´«\Projects\zstac #
#                          k\SE\SampleApp\CC2530DB\ -I                        #
#                          D:\BaiduNetdiskDownload\ZIGBEE¿ª·¢Ì×¼þWiFiÄ£¿éMQTT #
#                          ×ÊÁÏV3.0\3.µ½»õ²âÊÔ´úÂë\Z-StackÍ¸´«\Projects\zstac #
#                          k\SE\SampleApp\CC2530DB\..\SOURCE\ -I              #
#                          D:\BaiduNetdiskDownload\ZIGBEE¿ª·¢Ì×¼þWiFiÄ£¿éMQTT #
#                          ×ÊÁÏV3.0\3.µ½»õ²âÊÔ´úÂë\Z-StackÍ¸´«\Projects\zstac #
#                          k\SE\SampleApp\CC2530DB\..\..\SOURCE\ -I           #
#                          D:\BaiduNetdiskDownload\ZIGBEE¿ª·¢Ì×¼þWiFiÄ£¿éMQTT #
#                          ×ÊÁÏV3.0\3.µ½»õ²âÊÔ´úÂë\Z-StackÍ¸´«\Projects\zstac #
#                          k\SE\SampleApp\CC2530DB\..\..\..\ZMAIN\TI2530DB\   #
#                          -I D:\BaiduNetdiskDownload\ZIGBEE¿ª·¢Ì×¼þWiFiÄ£¿éM #
#                          QTT×ÊÁÏV3.0\3.µ½»õ²âÊÔ´úÂë\Z-StackÍ¸´«\Projects\zs #
#                          tack\SE\SampleApp\CC2530DB\..\..\..\..\..\COMPONEN #
#                          TS\MT\ -I D:\BaiduNetdiskDownload\ZIGBEE¿ª·¢Ì×¼þWi #
#                          FiÄ£¿éMQTT×ÊÁÏV3.0\3.µ½»õ²âÊÔ´úÂë\Z-StackÍ¸´«\Proj #
#                          ects\zstack\SE\SampleApp\CC2530DB\..\..\..\..\..\C #
#                          OMPONENTS\HAL\INCLUDE\ -I                          #
#                          D:\BaiduNetdiskDownload\ZIGBEE¿ª·¢Ì×¼þWiFiÄ£¿éMQTT #
#                          ×ÊÁÏV3.0\3.µ½»õ²âÊÔ´úÂë\Z-StackÍ¸´«\Projects\zstac #
#                          k\SE\SampleApp\CC2530DB\..\..\..\..\..\COMPONENTS\ #
#                          HAL\TARGET\CC2530EB\ -I D:\BaiduNetdiskDownload\ZI #
#                          GBEE¿ª·¢Ì×¼þWiFiÄ£¿éMQTT×ÊÁÏV3.0\3.µ½»õ²âÊÔ´úÂë\Z- #
#                          StackÍ¸´«\Projects\zstack\SE\SampleApp\CC2530DB\.. #
#                          \..\..\..\..\COMPONENTS\OSAL\MCU\CCSOC\ -I         #
#                          D:\BaiduNetdiskDownload\ZIGBEE¿ª·¢Ì×¼þWiFiÄ£¿éMQTT #
#                          ×ÊÁÏV3.0\3.µ½»õ²âÊÔ´úÂë\Z-StackÍ¸´«\Projects\zstac #
#                          k\SE\SampleApp\CC2530DB\..\..\..\..\..\COMPONENTS\ #
#                          OSAL\INCLUDE\ -I D:\BaiduNetdiskDownload\ZIGBEE¿ª· #
#                          ¢Ì×¼þWiFiÄ£¿éMQTT×ÊÁÏV3.0\3.µ½»õ²âÊÔ´úÂë\Z-StackÍ¸ #
#                          ´«\Projects\zstack\SE\SampleApp\CC2530DB\..\..\..\ #
#                          ..\..\COMPONENTS\STACK\AF\ -I                      #
#                          D:\BaiduNetdiskDownload\ZIGBEE¿ª·¢Ì×¼þWiFiÄ£¿éMQTT #
#                          ×ÊÁÏV3.0\3.µ½»õ²âÊÔ´úÂë\Z-StackÍ¸´«\Projects\zstac #
#                          k\SE\SampleApp\CC2530DB\..\..\..\..\..\COMPONENTS\ #
#                          STACK\NWK\ -I D:\BaiduNetdiskDownload\ZIGBEE¿ª·¢Ì× #
#                          ¼þWiFiÄ£¿éMQTT×ÊÁÏV3.0\3.µ½»õ²âÊÔ´úÂë\Z-StackÍ¸´«\ #
#                          Projects\zstack\SE\SampleApp\CC2530DB\..\..\..\..\ #
#                          ..\COMPONENTS\STACK\SEC\ -I                        #
#                          D:\BaiduNetdiskDownload\ZIGBEE¿ª·¢Ì×¼þWiFiÄ£¿éMQTT #
#                          ×ÊÁÏV3.0\3.µ½»õ²âÊÔ´úÂë\Z-StackÍ¸´«\Projects\zstac #
#                          k\SE\SampleApp\CC2530DB\..\..\..\..\..\COMPONENTS\ #
#                          STACK\SAPI\ -I D:\BaiduNetdiskDownload\ZIGBEE¿ª·¢Ì #
#                          ×¼þWiFiÄ£¿éMQTT×ÊÁÏV3.0\3.µ½»õ²âÊÔ´úÂë\Z-StackÍ¸´« #
#                          \Projects\zstack\SE\SampleApp\CC2530DB\..\..\..\.. #
#                          \..\COMPONENTS\STACK\SYS\ -I                       #
#                          D:\BaiduNetdiskDownload\ZIGBEE¿ª·¢Ì×¼þWiFiÄ£¿éMQTT #
#                          ×ÊÁÏV3.0\3.µ½»õ²âÊÔ´úÂë\Z-StackÍ¸´«\Projects\zstac #
#                          k\SE\SampleApp\CC2530DB\..\..\..\..\..\COMPONENTS\ #
#                          STACK\ZCL\ -I D:\BaiduNetdiskDownload\ZIGBEE¿ª·¢Ì× #
#                          ¼þWiFiÄ£¿éMQTT×ÊÁÏV3.0\3.µ½»õ²âÊÔ´úÂë\Z-StackÍ¸´«\ #
#                          Projects\zstack\SE\SampleApp\CC2530DB\..\..\..\..\ #
#                          ..\COMPONENTS\STACK\ZDO\ -I                        #
#                          D:\BaiduNetdiskDownload\ZIGBEE¿ª·¢Ì×¼þWiFiÄ£¿éMQTT #
#                          ×ÊÁÏV3.0\3.µ½»õ²âÊÔ´úÂë\Z-StackÍ¸´«\Projects\zstac #
#                          k\SE\SampleApp\CC2530DB\..\..\..\..\..\COMPONENTS\ #
#                          ZMAC\F8W\ -I D:\BaiduNetdiskDownload\ZIGBEE¿ª·¢Ì×¼ #
#                          þWiFiÄ£¿éMQTT×ÊÁÏV3.0\3.µ½»õ²âÊÔ´úÂë\Z-StackÍ¸´«\P #
#                          rojects\zstack\SE\SampleApp\CC2530DB\..\..\..\..\. #
#                          .\COMPONENTS\ZMAC\ -I D:\BaiduNetdiskDownload\ZIGB #
#                          EE¿ª·¢Ì×¼þWiFiÄ£¿éMQTT×ÊÁÏV3.0\3.µ½»õ²âÊÔ´úÂë\Z-St #
#                          ackÍ¸´«\Projects\zstack\SE\SampleApp\CC2530DB\..\. #
#                          .\..\..\..\COMPONENTS\SERVICES\SADDR\ -I           #
#                          D:\BaiduNetdiskDownload\ZIGBEE¿ª·¢Ì×¼þWiFiÄ£¿éMQTT #
#                          ×ÊÁÏV3.0\3.µ½»õ²âÊÔ´úÂë\Z-StackÍ¸´«\Projects\zstac #
#                          k\SE\SampleApp\CC2530DB\..\..\..\..\..\COMPONENTS\ #
#                          SERVICES\SDATA\ -I D:\BaiduNetdiskDownload\ZIGBEE¿ #
#                          ª·¢Ì×¼þWiFiÄ£¿éMQTT×ÊÁÏV3.0\3.µ½»õ²âÊÔ´úÂë\Z-Stack #
#                          Í¸´«\Projects\zstack\SE\SampleApp\CC2530DB\..\..\. #
#                          .\..\..\COMPONENTS\MAC\INCLUDE\ -I                 #
#                          D:\BaiduNetdiskDownload\ZIGBEE¿ª·¢Ì×¼þWiFiÄ£¿éMQTT #
#                          ×ÊÁÏV3.0\3.µ½»õ²âÊÔ´úÂë\Z-StackÍ¸´«\Projects\zstac #
#                          k\SE\SampleApp\CC2530DB\..\..\..\..\..\COMPONENTS\ #
#                          MAC\HIGH_LEVEL\ -I D:\BaiduNetdiskDownload\ZIGBEE¿ #
#                          ª·¢Ì×¼þWiFiÄ£¿éMQTT×ÊÁÏV3.0\3.µ½»õ²âÊÔ´úÂë\Z-Stack #
#                          Í¸´«\Projects\zstack\SE\SampleApp\CC2530DB\..\..\. #
#                          .\..\..\COMPONENTS\MAC\LOW_LEVEL\srf04\ -I         #
#                          D:\BaiduNetdiskDownload\ZIGBEE¿ª·¢Ì×¼þWiFiÄ£¿éMQTT #
#                          ×ÊÁÏV3.0\3.µ½»õ²âÊÔ´úÂë\Z-StackÍ¸´«\Projects\zstac #
#                          k\SE\SampleApp\CC2530DB\..\..\..\..\..\COMPONENTS\ #
#                          MAC\LOW_LEVEL\srf04\SINGLE_CHIP\ -Ohz              #
#                          --require_prototypes                               #
#    List file          =  D:\BaiduNetdiskDownload\ZIGBEE¿ª·¢Ì×¼þWiFiÄ£¿éMQTT #
#                          ×ÊÁÏV3.0\3.µ½»õ²âÊÔ´úÂë\Z-StackÍ¸´«\Projects\zstac #
#                          k\SE\SampleApp\CC2530DB\ESP -                      #
#                          Coordinator\List\zcl_se.lst                        #
#    Object file        =  D:\BaiduNetdiskDownload\ZIGBEE¿ª·¢Ì×¼þWiFiÄ£¿éMQTT #
#                          ×ÊÁÏV3.0\3.µ½»õ²âÊÔ´úÂë\Z-StackÍ¸´«\Projects\zstac #
#                          k\SE\SampleApp\CC2530DB\ESP -                      #
#                          Coordinator\Obj\zcl_se.r51                         #
#                                                                             #
#                                                                             #
###############################################################################

D:\BaiduNetdiskDownload\ZIGBEE¿ª·¢Ì×¼þWiFiÄ£¿éMQTT×ÊÁÏV3.0\3.µ½»õ²âÊÔ´úÂë\Z-StackÍ¸´«\Components\stack\zcl\zcl_se.c
      1          /**************************************************************************************************
      2            Filename:       zcl_se.c
      3            Revised:        $Date: 2007-07-31 09:16:11 -0700 (Tue, 31 Jul 2007) $
      4            Revision:       $Revision: 14985 $
      5          
      6            Description:    Zigbee Cluster Library - SE (Smart Energy) Profile.
      7          
      8          
      9            Copyright 2007-2009 Texas Instruments Incorporated. All rights reserved.
     10          
     11            IMPORTANT: Your use of this Software is limited to those specific rights
     12            granted under the terms of a software license agreement between the user
     13            who downloaded the software, his/her employer (which must be your employer)
     14            and Texas Instruments Incorporated (the "License").  You may not use this
     15            Software unless you agree to abide by the terms of the License. The License
     16            limits your use, and you acknowledge, that the Software may not be modified,
     17            copied or distributed unless embedded on a Texas Instruments microcontroller
     18            or used solely and exclusively in conjunction with a Texas Instruments radio
     19            frequency transceiver, which is integrated into your product.  Other than for
     20            the foregoing purpose, you may not use, reproduce, copy, prepare derivative
     21            works of, modify, distribute, perform, display or sell this Software and/or
     22            its documentation for any purpose.
     23          
     24            YOU FURTHER ACKNOWLEDGE AND AGREE THAT THE SOFTWARE AND DOCUMENTATION ARE
     25            PROVIDED “AS IS?WITHOUT WARRANTY OF ANY KIND, EITHER EXPRESS OR IMPLIED, 
     26            INCLUDING WITHOUT LIMITATION, ANY WARRANTY OF MERCHANTABILITY, TITLE, 
     27            NON-INFRINGEMENT AND FITNESS FOR A PARTICULAR PURPOSE. IN NO EVENT SHALL
     28            TEXAS INSTRUMENTS OR ITS LICENSORS BE LIABLE OR OBLIGATED UNDER CONTRACT,
     29            NEGLIGENCE, STRICT LIABILITY, CONTRIBUTION, BREACH OF WARRANTY, OR OTHER
     30            LEGAL EQUITABLE THEORY ANY DIRECT OR INDIRECT DAMAGES OR EXPENSES
     31            INCLUDING BUT NOT LIMITED TO ANY INCIDENTAL, SPECIAL, INDIRECT, PUNITIVE
     32            OR CONSEQUENTIAL DAMAGES, LOST PROFITS OR LOST DATA, COST OF PROCUREMENT
     33            OF SUBSTITUTE GOODS, TECHNOLOGY, SERVICES, OR ANY CLAIMS BY THIRD PARTIES
     34            (INCLUDING BUT NOT LIMITED TO ANY DEFENSE THEREOF), OR OTHER SIMILAR COSTS.
     35          
     36            Should you have any questions regarding your right to use this Software,
     37            contact Texas Instruments Incorporated at www.TI.com. 
     38          **************************************************************************************************/
     39          
     40          
     41          /*********************************************************************
     42           * INCLUDES
     43           */
     44          #include "ZComDef.h"
     45          #include "OSAL.h"
     46          #include "zcl.h"
     47          #include "zcl_general.h"
     48          #include "zcl_se.h"
     49          #include "DebugTrace.h"
     50          
     51          #if defined ( INTER_PAN )
     52            #include "stub_aps.h"
     53          #endif
     54          
     55          
     56          #include "zcl_key_establish.h"
     57          
     58          
     59          /*********************************************************************
     60           * MACROS
     61           */
     62          // Clusters that are supported thru Inter-PAN communication
     63          #define INTER_PAN_CLUSTER( id )  ( (id) == ZCL_CLUSTER_ID_SE_PRICING || \
     64                                             (id) == ZCL_CLUSTER_ID_SE_MESSAGE )
     65          
     66          /*********************************************************************
     67           * CONSTANTS
     68           */
     69          
     70          /*********************************************************************
     71           * TYPEDEFS
     72           */
     73          typedef struct zclSECBRec
     74          {
     75            struct zclSECBRec          *next;
     76            uint8                       endpoint; // Used to link it into the endpoint descriptor
     77            zclSE_AppCallbacks_t       *CBs;     // Pointer to Callback function
     78          } zclSECBRec_t;
     79          
     80          /*********************************************************************
     81           * GLOBAL VARIABLES
     82           */
     83          
     84          /*********************************************************************
     85           * GLOBAL FUNCTIONS
     86           */
     87          
     88          /*********************************************************************
     89           * LOCAL VARIABLES
     90           */

   \                                 In  segment XDATA_Z, align 1, keep-with-next
     91          static zclSECBRec_t *zclSECBs = (zclSECBRec_t *)NULL;
   \                     zclSECBs:
   \   000000                DS 2
   \   000002                REQUIRE __INIT_XDATA_Z

   \                                 In  segment XDATA_Z, align 1, keep-with-next
     92          static uint8 zclSEPluginRegisted = FALSE;
   \                     zclSEPluginRegisted:
   \   000000                DS 1
   \   000001                REQUIRE __INIT_XDATA_Z
     93          
     94          /*********************************************************************
     95           * LOCAL FUNCTIONS
     96           */
     97          
     98          static ZStatus_t zclSE_HdlIncoming(  zclIncoming_t *pInMsg );
     99          static ZStatus_t zclSE_HdlInSpecificCommands( zclIncoming_t *pInMsg );
    100          
    101          #ifdef ZCL_SIMPLE_METERING
    102          static ZStatus_t zclSE_ProcessInSimpleMeteringCmds( zclIncoming_t *pInMsg, zclSE_AppCallbacks_t *pCBs );
    103          static ZStatus_t zclSE_ProcessInCmd_SimpleMeter_GetProfileCmd( zclIncoming_t *pInMsg, zclSE_AppCallbacks_t *pCBs );
    104          static ZStatus_t zclSE_ProcessInCmd_SimpleMeter_GetProfileRsp( zclIncoming_t *pInMsg, zclSE_AppCallbacks_t *pCBs );
    105          static ZStatus_t zclSE_ProcessInCmd_SimpleMeter_ReqMirrorCmd( zclIncoming_t *pInMsg, zclSE_AppCallbacks_t *pCBs );
    106          static ZStatus_t zclSE_ProcessInCmd_SimpleMeter_ReqMirrorRsp( zclIncoming_t *pInMsg, zclSE_AppCallbacks_t *pCBs );
    107          static ZStatus_t zclSE_ProcessInCmd_SimpleMeter_MirrorRemCmd( zclIncoming_t *pInMsg, zclSE_AppCallbacks_t *pCBs );
    108          static ZStatus_t zclSE_ProcessInCmd_SimpleMeter_MirrorRemRsp( zclIncoming_t *pInMsg, zclSE_AppCallbacks_t *pCBs );
    109          #endif
    110          
    111          #ifdef ZCL_PRICING
    112          static ZStatus_t zclSE_ProcessInPricingCmds( zclIncoming_t *pInMsg, zclSE_AppCallbacks_t *pCBs );
    113          static ZStatus_t zclSE_ProcessInCmd_Pricing_GetCurrentPrice( zclIncoming_t *pInMsg, zclSE_AppCallbacks_t *pCBs );
    114          static ZStatus_t zclSE_ProcessInCmd_Pricing_GetScheduledPrice( zclIncoming_t *pInMsg, zclSE_AppCallbacks_t *pCBs );
    115          static ZStatus_t zclSE_ProcessInCmd_Pricing_PublishPrice( zclIncoming_t *pInMsg, zclSE_AppCallbacks_t *pCBs );
    116          #endif
    117          
    118          #ifdef ZCL_MESSAGE
    119          static ZStatus_t zclSE_ProcessInMessageCmds( zclIncoming_t *pInMsg, zclSE_AppCallbacks_t *pCBs );
    120          static ZStatus_t zclSE_ProcessInCmd_Message_DisplayMessage( zclIncoming_t *pInMsg, zclSE_AppCallbacks_t *pCBs );
    121          static ZStatus_t zclSE_ProcessInCmd_Message_CancelMessage( zclIncoming_t *pInMsg, zclSE_AppCallbacks_t *pCBs );
    122          static ZStatus_t zclSE_ProcessInCmd_Message_GetLastMessage( zclIncoming_t *pInMsg, zclSE_AppCallbacks_t *pCBs );
    123          static ZStatus_t zclSE_ProcessInCmd_Message_MessageConfirmation( zclIncoming_t *pInMsg, zclSE_AppCallbacks_t *pCBs );
    124          #endif
    125          
    126          #ifdef ZCL_LOAD_CONTROL
    127          static ZStatus_t zclSE_ProcessInLoadControlCmds( zclIncoming_t *pInMsg, zclSE_AppCallbacks_t *pCBs );
    128          static ZStatus_t zclSE_ProcessInCmd_LoadControl_LoadControlEvent( zclIncoming_t *pInMsg, zclSE_AppCallbacks_t *pCBs );
    129          static ZStatus_t zclSE_ProcessInCmd_LoadControl_CancelLoadControlEvent( zclIncoming_t *pInMsg, zclSE_AppCallbacks_t *pCBs );
    130          static ZStatus_t zclSE_ProcessInCmd_LoadControl_CancelAllLoadControlEvents( zclIncoming_t *pInMsg, zclSE_AppCallbacks_t *pCBs );
    131          static ZStatus_t zclSE_ProcessInCmd_LoadControl_ReportEventStatus( zclIncoming_t *pInMsg, zclSE_AppCallbacks_t *pCBs );
    132          static ZStatus_t zclSE_ProcessInCmd_LoadControl_GetScheduledEvents( zclIncoming_t *pInMsg,
    133                                                                              zclSE_AppCallbacks_t *pCBs );
    134          #endif
    135          
    136          #ifdef ZCL_SIMPLE_METERING
    137          /*********************************************************************
    138           * @fn      zclSE_SimpleMetering_Send_GetProfileCmd
    139           *
    140           * @brief   Call to send out a Get Profile Command
    141           *
    142           * @param   srcEP - Sending application's endpoint
    143           * @param   dstAddr - where you want the message to go
    144           * @param   channel - returned inteval (delivered @ 0; received @ 1)
    145           * @param   endTime - UTC time for the starting time of requested interval
    146           * @param   numOfPeriods - number of periods requested
    147           * @param   disableDefaultRsp - disable default response
    148           * @param   seqNum - ZCL sequence number
    149           *
    150           * @return  ZStatus_t
    151           */

   \                                 In  segment BANKED_CODE, align 1, keep-with-next
    152          ZStatus_t zclSE_SimpleMetering_Send_GetProfileCmd( uint8 srcEP, afAddrType_t *dstAddr,
   \                     zclSE_SimpleMetering_Send_GetProfileCmd:
    153                                                                uint8 channel, uint32 endTime, uint8 numOfPeriods,
    154                                                                uint8 disableDefaultRsp, uint8 seqNum )
    155          {
   \   000000   74F1         MOV     A,#-0xf
   \   000002   12....       LCALL   ?BANKED_ENTER_XDATA
   \   000005                ; Saved register size: 15
   \   000005                ; Auto size: 8
   \   000005   74F8         MOV     A,#-0x8
   \   000007   12....       LCALL   ?ALLOC_XSTACK8
   \   00000A   12....       LCALL   ?Subroutine76 & 0xFFFF
   \                     ??CrossCallReturnLabel_280:
   \   00000D   89..         MOV     ?V0 + 6,R1
   \   00000F   8D..         MOV     ?V0 + 4,R5
   \   000011   7417         MOV     A,#0x17
   \   000013   12....       LCALL   ?XSTACK_DISP0_8
   \   000016   78..         MOV     R0,#?V0 + 0
   \   000018   12....       LCALL   ?L_MOV_X
   \   00001B   741B         MOV     A,#0x1b
   \   00001D   12....       LCALL   ?XSTACK_DISP0_8
   \   000020   E0           MOVX    A,@DPTR
   \   000021   FE           MOV     R6,A
   \   000022   741C         MOV     A,#0x1c
   \   000024   12....       LCALL   ?XSTACK_DISP0_8
   \   000027   E0           MOVX    A,@DPTR
   \   000028   FF           MOV     R7,A
    156            uint8 buf[6];
    157            
    158            buf[0] = channel;
   \   000029   7402         MOV     A,#0x2
   \   00002B   12....       LCALL   ?XSTACK_DISP0_8
   \   00002E   EC           MOV     A,R4
   \   00002F   F0           MOVX    @DPTR,A
    159            osal_buffer_uint32( &buf[1], endTime );
   \   000030                ; Setup parameters for call to function osal_buffer_uint32
   \   000030   78..         MOV     R0,#?V0 + 0
   \   000032   12....       LCALL   ?PUSH_XSTACK_I_FOUR
   \   000035   7407         MOV     A,#0x7
   \   000037   12....       LCALL   ?XSTACK_DISP0_8
   \   00003A   12....       LCALL   ?Subroutine52 & 0xFFFF
   \                     ??CrossCallReturnLabel_172:
   \   00003D   12....       LCALL   ?DEALLOC_XSTACK8
    160            buf[5] = numOfPeriods;
   \   000040   7407         MOV     A,#0x7
   \   000042   12....       LCALL   ?XSTACK_DISP0_8
   \   000045   E5..         MOV     A,?V0 + 4
   \   000047   F0           MOVX    @DPTR,A
    161            
    162            return zcl_SendCommand( srcEP, dstAddr, ZCL_CLUSTER_ID_SE_SIMPLE_METERING,
    163                                    COMMAND_SE_GET_PROFILE_CMD, TRUE, 
    164                                    ZCL_FRAME_CLIENT_SERVER_DIR, disableDefaultRsp, 0, seqNum, 6, buf );
   \   000048                ; Setup parameters for call to function zcl_SendCommand
   \   000048   7402         MOV     A,#0x2
   \   00004A   12....       LCALL   ?XSTACK_DISP0_8
   \   00004D   8582..       MOV     ?V0 + 0,DPL
   \   000050   8583..       MOV     ?V0 + 1,DPH
   \   000053   78..         MOV     R0,#?V0 + 0
   \   000055   12....       LCALL   ?PUSH_XSTACK_I_TWO
   \   000058   75..06       MOV     ?V0 + 0,#0x6
   \   00005B   78..         MOV     R0,#?V0 + 0
   \   00005D   12....       LCALL   ?PUSH_XSTACK_I_ONE
   \   000060   EF           MOV     A,R7
   \   000061   F5..         MOV     ?V0 + 0,A
   \   000063   78..         MOV     R0,#?V0 + 0
   \   000065   12....       LCALL   ?PUSH_XSTACK_I_ONE
   \   000068   E4           CLR     A
   \   000069   F5..         MOV     ?V0 + 0,A
   \   00006B   F5..         MOV     ?V0 + 1,A
   \   00006D   78..         MOV     R0,#?V0 + 0
   \   00006F   12....       LCALL   ?PUSH_XSTACK_I_TWO
   \   000072   EE           MOV     A,R6
   \   000073   F5..         MOV     ?V0 + 0,A
   \   000075   78..         MOV     R0,#?V0 + 0
   \   000077   12....       LCALL   ?PUSH_XSTACK_I_ONE
   \   00007A   75..00       MOV     ?V0 + 0,#0x0
   \   00007D   78..         MOV     R0,#?V0 + 0
   \   00007F   12....       LCALL   ?PUSH_XSTACK_I_ONE
   \   000082   75..01       MOV     ?V0 + 0,#0x1
   \   000085   78..         MOV     R0,#?V0 + 0
   \   000087   12....       LCALL   ?PUSH_XSTACK_I_ONE
   \   00008A   75..00       MOV     ?V0 + 0,#0x0
   \   00008D   78..         MOV     R0,#?V0 + 0
   \   00008F   12....       LCALL   ?PUSH_XSTACK_I_ONE
   \   000092   7C02         MOV     R4,#0x2
   \   000094   7D07         MOV     R5,#0x7
   \   000096   740A         MOV     A,#0xa
   \   000098   12....       LCALL   ?XSTACK_DISP0_8
   \   00009B   12....       LCALL   ?Subroutine41 & 0xFFFF
   \                     ??CrossCallReturnLabel_63:
   \   00009E   12....       LCALL   ?DEALLOC_XSTACK8
   \   0000A1   7408         MOV     A,#0x8
   \   0000A3   02....       LJMP    ?Subroutine0 & 0xFFFF
    165          }

   \                                 In  segment BANKED_CODE, align 1, keep-with-next
   \                     ?Subroutine97:
   \   000000   E0           MOVX    A,@DPTR
   \   000001   FA           MOV     R2,A
   \   000002   A3           INC     DPTR
   \   000003   E0           MOVX    A,@DPTR
   \   000004   FB           MOV     R3,A
   \   000005   22           RET

   \                                 In  segment BANKED_CODE, align 1, keep-with-next
   \                     ?Subroutine52:
   \   000000   AA82         MOV     R2,DPL
   \   000002   AB83         MOV     R3,DPH
   \   000004                REQUIRE ??Subroutine113_0
   \   000004                ; // Fall through to label ??Subroutine113_0

   \                                 In  segment BANKED_CODE, align 1, keep-with-next
   \                     ??Subroutine113_0:
   \   000000   12....       LCALL   ??osal_buffer_uint32?relay
   \   000003   7404         MOV     A,#0x4
   \   000005   22           RET

   \                                 In  segment BANKED_CODE, align 1, keep-with-next
   \                     ?Subroutine41:
   \   000000   12....       LCALL   ?Subroutine97 & 0xFFFF
   \                     ??CrossCallReturnLabel_142:
   \   000003   A9..         MOV     R1,?V0 + 6
   \   000005   12....       LCALL   ??zcl_SendCommand?relay
   \   000008   740A         MOV     A,#0xa
   \   00000A   22           RET

   \                                 In  segment BANKED_CODE, align 1, keep-with-next
   \                     ?Subroutine76:
   \   000000   85..82       MOV     DPL,?XSP + 0
   \   000003   85..83       MOV     DPH,?XSP + 1
   \   000006                REQUIRE ??Subroutine127_0
   \   000006                ; // Fall through to label ??Subroutine127_0

   \                                 In  segment BANKED_CODE, align 1, keep-with-next
   \                     ??Subroutine127_0:
   \   000000   EA           MOV     A,R2
   \   000001   F0           MOVX    @DPTR,A
   \   000002   A3           INC     DPTR
   \   000003   EB           MOV     A,R3
   \   000004   F0           MOVX    @DPTR,A
   \   000005   22           RET

   \                                 In  segment BANKED_CODE, align 1, keep-with-next
   \                     ?Subroutine0:
   \   000000   12....       LCALL   ?DEALLOC_XSTACK8
   \   000003                REQUIRE ??Subroutine137_0
   \   000003                ; // Fall through to label ??Subroutine137_0

   \                                 In  segment BANKED_CODE, align 1, keep-with-next
   \                     ??Subroutine137_0:
   \   000000   7F07         MOV     R7,#0x7
   \   000002   02....       LJMP    ?BANKED_LEAVE_XDATA
    166          
    167          /*********************************************************************
    168           * @fn      zclSE_SimpleMetering_Send_GetProfileRsp
    169           *
    170           * @brief   Call to send out a Get Profile Response
    171           *
    172           * @param   srcEP - Sending application's endpoint
    173           * @param   dstAddr - where you want the message to go
    174           * @param   endTime - UTC time for the starting time of requested interval
    175           * @param   intervals - data buffer holding an array of interval data captured 
    176           *          using the period 
    177           *          specified by the ProfileIntervalPeriod attribute. Data is organized 
    178           *          in a reverse chronological order, the most recent interval is 
    179           *          transmitted first and the oldest interval is transmitted last. 
    180           *          Invalid intervals intervals should be marked as 0xFFFFFF
    181           * @param   len - length of the intervals buffer
    182           * @param   disableDefaultRsp - disable default response
    183           * @param   seqNum - ZCL sequence number
    184           *
    185           * @return  ZStatus_t
    186           */

   \                                 In  segment BANKED_CODE, align 1, keep-with-next
    187          ZStatus_t zclSE_SimpleMetering_Send_GetProfileRsp( uint8 srcEP, afAddrType_t *dstAddr,
   \                     zclSE_SimpleMetering_Send_GetProfileRsp:
    188                                                             uint32 endTime, uint8 rspStatus, uint8 profileIntervalPeriod,
    189                                                             uint8 numOfPeriodDelivered, uint24 *intervals,  
    190                                                             uint8 disableDefaultRsp, uint8 seqNum )
    191          {
   \   000000   74F0         MOV     A,#-0x10
   \   000002   12....       LCALL   ?BANKED_ENTER_XDATA
   \   000005                ; Saved register size: 16
   \   000005                ; Auto size: 6
   \   000005   74FA         MOV     A,#-0x6
   \   000007   12....       LCALL   ?ALLOC_XSTACK8
   \   00000A   7403         MOV     A,#0x3
   \   00000C   12....       LCALL   ?XSTACK_DISP0_8
   \   00000F   E9           MOV     A,R1
   \   000010   F0           MOVX    @DPTR,A
   \   000011   7404         MOV     A,#0x4
   \   000013   12....       LCALL   ?XSTACK_DISP0_8
   \   000016   12....       LCALL   ??Subroutine127_0 & 0xFFFF
   \                     ??CrossCallReturnLabel_276:
   \   000019   7402         MOV     A,#0x2
   \   00001B   12....       LCALL   ?XSTACK_DISP0_8
   \   00001E   EC           MOV     A,R4
   \   00001F   F0           MOVX    @DPTR,A
   \   000020   7401         MOV     A,#0x1
   \   000022   12....       LCALL   ?XSTACK_DISP0_8
   \   000025   ED           MOV     A,R5
   \   000026   F0           MOVX    @DPTR,A
   \   000027   7416         MOV     A,#0x16
   \   000029   12....       LCALL   ?XSTACK_DISP0_8
   \   00002C   78..         MOV     R0,#?V0 + 4
   \   00002E   12....       LCALL   ?L_MOV_X
   \   000031   741B         MOV     A,#0x1b
   \   000033   12....       LCALL   ?XSTACK_DISP0_8
   \   000036   E0           MOVX    A,@DPTR
   \   000037   FE           MOV     R6,A
   \   000038   A3           INC     DPTR
   \   000039   E0           MOVX    A,@DPTR
   \   00003A   FF           MOV     R7,A
    192            uint8 *buf;
    193            uint8 *pBuf;
    194            uint8 i;
    195            uint8 len;
    196            ZStatus_t status;
    197            
    198            // endTime + status + profileIntervalPeriod + numOfEntry + array
    199            len = 4 + 1 + 1 + 1 + (3 * numOfPeriodDelivered);
   \   00003B   75F003       MOV     B,#0x3
   \   00003E   741A         MOV     A,#0x1a
   \   000040   12....       LCALL   ?XSTACK_DISP0_8
   \   000043   E0           MOVX    A,@DPTR
   \   000044   A4           MUL     AB
   \   000045   2407         ADD     A,#0x7
   \   000047   85..82       MOV     DPL,?XSP + 0
   \   00004A   85..83       MOV     DPH,?XSP + 1
   \   00004D   F0           MOVX    @DPTR,A
    200            buf = osal_mem_alloc( len );
   \   00004E                ; Setup parameters for call to function osal_mem_alloc
   \   00004E   FA           MOV     R2,A
   \   00004F   12....       LCALL   ?Subroutine53 & 0xFFFF
    201            if ( buf == NULL )
   \                     ??CrossCallReturnLabel_94:
   \   000052   7005         JNZ     ??zclSE_SimpleMetering_Send_GetProfileRsp_0
    202              return (ZMemError);
   \   000054   7910         MOV     R1,#0x10
   \   000056   02....       LJMP    ??CrossCallReturnLabel_150 & 0xFFFF
    203          
    204            osal_buffer_uint32( buf, endTime );
   \                     ??zclSE_SimpleMetering_Send_GetProfileRsp_0:
   \   000059                ; Setup parameters for call to function osal_buffer_uint32
   \   000059   78..         MOV     R0,#?V0 + 4
   \   00005B   12....       LCALL   ?PUSH_XSTACK_I_FOUR
   \   00005E   12....       LCALL   ??Subroutine113_0 & 0xFFFF
   \                     ??CrossCallReturnLabel_179:
   \   000061   12....       LCALL   ?DEALLOC_XSTACK8
    205            buf[4] = rspStatus;
   \   000064   7402         MOV     A,#0x2
   \   000066   12....       LCALL   ?XSTACK_DISP0_8
   \   000069   12....       LCALL   ?Subroutine94 & 0xFFFF
   \                     ??CrossCallReturnLabel_343:
   \   00006C   F0           MOVX    @DPTR,A
    206            buf[5] = profileIntervalPeriod;
   \   00006D   7401         MOV     A,#0x1
   \   00006F   12....       LCALL   ?XSTACK_DISP0_8
   \   000072   12....       LCALL   ?Subroutine42 & 0xFFFF
   \                     ??CrossCallReturnLabel_65:
   \   000075   F0           MOVX    @DPTR,A
    207          
    208            // Starting of the array of uint24
    209            buf[6] = numOfPeriodDelivered;   // Number of entries in the array
   \   000076   741A         MOV     A,#0x1a
   \   000078   12....       LCALL   ?XSTACK_DISP0_8
   \   00007B   12....       LCALL   ?Subroutine42 & 0xFFFF
   \                     ??CrossCallReturnLabel_66:
   \   00007E   A3           INC     DPTR
   \   00007F   F0           MOVX    @DPTR,A
    210            pBuf = &buf[7];
   \   000080   E5..         MOV     A,?V0 + 0
   \   000082   2407         ADD     A,#0x7
   \   000084   FA           MOV     R2,A
   \   000085   E5..         MOV     A,?V0 + 1
   \   000087   3400         ADDC    A,#0x0
   \   000089   FB           MOV     R3,A
    211            for( i = 0; i< numOfPeriodDelivered; i++ )
   \   00008A   75..00       MOV     ?V0 + 2,#0x0
   \   00008D   8014         SJMP    ??zclSE_SimpleMetering_Send_GetProfileRsp_1
    212            {
    213              pBuf = osal_buffer_uint24( pBuf, *intervals++ );
   \                     ??zclSE_SimpleMetering_Send_GetProfileRsp_2:
   \   00008F                ; Setup parameters for call to function osal_buffer_uint24
   \   00008F   8E82         MOV     DPL,R6
   \   000091   8F83         MOV     DPH,R7
   \   000093   12....       LCALL   ?PUSH_XSTACK8_X_FOUR
   \   000096   12....       LCALL   ??osal_buffer_uint24?relay
   \   000099   7404         MOV     A,#0x4
   \   00009B   12....       LCALL   ?DEALLOC_XSTACK8
   \   00009E   12....       LCALL   ?Subroutine88 & 0xFFFF
    214            }
   \                     ??CrossCallReturnLabel_132:
   \   0000A1   05..         INC     ?V0 + 2
   \                     ??zclSE_SimpleMetering_Send_GetProfileRsp_1:
   \   0000A3   741A         MOV     A,#0x1a
   \   0000A5   12....       LCALL   ?XSTACK_DISP0_8
   \   0000A8   E0           MOVX    A,@DPTR
   \   0000A9   F8           MOV     R0,A
   \   0000AA   E5..         MOV     A,?V0 + 2
   \   0000AC   C3           CLR     C
   \   0000AD   98           SUBB    A,R0
   \   0000AE   40DF         JC      ??zclSE_SimpleMetering_Send_GetProfileRsp_2
    215            
    216            status = zcl_SendCommand( srcEP, dstAddr, ZCL_CLUSTER_ID_SE_SIMPLE_METERING,
    217                                    COMMAND_SE_GET_PROFILE_RSP, TRUE, 
    218                                    ZCL_FRAME_SERVER_CLIENT_DIR, disableDefaultRsp, 0, seqNum, len, buf );
   \   0000B0                ; Setup parameters for call to function zcl_SendCommand
   \   0000B0   78..         MOV     R0,#?V0 + 0
   \   0000B2   12....       LCALL   ?PUSH_XSTACK_I_TWO
   \   0000B5   7402         MOV     A,#0x2
   \   0000B7   12....       LCALL   ?XSTACK_DISP0_8
   \   0000BA   E0           MOVX    A,@DPTR
   \   0000BB   F5..         MOV     ?V0 + 2,A
   \   0000BD   78..         MOV     R0,#?V0 + 2
   \   0000BF   12....       LCALL   ?PUSH_XSTACK_I_ONE
   \   0000C2   7421         MOV     A,#0x21
   \   0000C4   12....       LCALL   ?XSTACK_DISP0_8
   \   0000C7   E0           MOVX    A,@DPTR
   \   0000C8   F5..         MOV     ?V0 + 2,A
   \   0000CA   78..         MOV     R0,#?V0 + 2
   \   0000CC   12....       LCALL   ?PUSH_XSTACK_I_ONE
   \   0000CF   E4           CLR     A
   \   0000D0   F5..         MOV     ?V0 + 2,A
   \   0000D2   F5..         MOV     ?V0 + 3,A
   \   0000D4   78..         MOV     R0,#?V0 + 2
   \   0000D6   12....       LCALL   ?PUSH_XSTACK_I_TWO
   \   0000D9   7423         MOV     A,#0x23
   \   0000DB   12....       LCALL   ?XSTACK_DISP0_8
   \   0000DE   E0           MOVX    A,@DPTR
   \   0000DF   F5..         MOV     ?V0 + 2,A
   \   0000E1   78..         MOV     R0,#?V0 + 2
   \   0000E3   12....       LCALL   ?PUSH_XSTACK_I_ONE
   \   0000E6   75..01       MOV     ?V0 + 2,#0x1
   \   0000E9   78..         MOV     R0,#?V0 + 2
   \   0000EB   12....       LCALL   ?PUSH_XSTACK_I_ONE
   \   0000EE   78..         MOV     R0,#?V0 + 2
   \   0000F0   12....       LCALL   ?PUSH_XSTACK_I_ONE
   \   0000F3   75..00       MOV     ?V0 + 2,#0x0
   \   0000F6   78..         MOV     R0,#?V0 + 2
   \   0000F8   12....       LCALL   ?PUSH_XSTACK_I_ONE
   \   0000FB   7C02         MOV     R4,#0x2
   \   0000FD   7D07         MOV     R5,#0x7
   \   0000FF   740E         MOV     A,#0xe
   \   000101   12....       LCALL   ?XSTACK_DISP0_8
   \   000104   12....       LCALL   ?Subroutine48 & 0xFFFF
   \                     ??CrossCallReturnLabel_82:
   \   000107   740D         MOV     A,#0xd
   \   000109   12....       LCALL   ?XSTACK_DISP0_8
   \   00010C   12....       LCALL   ?Subroutine38 & 0xFFFF
   \                     ??CrossCallReturnLabel_55:
   \   00010F   12....       LCALL   ?DEALLOC_XSTACK8
   \   000112   12....       LCALL   ?Subroutine65 & 0xFFFF
    219            osal_mem_free( buf );
    220            return status;
   \                     ??CrossCallReturnLabel_150:
   \   000115   7406         MOV     A,#0x6
   \   000117   02....       LJMP    ??Subroutine109_0 & 0xFFFF
    221          }

   \                                 In  segment BANKED_CODE, align 1, keep-with-next
   \                     ?Subroutine65:
   \   000000   E9           MOV     A,R1
   \   000001   FE           MOV     R6,A
   \   000002                ; Setup parameters for call to function osal_mem_free
   \   000002                ; Setup parameters for call to function osal_mem_free
   \   000002                ; Setup parameters for call to function osal_mem_free
   \   000002   AA..         MOV     R2,?V0 + 0
   \   000004   AB..         MOV     R3,?V0 + 1
   \   000006                REQUIRE ??Subroutine103_0
   \   000006                ; // Fall through to label ??Subroutine103_0

   \                                 In  segment BANKED_CODE, align 1, keep-with-next
   \                     ??Subroutine103_0:
   \   000000   12....       LCALL   ??osal_mem_free?relay
   \   000003   EE           MOV     A,R6
   \   000004   F9           MOV     R1,A
   \   000005   22           RET

   \                                 In  segment BANKED_CODE, align 1, keep-with-next
   \                     ?Subroutine42:
   \   000000   12....       LCALL   ?Subroutine81 & 0xFFFF
   \                     ??CrossCallReturnLabel_341:
   \   000003   22           RET

   \                                 In  segment BANKED_CODE, align 1, keep-with-next
   \                     ?Subroutine81:
   \   000000   12....       LCALL   ?Subroutine94 & 0xFFFF
   \                     ??CrossCallReturnLabel_344:
   \   000003   A3           INC     DPTR
   \   000004   22           RET

   \                                 In  segment BANKED_CODE, align 1, keep-with-next
   \                     ?Subroutine94:
   \   000000   E0           MOVX    A,@DPTR
   \   000001   85..82       MOV     DPL,?V0 + 0
   \   000004   85..83       MOV     DPH,?V0 + 1
   \   000007   A3           INC     DPTR
   \   000008   A3           INC     DPTR
   \   000009   A3           INC     DPTR
   \   00000A   A3           INC     DPTR
   \   00000B   22           RET

   \                                 In  segment BANKED_CODE, align 1, keep-with-next
   \                     ??Subroutine109_0:
   \   000000   12....       LCALL   ?DEALLOC_XSTACK8
   \   000003                REQUIRE ??Subroutine110_0
   \   000003                ; // Fall through to label ??Subroutine110_0

   \                                 In  segment BANKED_CODE, align 1, keep-with-next
   \                     ??Subroutine110_0:
   \   000000   7F08         MOV     R7,#0x8
   \   000002   02....       LJMP    ?BANKED_LEAVE_XDATA

   \                                 In  segment BANKED_CODE, align 1, keep-with-next
   \                     ?Subroutine38:
   \   000000   E0           MOVX    A,@DPTR
   \   000001   F9           MOV     R1,A
   \   000002   12....       LCALL   ??zcl_SendCommand?relay
   \   000005   740A         MOV     A,#0xa
   \   000007   22           RET

   \                                 In  segment BANKED_CODE, align 1, keep-with-next
   \                     ?Subroutine48:
   \   000000   12....       LCALL   ?Subroutine97 & 0xFFFF
   \                     ??CrossCallReturnLabel_143:
   \   000003   22           RET

   \                                 In  segment BANKED_CODE, align 1, keep-with-next
   \                     ?Subroutine53:
   \   000000   7B00         MOV     R3,#0x0
   \   000002   12....       LCALL   ??osal_mem_alloc?relay
   \   000005   8A..         MOV     ?V0 + 0,R2
   \   000007   8B..         MOV     ?V0 + 1,R3
   \   000009   EA           MOV     A,R2
   \   00000A   45..         ORL     A,?V0 + 1
   \   00000C   22           RET

   \                                 In  segment BANKED_CODE, align 1, keep-with-next
   \                     ?Subroutine88:
   \   000000   EE           MOV     A,R6
   \   000001   2404         ADD     A,#0x4
   \   000003   FE           MOV     R6,A
   \   000004   EF           MOV     A,R7
   \   000005   3400         ADDC    A,#0x0
   \   000007   FF           MOV     R7,A
   \   000008   22           RET
    222          
    223          
    224          /*********************************************************************
    225           * @fn      zclSE_SimpleMetering_Send_ReqMirrorRsp
    226           *
    227           * @brief   Call to send out a Request Mirror Response
    228           *
    229           * @param   srcEP - Sending application's endpoint
    230           * @param   dstAddr - where you want the message to go
    231           *
    232           * @return  ZStatus_t
    233           */

   \                                 In  segment BANKED_CODE, align 1, keep-with-next
    234          ZStatus_t zclSE_SimpleMetering_Send_ReqMirrorRsp( uint8 srcEP, afAddrType_t *dstAddr,
   \                     zclSE_SimpleMetering_Send_ReqMirrorRsp:
    235                                                                uint16 endpointId,
    236                                                                uint8 disableDefaultRsp, uint8 seqNum )
    237          {
   \   000000   74F6         MOV     A,#-0xa
   \   000002   12....       LCALL   ?BANKED_ENTER_XDATA
   \   000005                ; Saved register size: 10
   \   000005                ; Auto size: 2
   \   000005   74FE         MOV     A,#-0x2
   \   000007   12....       LCALL   ?ALLOC_XSTACK8
   \   00000A   E9           MOV     A,R1
   \   00000B   FE           MOV     R6,A
   \   00000C   740C         MOV     A,#0xc
   \   00000E   12....       LCALL   ?XSTACK_DISP0_8
   \   000011   E0           MOVX    A,@DPTR
   \   000012   F9           MOV     R1,A
   \   000013   740D         MOV     A,#0xd
   \   000015   12....       LCALL   ?XSTACK_DISP0_8
   \   000018   12....       LCALL   ?Subroutine40 & 0xFFFF
    238            ZStatus_t status;
    239            uint8 buf[2];
    240          
    241            buf[0] = (uint8) endpointId ;
    242            buf[1] = (uint8)( endpointId >> 8 );
   \                     ??CrossCallReturnLabel_61:
   \   00001B   12....       LCALL   ?XSTACK_DISP0_8
   \   00001E   12....       LCALL   ?Subroutine8 & 0xFFFF
    243          
    244            status = zcl_SendCommand( srcEP, dstAddr, ZCL_CLUSTER_ID_SE_SIMPLE_METERING,
    245                                    COMMAND_SE_REQ_MIRROR_RSP, TRUE,
    246                                    ZCL_FRAME_CLIENT_SERVER_DIR, disableDefaultRsp, 0, seqNum, 2, buf );
    247          
    248            return status ;
   \                     ??CrossCallReturnLabel_155:
   \   000021   12....       LCALL   ?PUSH_XSTACK_I_TWO
   \   000024   75..02       MOV     ?V0 + 0,#0x2
   \   000027   78..         MOV     R0,#?V0 + 0
   \   000029   12....       LCALL   ?PUSH_XSTACK_I_ONE
   \   00002C   EF           MOV     A,R7
   \   00002D   F5..         MOV     ?V0 + 0,A
   \   00002F   78..         MOV     R0,#?V0 + 0
   \   000031   12....       LCALL   ?PUSH_XSTACK_I_ONE
   \   000034   E4           CLR     A
   \   000035   F5..         MOV     ?V0 + 0,A
   \   000037   F5..         MOV     ?V0 + 1,A
   \   000039   78..         MOV     R0,#?V0 + 0
   \   00003B   12....       LCALL   ?PUSH_XSTACK_I_TWO
   \   00003E   E9           MOV     A,R1
   \   00003F   F5..         MOV     ?V0 + 0,A
   \   000041   78..         MOV     R0,#?V0 + 0
   \   000043   12....       LCALL   ?PUSH_XSTACK_I_ONE
   \   000046   75..00       MOV     ?V0 + 0,#0x0
   \   000049   78..         MOV     R0,#?V0 + 0
   \   00004B   12....       LCALL   ?PUSH_XSTACK_I_ONE
   \   00004E   75..01       MOV     ?V0 + 0,#0x1
   \   000051   78..         MOV     R0,#?V0 + 0
   \   000053   12....       LCALL   ?PUSH_XSTACK_I_ONE
   \   000056   02....       LJMP    ?Subroutine2 & 0xFFFF

   \                                 In  segment BANKED_CODE, align 1, keep-with-next
   \                     ?Subroutine8:
   \   000000   ED           MOV     A,R5
   \   000001                REQUIRE ??Subroutine104_0
   \   000001                ; // Fall through to label ??Subroutine104_0

   \                                 In  segment BANKED_CODE, align 1, keep-with-next
   \                     ??Subroutine104_0:
   \   000000   F0           MOVX    @DPTR,A
   \   000001                ; Setup parameters for call to function zcl_SendCommand
   \   000001                ; Setup parameters for call to function zcl_SendCommand
   \   000001                ; Setup parameters for call to function zcl_SendCommand
   \   000001   85..82       MOV     DPL,?XSP + 0
   \   000004   85..83       MOV     DPH,?XSP + 1
   \   000007   8582..       MOV     ?V0 + 0,DPL
   \   00000A   8583..       MOV     ?V0 + 1,DPH
   \   00000D   78..         MOV     R0,#?V0 + 0
   \   00000F   22           RET

   \                                 In  segment BANKED_CODE, align 1, keep-with-next
   \                     ?Subroutine40:
   \   000000   E0           MOVX    A,@DPTR
   \   000001   FF           MOV     R7,A
   \   000002   EC           MOV     A,R4
   \   000003   85..82       MOV     DPL,?XSP + 0
   \   000006   85..83       MOV     DPH,?XSP + 1
   \   000009   F0           MOVX    @DPTR,A
   \   00000A   7401         MOV     A,#0x1
   \   00000C   22           RET

   \                                 In  segment BANKED_CODE, align 1, keep-with-next
   \                     ?Subroutine55:
   \   000000   F9           MOV     R1,A
   \   000001                REQUIRE ??Subroutine112_0
   \   000001                ; // Fall through to label ??Subroutine112_0

   \                                 In  segment BANKED_CODE, align 1, keep-with-next
   \                     ??Subroutine112_0:
   \   000000   12....       LCALL   ??zcl_SendCommand?relay
   \   000003   740A         MOV     A,#0xa
   \   000005   22           RET

   \                                 In  segment BANKED_CODE, align 1, keep-with-next
   \                     ?Subroutine2:
   \   000000   78..         MOV     R0,#?V0 + 0
   \   000002   12....       LCALL   ?PUSH_XSTACK_I_ONE
   \   000005   7C02         MOV     R4,#0x2
   \   000007   7D07         MOV     R5,#0x7
   \   000009   EE           MOV     A,R6
   \   00000A   12....       LCALL   ?Subroutine55 & 0xFFFF
   \                     ??CrossCallReturnLabel_169:
   \   00000D   12....       LCALL   ?DEALLOC_XSTACK8
   \   000010   7402         MOV     A,#0x2
   \   000012                REQUIRE ??Subroutine125_0
   \   000012                ; // Fall through to label ??Subroutine125_0

   \                                 In  segment BANKED_CODE, align 1, keep-with-next
   \                     ??Subroutine125_0:
   \   000000   12....       LCALL   ?DEALLOC_XSTACK8
   \   000003                REQUIRE ??Subroutine126_0
   \   000003                ; // Fall through to label ??Subroutine126_0

   \                                 In  segment BANKED_CODE, align 1, keep-with-next
   \                     ??Subroutine126_0:
   \   000000   7F02         MOV     R7,#0x2
   \   000002   02....       LJMP    ?BANKED_LEAVE_XDATA
    249          }
    250          
    251          
    252          
    253          /*********************************************************************
    254           * @fn      zclSE_SimpleMetering_Send_RemMirrorRsp
    255           *
    256           * @brief   Call to send out a Remove Mirror Response
    257           *
    258           * @param   srcEP - Sending application's endpoint
    259           * @param   dstAddr - where you want the message to go
    260           *
    261           * @return  ZStatus_t
    262           */

   \                                 In  segment BANKED_CODE, align 1, keep-with-next
    263          ZStatus_t zclSE_SimpleMetering_Send_RemMirrorRsp( uint8 srcEP, afAddrType_t *dstAddr,
   \                     zclSE_SimpleMetering_Send_RemMirrorRsp:
    264                                                                uint16 endpointId,
    265                                                                uint8 disableDefaultRsp, uint8 seqNum )
    266          {
   \   000000   74F6         MOV     A,#-0xa
   \   000002   12....       LCALL   ?BANKED_ENTER_XDATA
   \   000005                ; Saved register size: 10
   \   000005                ; Auto size: 2
   \   000005   74FE         MOV     A,#-0x2
   \   000007   12....       LCALL   ?ALLOC_XSTACK8
   \   00000A   E9           MOV     A,R1
   \   00000B   FE           MOV     R6,A
   \   00000C   740C         MOV     A,#0xc
   \   00000E   12....       LCALL   ?XSTACK_DISP0_8
   \   000011   E0           MOVX    A,@DPTR
   \   000012   F9           MOV     R1,A
   \   000013   740D         MOV     A,#0xd
   \   000015   12....       LCALL   ?XSTACK_DISP0_8
   \   000018   12....       LCALL   ?Subroutine40 & 0xFFFF
    267            ZStatus_t status;
    268            uint8 buf[2];
    269          
    270            buf[0] = (uint8) endpointId ;
    271            buf[1] = (uint8)( endpointId >> 8 );
   \                     ??CrossCallReturnLabel_62:
   \   00001B   12....       LCALL   ?XSTACK_DISP0_8
   \   00001E   12....       LCALL   ?Subroutine8 & 0xFFFF
    272          
    273            status = zcl_SendCommand( srcEP, dstAddr, ZCL_CLUSTER_ID_SE_SIMPLE_METERING,
    274                                    COMMAND_SE_MIRROR_REM_RSP, TRUE,
    275                                    ZCL_FRAME_CLIENT_SERVER_DIR, disableDefaultRsp, 0, seqNum, 2, buf );
    276          
    277            return status ;
   \                     ??CrossCallReturnLabel_156:
   \   000021   12....       LCALL   ?PUSH_XSTACK_I_TWO
   \   000024   75..02       MOV     ?V0 + 0,#0x2
   \   000027   78..         MOV     R0,#?V0 + 0
   \   000029   12....       LCALL   ?PUSH_XSTACK_I_ONE
   \   00002C   EF           MOV     A,R7
   \   00002D   F5..         MOV     ?V0 + 0,A
   \   00002F   78..         MOV     R0,#?V0 + 0
   \   000031   12....       LCALL   ?PUSH_XSTACK_I_ONE
   \   000034   E4           CLR     A
   \   000035   F5..         MOV     ?V0 + 0,A
   \   000037   F5..         MOV     ?V0 + 1,A
   \   000039   78..         MOV     R0,#?V0 + 0
   \   00003B   12....       LCALL   ?PUSH_XSTACK_I_TWO
   \   00003E   E9           MOV     A,R1
   \   00003F   F5..         MOV     ?V0 + 0,A
   \   000041   78..         MOV     R0,#?V0 + 0
   \   000043   12....       LCALL   ?PUSH_XSTACK_I_ONE
   \   000046   75..00       MOV     ?V0 + 0,#0x0
   \   000049   78..         MOV     R0,#?V0 + 0
   \   00004B   12....       LCALL   ?PUSH_XSTACK_I_ONE
   \   00004E   75..01       MOV     ?V0 + 0,#0x1
   \   000051   78..         MOV     R0,#?V0 + 0
   \   000053   12....       LCALL   ?PUSH_XSTACK_I_ONE
   \   000056   75..02       MOV     ?V0 + 0,#0x2
   \   000059   02....       LJMP    ?Subroutine2 & 0xFFFF
    278          }
    279          #endif
    280          
    281          
    282          #ifdef ZCL_PRICING
    283          
    284          /*********************************************************************
    285           * Call to send out a Get Scheduled Price Command
    286           *
    287           * @param   srcEP - Sending application's endpoint
    288           * @param   dstAddr - where you want the message to go 
    289           * @param   cmd - command payload
    290           * @param   disableDefaultRsp - disable default response
    291           * @param   seqNum - ZCL sequence number
    292           *
    293           * @return  ZStatus_t
    294           */

   \                                 In  segment BANKED_CODE, align 1, keep-with-next
    295          ZStatus_t zclSE_Pricing_Send_GetScheduledPrice( uint8 srcEP, afAddrType_t *dstAddr, 
   \                     zclSE_Pricing_Send_GetScheduledPrice:
    296                                                      zclCCGetScheduledPrice_t *cmd,
    297                                                      uint8 disableDefaultRsp, uint8 seqNum )
    298          {
   \   000000   74F0         MOV     A,#-0x10
   \   000002   12....       LCALL   ?BANKED_ENTER_XDATA
   \   000005                ; Saved register size: 16
   \   000005                ; Auto size: 5
   \   000005   74FB         MOV     A,#-0x5
   \   000007   12....       LCALL   ?ALLOC_XSTACK8
   \   00000A   89..         MOV     ?V0 + 0,R1
   \   00000C   8A..         MOV     ?V0 + 6,R2
   \   00000E   8B..         MOV     ?V0 + 7,R3
   \   000010   EC           MOV     A,R4
   \   000011   FE           MOV     R6,A
   \   000012   ED           MOV     A,R5
   \   000013   FF           MOV     R7,A
   \   000014   7415         MOV     A,#0x15
   \   000016   12....       LCALL   ?XSTACK_DISP0_8
   \   000019   E0           MOVX    A,@DPTR
   \   00001A   F5..         MOV     ?V0 + 1,A
   \   00001C   7416         MOV     A,#0x16
   \   00001E   12....       LCALL   ?XSTACK_DISP0_8
   \   000021   E0           MOVX    A,@DPTR
   \   000022   F5..         MOV     ?V0 + 4,A
    299            uint8 buf[5];
    300            ZStatus_t status;
    301            
    302            osal_buffer_uint32( buf, cmd->startTime );
   \   000024                ; Setup parameters for call to function osal_buffer_uint32
   \   000024   8E82         MOV     DPL,R6
   \   000026   8F83         MOV     DPH,R7
   \   000028   12....       LCALL   ?PUSH_XSTACK8_X_FOUR
   \   00002B   7404         MOV     A,#0x4
   \   00002D   12....       LCALL   ?XSTACK_DISP0_8
   \   000030   12....       LCALL   ?Subroutine52 & 0xFFFF
   \                     ??CrossCallReturnLabel_173:
   \   000033   12....       LCALL   ?DEALLOC_XSTACK8
    303            buf[4] = cmd->numEvents;
   \   000036   8E82         MOV     DPL,R6
   \   000038   8F83         MOV     DPH,R7
   \   00003A   A3           INC     DPTR
   \   00003B   A3           INC     DPTR
   \   00003C   A3           INC     DPTR
   \   00003D   A3           INC     DPTR
   \   00003E   E0           MOVX    A,@DPTR
   \   00003F   C0E0         PUSH    A
   \   000041   7404         MOV     A,#0x4
   \   000043   12....       LCALL   ?XSTACK_DISP0_8
   \   000046   D0E0         POP     A
   \   000048   12....       LCALL   ?Subroutine16 & 0xFFFF
    304              
    305            status = zcl_SendCommand( srcEP, dstAddr, ZCL_CLUSTER_ID_SE_PRICING,
    306                                    COMMAND_SE_GET_SCHEDULED_PRICE, TRUE, 
    307                                    ZCL_FRAME_CLIENT_SERVER_DIR, disableDefaultRsp, 0, 
    308                                    seqNum, 5, buf );
    309            
    310            return status;
   \                     ??CrossCallReturnLabel_15:
   \   00004B   12....       LCALL   ?PUSH_XSTACK_I_TWO
   \   00004E   75..05       MOV     ?V0 + 2,#0x5
   \   000051   78..         MOV     R0,#?V0 + 2
   \   000053   12....       LCALL   ?PUSH_XSTACK_I_ONE
   \   000056   E5..         MOV     A,?V0 + 4
   \   000058   F5..         MOV     ?V0 + 2,A
   \   00005A   78..         MOV     R0,#?V0 + 2
   \   00005C   12....       LCALL   ?PUSH_XSTACK_I_ONE
   \   00005F   E4           CLR     A
   \   000060   F5..         MOV     ?V0 + 2,A
   \   000062   F5..         MOV     ?V0 + 3,A
   \   000064   78..         MOV     R0,#?V0 + 2
   \   000066   12....       LCALL   ?PUSH_XSTACK_I_TWO
   \   000069   78..         MOV     R0,#?V0 + 1
   \   00006B   12....       LCALL   ?PUSH_XSTACK_I_ONE
   \   00006E   75..00       MOV     ?V0 + 1,#0x0
   \   000071   78..         MOV     R0,#?V0 + 1
   \   000073   12....       LCALL   ?PUSH_XSTACK_I_ONE
   \   000076   75..01       MOV     ?V0 + 1,#0x1
   \   000079   78..         MOV     R0,#?V0 + 1
   \   00007B   12....       LCALL   ?PUSH_XSTACK_I_ONE
   \   00007E   78..         MOV     R0,#?V0 + 1
   \   000080   12....       LCALL   ?PUSH_XSTACK_I_ONE
   \   000083   7C00         MOV     R4,#0x0
   \   000085   02....       LJMP    ?Subroutine1 & 0xFFFF
    311          }

   \                                 In  segment BANKED_CODE, align 1, keep-with-next
   \                     ?Subroutine1:
   \   000000   7D07         MOV     R5,#0x7
   \   000002   AA..         MOV     R2,?V0 + 6
   \   000004   AB..         MOV     R3,?V0 + 7
   \   000006   A9..         MOV     R1,?V0 + 0
   \   000008                REQUIRE ??Subroutine108_0
   \   000008                ; // Fall through to label ??Subroutine108_0

   \                                 In  segment BANKED_CODE, align 1, keep-with-next
   \                     ??Subroutine108_0:
   \   000000   12....       LCALL   ??Subroutine112_0 & 0xFFFF
   \                     ??CrossCallReturnLabel_170:
   \   000003   12....       LCALL   ?DEALLOC_XSTACK8
   \   000006   7405         MOV     A,#0x5
   \   000008                REQUIRE ??Subroutine109_0
   \   000008                ; // Fall through to label ??Subroutine109_0

   \                                 In  segment BANKED_CODE, align 1, keep-with-next
   \                     ?Subroutine16:
   \   000000   F0           MOVX    @DPTR,A
   \   000001                ; Setup parameters for call to function zcl_SendCommand
   \   000001                ; Setup parameters for call to function zcl_SendCommand
   \   000001   85..82       MOV     DPL,?XSP + 0
   \   000004   85..83       MOV     DPH,?XSP + 1
   \   000007   8582..       MOV     ?V0 + 2,DPL
   \   00000A   8583..       MOV     ?V0 + 3,DPH
   \   00000D   78..         MOV     R0,#?V0 + 2
   \   00000F   22           RET
    312          
    313          /*********************************************************************
    314           * @fn      zclSE_Pricing_Send_PublishPrice
    315           *
    316           * @brief   Call to send out a Publish Price Command
    317           *
    318           * @param   srcEP - Sending application's endpoint
    319           * @param   dstAddr - where you want the message to go 
    320           * @param   disableDefaultRsp - disable default response
    321           * @param   seqNum - ZCL sequence number
    322           *
    323           * @return  ZStatus_t
    324           */

   \                                 In  segment BANKED_CODE, align 1, keep-with-next
    325          ZStatus_t zclSE_Pricing_Send_PublishPrice( uint8 srcEP, afAddrType_t *dstAddr, 
   \                     zclSE_Pricing_Send_PublishPrice:
    326                                                      zclCCPublishPrice_t *cmd,
    327                                                      uint8 disableDefaultRsp, uint8 seqNum )
    328          {
   \   000000   74F0         MOV     A,#-0x10
   \   000002   12....       LCALL   ?BANKED_ENTER_XDATA
   \   000005                ; Saved register size: 16
   \   000005                ; Auto size: 3
   \   000005   74FD         MOV     A,#-0x3
   \   000007   12....       LCALL   ?ALLOC_XSTACK8
   \   00000A   E9           MOV     A,R1
   \   00000B   85..82       MOV     DPL,?XSP + 0
   \   00000E   85..83       MOV     DPH,?XSP + 1
   \   000011   F0           MOVX    @DPTR,A
   \   000012   7401         MOV     A,#0x1
   \   000014   12....       LCALL   ?XSTACK_DISP0_8
   \   000017   12....       LCALL   ?Subroutine24 & 0xFFFF
    329            uint8 *buf;
    330            uint8 *pBuf;
    331            uint8 bufLen;
    332            ZStatus_t status;
    333            
    334            bufLen = PACKET_LEN_SE_PUBLISH_PRICE + cmd->rateLabel.strLen;
   \                     ??CrossCallReturnLabel_38:
   \   00001A   2404         ADD     A,#0x4
   \   00001C   F5..         MOV     ?V0 + 6,A
   \   00001E   EF           MOV     A,R7
   \   00001F   12....       LCALL   ?Subroutine60 & 0xFFFF
   \                     ??CrossCallReturnLabel_109:
   \   000022   E0           MOVX    A,@DPTR
   \   000023   2422         ADD     A,#0x22
   \   000025   12....       LCALL   ?Subroutine54 & 0xFFFF
    335            buf = osal_mem_alloc( bufLen );
    336            if ( buf == NULL )
   \                     ??CrossCallReturnLabel_97:
   \   000028   7005         JNZ     ??zclSE_Pricing_Send_PublishPrice_0
    337              return (ZMemError);
   \   00002A   7910         MOV     R1,#0x10
   \   00002C   02....       LJMP    ??CrossCallReturnLabel_153 & 0xFFFF
    338            
    339            pBuf = buf;
    340            
    341            pBuf = osal_buffer_uint32( pBuf, cmd->providerId );
   \                     ??zclSE_Pricing_Send_PublishPrice_0:
   \   00002F                ; Setup parameters for call to function osal_buffer_uint32
   \   00002F   8E82         MOV     DPL,R6
   \   000031   8F83         MOV     DPH,R7
   \   000033   12....       LCALL   ?PUSH_XSTACK8_X_FOUR
   \   000036   12....       LCALL   ??Subroutine113_0 & 0xFFFF
   \                     ??CrossCallReturnLabel_180:
   \   000039   12....       LCALL   ?DEALLOC_XSTACK8
    342            *pBuf++ = cmd->rateLabel.strLen;
   \   00003C   85..82       MOV     DPL,?V0 + 6
   \   00003F   85..83       MOV     DPH,?V0 + 7
   \   000042   12....       LCALL   ?Subroutine19 & 0xFFFF
    343            pBuf = osal_memcpy( pBuf, cmd->rateLabel.pStr, cmd->rateLabel.strLen );
   \                     ??CrossCallReturnLabel_24:
   \   000045   A3           INC     DPTR
   \   000046   12....       LCALL   ?Subroutine43 & 0xFFFF
   \                     ??CrossCallReturnLabel_67:
   \   000049   12....       LCALL   ?PUSH_XSTACK_I_THREE
   \   00004C   12....       LCALL   ?Subroutine35 & 0xFFFF
   \                     ??CrossCallReturnLabel_158:
   \   00004F   12....       LCALL   ?DEALLOC_XSTACK8
    344            pBuf = osal_buffer_uint32( pBuf, cmd->issuerEventId );
   \   000052                ; Setup parameters for call to function osal_buffer_uint32
   \   000052   8E82         MOV     DPL,R6
   \   000054   8F83         MOV     DPH,R7
   \   000056   A3           INC     DPTR
   \   000057   A3           INC     DPTR
   \   000058   A3           INC     DPTR
   \   000059   A3           INC     DPTR
   \   00005A   A3           INC     DPTR
   \   00005B   A3           INC     DPTR
   \   00005C   A3           INC     DPTR
   \   00005D   12....       LCALL   ?PUSH_XSTACK8_X_FOUR
   \   000060   12....       LCALL   ??Subroutine113_0 & 0xFFFF
   \                     ??CrossCallReturnLabel_181:
   \   000063   12....       LCALL   ?DEALLOC_XSTACK8
    345            pBuf = osal_buffer_uint32( pBuf, cmd->currentTime );
   \   000066                ; Setup parameters for call to function osal_buffer_uint32
   \   000066   EE           MOV     A,R6
   \   000067   240B         ADD     A,#0xb
   \   000069   F582         MOV     DPL,A
   \   00006B   EF           MOV     A,R7
   \   00006C   12....       LCALL   ??Subroutine129_0 & 0xFFFF
   \                     ??CrossCallReturnLabel_282:
   \   00006F   12....       LCALL   ?PUSH_XSTACK8_X_FOUR
   \   000072   12....       LCALL   ??Subroutine113_0 & 0xFFFF
   \                     ??CrossCallReturnLabel_182:
   \   000075   12....       LCALL   ?DEALLOC_XSTACK8
    346            *pBuf++ = cmd->unitOfMeasure;
   \   000078   EE           MOV     A,R6
   \   000079   240F         ADD     A,#0xf
   \   00007B   12....       LCALL   ?Subroutine15 & 0xFFFF
    347            *pBuf++ = LO_UINT16( cmd->currency );
   \                     ??CrossCallReturnLabel_162:
   \   00007E   2410         ADD     A,#0x10
   \   000080   12....       LCALL   ?Subroutine4 & 0xFFFF
    348            *pBuf++ = HI_UINT16( cmd->currency );
    349            *pBuf++ = cmd->priceTralingDigit;
   \                     ??CrossCallReturnLabel_193:
   \   000083   2412         ADD     A,#0x12
   \   000085   12....       LCALL   ?Subroutine20 & 0xFFFF
    350            pBuf = osal_buffer_uint32( pBuf, cmd->startTime );  
   \                     ??CrossCallReturnLabel_26:
   \   000088   2413         ADD     A,#0x13
   \   00008A   F582         MOV     DPL,A
   \   00008C   EF           MOV     A,R7
   \   00008D   12....       LCALL   ??Subroutine129_0 & 0xFFFF
   \                     ??CrossCallReturnLabel_283:
   \   000090   12....       LCALL   ?PUSH_XSTACK8_X_FOUR
   \   000093   12....       LCALL   ??Subroutine113_0 & 0xFFFF
   \                     ??CrossCallReturnLabel_183:
   \   000096   12....       LCALL   ?DEALLOC_XSTACK8
    351            *pBuf++ = LO_UINT16( cmd->durationInMinutes );
   \   000099   EE           MOV     A,R6
   \   00009A   2417         ADD     A,#0x17
   \   00009C   12....       LCALL   ?Subroutine7 & 0xFFFF
    352            *pBuf++ = HI_UINT16( cmd->durationInMinutes );
    353            pBuf = osal_buffer_uint32( pBuf, cmd->price ); 
   \                     ??CrossCallReturnLabel_2:
   \   00009F   2419         ADD     A,#0x19
   \   0000A1   F582         MOV     DPL,A
   \   0000A3   EF           MOV     A,R7
   \   0000A4   12....       LCALL   ??Subroutine129_0 & 0xFFFF
   \                     ??CrossCallReturnLabel_284:
   \   0000A7   12....       LCALL   ?PUSH_XSTACK8_X_FOUR
   \   0000AA   12....       LCALL   ??Subroutine113_0 & 0xFFFF
   \                     ??CrossCallReturnLabel_184:
   \   0000AD   12....       LCALL   ?DEALLOC_XSTACK8
    354            *pBuf++ = cmd->priceRatio;
   \   0000B0   EE           MOV     A,R6
   \   0000B1   241D         ADD     A,#0x1d
   \   0000B3   12....       LCALL   ?Subroutine15 & 0xFFFF
    355            pBuf = osal_buffer_uint32( pBuf, cmd->generationPrice ); 
   \                     ??CrossCallReturnLabel_163:
   \   0000B6   241E         ADD     A,#0x1e
   \   0000B8   F582         MOV     DPL,A
   \   0000BA   EF           MOV     A,R7
   \   0000BB   12....       LCALL   ??Subroutine129_0 & 0xFFFF
   \                     ??CrossCallReturnLabel_285:
   \   0000BE   12....       LCALL   ?PUSH_XSTACK8_X_FOUR
   \   0000C1   12....       LCALL   ??Subroutine113_0 & 0xFFFF
   \                     ??CrossCallReturnLabel_185:
   \   0000C4   12....       LCALL   ?DEALLOC_XSTACK8
    356            *pBuf++ = cmd->generationPriceRatio;
   \   0000C7   EE           MOV     A,R6
   \   0000C8   2422         ADD     A,#0x22
   \   0000CA   12....       LCALL   ?Subroutine15 & 0xFFFF
    357            *pBuf = cmd->priceTier;
   \                     ??CrossCallReturnLabel_164:
   \   0000CD   2423         ADD     A,#0x23
   \   0000CF   12....       LCALL   ?Subroutine49 & 0xFFFF
    358            
    359            status = zcl_SendCommand( srcEP, dstAddr, ZCL_CLUSTER_ID_SE_PRICING,
    360                                    COMMAND_SE_PUBLISH_PRICE, TRUE, 
    361                                    ZCL_FRAME_SERVER_CLIENT_DIR, disableDefaultRsp, 0, 
    362                                    seqNum, bufLen, buf );
   \                     ??CrossCallReturnLabel_89:
   \   0000D2                ; Setup parameters for call to function zcl_SendCommand
   \   0000D2   78..         MOV     R0,#?V0 + 4
   \   0000D4   12....       LCALL   ?PUSH_XSTACK_I_TWO
   \   0000D7   E5..         MOV     A,?V0 + 3
   \   0000D9   F5..         MOV     ?V0 + 0,A
   \   0000DB   78..         MOV     R0,#?V0 + 0
   \   0000DD   12....       LCALL   ?PUSH_XSTACK_I_ONE
   \   0000E0   7417         MOV     A,#0x17
   \   0000E2   12....       LCALL   ?XSTACK_DISP0_8
   \   0000E5   12....       LCALL   ?Subroutine46 & 0xFFFF
   \                     ??CrossCallReturnLabel_75:
   \   0000E8   12....       LCALL   ?PUSH_XSTACK_I_ONE
   \   0000EB   E4           CLR     A
   \   0000EC   F5..         MOV     ?V0 + 0,A
   \   0000EE   F5..         MOV     ?V0 + 1,A
   \   0000F0   78..         MOV     R0,#?V0 + 0
   \   0000F2   12....       LCALL   ?PUSH_XSTACK_I_TWO
   \   0000F5   7419         MOV     A,#0x19
   \   0000F7   12....       LCALL   ?XSTACK_DISP0_8
   \   0000FA   12....       LCALL   ?Subroutine46 & 0xFFFF
   \                     ??CrossCallReturnLabel_76:
   \   0000FD   12....       LCALL   ?PUSH_XSTACK_I_ONE
   \   000100   75..01       MOV     ?V0 + 0,#0x1
   \   000103   78..         MOV     R0,#?V0 + 0
   \   000105   12....       LCALL   ?PUSH_XSTACK_I_ONE
   \   000108   78..         MOV     R0,#?V0 + 0
   \   00010A   12....       LCALL   ?PUSH_XSTACK_I_ONE
   \   00010D   75..00       MOV     ?V0 + 0,#0x0
   \   000110   78..         MOV     R0,#?V0 + 0
   \   000112   12....       LCALL   ?PUSH_XSTACK_I_ONE
   \   000115   7C00         MOV     R4,#0x0
   \   000117   7D07         MOV     R5,#0x7
   \   000119   740B         MOV     A,#0xb
   \   00011B   12....       LCALL   ?XSTACK_DISP0_8
   \   00011E   12....       LCALL   ?Subroutine48 & 0xFFFF
   \                     ??CrossCallReturnLabel_83:
   \   000121   740A         MOV     A,#0xa
   \   000123   12....       LCALL   ?XSTACK_DISP0_8
   \   000126   12....       LCALL   ?Subroutine38 & 0xFFFF
   \                     ??CrossCallReturnLabel_56:
   \   000129   12....       LCALL   ?DEALLOC_XSTACK8
   \   00012C   E9           MOV     A,R1
   \   00012D   FE           MOV     R6,A
    363            osal_mem_free(buf);
   \   00012E                ; Setup parameters for call to function osal_mem_free
   \   00012E   AA..         MOV     R2,?V0 + 4
   \   000130   AB..         MOV     R3,?V0 + 5
   \   000132   12....       LCALL   ??Subroutine103_0 & 0xFFFF
    364            
    365            return status;
   \                     ??CrossCallReturnLabel_153:
   \   000135   7403         MOV     A,#0x3
   \   000137   80..         SJMP    ??Subroutine109_0
    366          }

   \                                 In  segment BANKED_CODE, align 1, keep-with-next
   \                     ?Subroutine35:
   \   000000   85..82       MOV     DPL,?V0 + 6
   \   000003   85..83       MOV     DPH,?V0 + 7
   \   000006                REQUIRE ??Subroutine105_0
   \   000006                ; // Fall through to label ??Subroutine105_0

   \                                 In  segment BANKED_CODE, align 1, keep-with-next
   \                     ??Subroutine105_0:
   \   000000   E0           MOVX    A,@DPTR
   \   000001   FC           MOV     R4,A
   \   000002   7D00         MOV     R5,#0x0
   \   000004   12....       LCALL   ??osal_memcpy?relay
   \   000007   7403         MOV     A,#0x3
   \   000009   22           RET

   \                                 In  segment BANKED_CODE, align 1, keep-with-next
   \                     ?Subroutine15:
   \   000000   12....       LCALL   ?Subroutine100 & 0xFFFF
   \                     ??CrossCallReturnLabel_333:
   \   000003                REQUIRE ??Subroutine106_0
   \   000003                ; // Fall through to label ??Subroutine106_0

   \                                 In  segment BANKED_CODE, align 1, keep-with-next
   \                     ??Subroutine106_0:
   \   000000   12....       LCALL   ?Subroutine82 & 0xFFFF
   \                     ??CrossCallReturnLabel_167:
   \   000003                ; Setup parameters for call to function osal_buffer_uint32
   \   000003   EE           MOV     A,R6
   \   000004   22           RET

   \                                 In  segment BANKED_CODE, align 1, keep-with-next
   \                     ?Subroutine100:
   \   000000   F582         MOV     DPL,A
   \   000002   EF           MOV     A,R7
   \   000003                REQUIRE ??Subroutine107_0
   \   000003                ; // Fall through to label ??Subroutine107_0

   \                                 In  segment BANKED_CODE, align 1, keep-with-next
   \                     ??Subroutine107_0:
   \   000000   3400         ADDC    A,#0x0
   \   000002   F583         MOV     DPH,A
   \   000004   22           RET

   \                                 In  segment BANKED_CODE, align 1, keep-with-next
   \                     ?Subroutine54:
   \   000000   F5..         MOV     ?V0 + 3,A
   \   000002                ; Setup parameters for call to function osal_mem_alloc
   \   000002                ; Setup parameters for call to function osal_mem_alloc
   \   000002   FA           MOV     R2,A
   \   000003   7B00         MOV     R3,#0x0
   \   000005   12....       LCALL   ??osal_mem_alloc?relay
   \   000008   8A..         MOV     ?V0 + 4,R2
   \   00000A   8B..         MOV     ?V0 + 5,R3
   \   00000C   EA           MOV     A,R2
   \   00000D   45..         ORL     A,?V0 + 5
   \   00000F   22           RET

   \                                 In  segment BANKED_CODE, align 1, keep-with-next
   \                     ?Subroutine46:
   \   000000   E0           MOVX    A,@DPTR
   \   000001   F5..         MOV     ?V0 + 0,A
   \   000003   78..         MOV     R0,#?V0 + 0
   \   000005   22           RET

   \                                 In  segment BANKED_CODE, align 1, keep-with-next
   \                     ?Subroutine43:
   \   000000   E0           MOVX    A,@DPTR
   \   000001   F5..         MOV     ?V0 + 0,A
   \   000003   A3           INC     DPTR
   \   000004   E0           MOVX    A,@DPTR
   \   000005   F5..         MOV     ?V0 + 1,A
   \   000007   75..00       MOV     ?V0 + 2,#0x0
   \   00000A   78..         MOV     R0,#?V0 + 0
   \   00000C   22           RET

   \                                 In  segment BANKED_CODE, align 1, keep-with-next
   \                     ?Subroutine24:
   \   000000   12....       LCALL   ??Subroutine127_0 & 0xFFFF
   \                     ??CrossCallReturnLabel_279:
   \   000003   EC           MOV     A,R4
   \   000004   FE           MOV     R6,A
   \   000005   ED           MOV     A,R5
   \   000006   FF           MOV     R7,A
   \   000007   EE           MOV     A,R6
   \   000008   22           RET

   \                                 In  segment BANKED_CODE, align 1, keep-with-next
   \                     ?Subroutine20:
   \   000000   12....       LCALL   ?Subroutine71 & 0xFFFF
   \                     ??CrossCallReturnLabel_200:
   \   000003   22           RET

   \                                 In  segment BANKED_CODE, align 1, keep-with-next
   \                     ?Subroutine71:
   \   000000   12....       LCALL   ?Subroutine100 & 0xFFFF
   \                     ??CrossCallReturnLabel_335:
   \   000003                REQUIRE ??Subroutine111_0
   \   000003                ; // Fall through to label ??Subroutine111_0

   \                                 In  segment BANKED_CODE, align 1, keep-with-next
   \                     ??Subroutine111_0:
   \   000000   12....       LCALL   ?Subroutine96 & 0xFFFF
   \                     ??CrossCallReturnLabel_208:
   \   000003   A3           INC     DPTR
   \   000004   0A           INC     R2
   \   000005   AB83         MOV     R3,DPH
   \   000007                ; Setup parameters for call to function osal_buffer_uint32
   \   000007                ; Setup parameters for call to function osal_memcpy
   \   000007                ; Setup parameters for call to function osal_buffer_uint32
   \   000007   EE           MOV     A,R6
   \   000008   22           RET

   \                                 In  segment BANKED_CODE, align 1, keep-with-next
   \                     ?Subroutine7:
   \   000000   F8           MOV     R0,A
   \   000001   EF           MOV     A,R7
   \   000002   3400         ADDC    A,#0x0
   \   000004   F9           MOV     R1,A
   \   000005   8882         MOV     DPL,R0
   \   000007   8983         MOV     DPH,R1
   \   000009   12....       LCALL   ?Subroutine82 & 0xFFFF
   \                     ??CrossCallReturnLabel_166:
   \   00000C   8882         MOV     DPL,R0
   \   00000E   8983         MOV     DPH,R1
   \   000010   A3           INC     DPTR
   \   000011   12....       LCALL   ??Subroutine111_0 & 0xFFFF
   \                     ??CrossCallReturnLabel_204:
   \   000014   22           RET

   \                                 In  segment BANKED_CODE, align 1, keep-with-next
   \                     ?Subroutine82:
   \   000000   12....       LCALL   ?Subroutine96 & 0xFFFF
   \                     ??CrossCallReturnLabel_207:
   \   000003   A3           INC     DPTR
   \   000004   AA82         MOV     R2,DPL
   \   000006   AB83         MOV     R3,DPH
   \   000008   22           RET

   \                                 In  segment BANKED_CODE, align 1, keep-with-next
   \                     ?Subroutine49:
   \   000000   12....       LCALL   ?Subroutine100 & 0xFFFF
   \                     ??CrossCallReturnLabel_334:
   \   000003   12....       LCALL   ?Subroutine96 & 0xFFFF
   \                     ??CrossCallReturnLabel_206:
   \   000006   22           RET

   \                                 In  segment BANKED_CODE, align 1, keep-with-next
   \                     ?Subroutine96:
   \   000000   E0           MOVX    A,@DPTR
   \   000001   8A82         MOV     DPL,R2
   \   000003   8B83         MOV     DPH,R3
   \   000005   F0           MOVX    @DPTR,A
   \   000006   22           RET

   \                                 In  segment BANKED_CODE, align 1, keep-with-next
   \                     ?Subroutine19:
   \   000000   E0           MOVX    A,@DPTR
   \   000001   12....       LCALL   ?Subroutine73 & 0xFFFF
   \                     ??CrossCallReturnLabel_123:
   \   000004   22           RET

   \                                 In  segment BANKED_CODE, align 1, keep-with-next
   \                     ?Subroutine73:
   \   000000   8A82         MOV     DPL,R2
   \   000002   8B83         MOV     DPH,R3
   \   000004   F0           MOVX    @DPTR,A
   \   000005   A3           INC     DPTR
   \   000006   AA82         MOV     R2,DPL
   \   000008   AB83         MOV     R3,DPH
   \   00000A                ; Setup parameters for call to function osal_buffer_uint32
   \   00000A                ; Setup parameters for call to function osal_buffer_uint32
   \   00000A                ; Setup parameters for call to function osal_memcpy
   \   00000A                ; Setup parameters for call to function osal_buffer_uint32
   \   00000A   8E82         MOV     DPL,R6
   \   00000C   8F83         MOV     DPH,R7
   \   00000E   A3           INC     DPTR
   \   00000F   A3           INC     DPTR
   \   000010   A3           INC     DPTR
   \   000011   A3           INC     DPTR
   \   000012   22           RET

   \                                 In  segment BANKED_CODE, align 1, keep-with-next
   \                     ?Subroutine4:
   \   000000   F8           MOV     R0,A
   \   000001                REQUIRE ??Subroutine114_0
   \   000001                ; // Fall through to label ??Subroutine114_0

   \                                 In  segment BANKED_CODE, align 1, keep-with-next
   \                     ??Subroutine114_0:
   \   000000   EF           MOV     A,R7
   \   000001   12....       LCALL   ?Subroutine90 & 0xFFFF
   \                     ??CrossCallReturnLabel_199:
   \   000004   8A82         MOV     DPL,R2
   \   000006   8B83         MOV     DPH,R3
   \   000008   F0           MOVX    @DPTR,A
   \   000009   A3           INC     DPTR
   \   00000A   0A           INC     R2
   \   00000B   AB83         MOV     R3,DPH
   \   00000D   8882         MOV     DPL,R0
   \   00000F   8983         MOV     DPH,R1
   \   000011   A3           INC     DPTR
   \   000012   12....       LCALL   ??Subroutine111_0 & 0xFFFF
   \                     ??CrossCallReturnLabel_205:
   \   000015   22           RET

   \                                 In  segment BANKED_CODE, align 1, keep-with-next
   \                     ??Subroutine129_0:
   \   000000   12....       LCALL   ??Subroutine107_0 & 0xFFFF
   \                     ??CrossCallReturnLabel_336:
   \   000003   22           RET

   \                                 In  segment BANKED_CODE, align 1, keep-with-next
   \                     ?Subroutine60:
   \   000000   3400         ADDC    A,#0x0
   \   000002   F5..         MOV     ?V0 + 7,A
   \   000004   85..82       MOV     DPL,?V0 + 6
   \   000007   F583         MOV     DPH,A
   \   000009   22           RET

   \                                 In  segment BANKED_CODE, align 1, keep-with-next
   \                     ?Subroutine90:
   \   000000   3400         ADDC    A,#0x0
   \   000002   F9           MOV     R1,A
   \   000003   8882         MOV     DPL,R0
   \   000005   8983         MOV     DPH,R1
   \   000007   E0           MOVX    A,@DPTR
   \   000008   22           RET
    367          #endif
    368          
    369          
    370          #ifdef ZCL_MESSAGE
    371          /*********************************************************************
    372           * @fn      zclSE_Message_Send_DisplayMessage
    373           *
    374           * @brief   Call to send out a Display Message Command
    375           *
    376           * @param   srcEP - Sending application's endpoint
    377           * @param   dstAddr - where you want the message to go
    378           * @param   cmd - command 
    379           * @param   disableDefaultRsp - disable default response
    380           * @param   seqNum - ZCL sequence number
    381           *
    382           * @return  ZStatus_t
    383           */

   \                                 In  segment BANKED_CODE, align 1, keep-with-next
    384          ZStatus_t zclSE_Message_Send_DisplayMessage( uint8 srcEP, afAddrType_t *dstAddr,
   \                     zclSE_Message_Send_DisplayMessage:
    385                                                       zclCCDisplayMessage_t *cmd,
    386                                                       uint8 disableDefaultRsp, uint8 seqNum )
    387          {
   \   000000   74F2         MOV     A,#-0xe
   \   000002   12....       LCALL   ?BANKED_ENTER_XDATA
   \   000005                ; Saved register size: 14
   \   000005                ; Auto size: 3
   \   000005   74FD         MOV     A,#-0x3
   \   000007   12....       LCALL   ?ALLOC_XSTACK8
   \   00000A   E9           MOV     A,R1
   \   00000B   85..82       MOV     DPL,?XSP + 0
   \   00000E   85..83       MOV     DPH,?XSP + 1
   \   000011   F0           MOVX    @DPTR,A
   \   000012   7401         MOV     A,#0x1
   \   000014   12....       LCALL   ?XSTACK_DISP0_8
   \   000017   12....       LCALL   ?Subroutine24 & 0xFFFF
   \                     ??CrossCallReturnLabel_39:
   \   00001A   240D         ADD     A,#0xd
   \   00001C   F582         MOV     DPL,A
   \   00001E   EF           MOV     A,R7
   \   00001F   12....       LCALL   ??Subroutine129_0 & 0xFFFF
   \                     ??CrossCallReturnLabel_286:
   \   000022   E0           MOVX    A,@DPTR
   \   000023   240C         ADD     A,#0xc
   \   000025   12....       LCALL   ?Subroutine54 & 0xFFFF
    388            uint8 *buf;
    389            uint8 *pBuf;
    390            uint8 bufLen;
    391            ZStatus_t status;
    392          
    393            // msgId + msgCtrl + start time + duration + msgLen + msg  
    394            bufLen = 4 + 1 + 4 + 2 + 1 + cmd->msgString.strLen; 
    395            
    396            buf = osal_mem_alloc( bufLen );
    397            
    398            if ( buf == NULL )
   \                     ??CrossCallReturnLabel_98:
   \   000028   7005         JNZ     ??zclSE_Message_Send_DisplayMessage_0
    399              return (ZMemError);
   \   00002A   7910         MOV     R1,#0x10
   \   00002C   02....       LJMP    ??CrossCallReturnLabel_154 & 0xFFFF
    400              
    401            pBuf = buf;
    402            pBuf = osal_buffer_uint32( buf, cmd->messageId );  // Streamline the uint32 data
   \                     ??zclSE_Message_Send_DisplayMessage_0:
   \   00002F                ; Setup parameters for call to function osal_buffer_uint32
   \   00002F   8E82         MOV     DPL,R6
   \   000031   8F83         MOV     DPH,R7
   \   000033   12....       LCALL   ?PUSH_XSTACK8_X_FOUR
   \   000036   12....       LCALL   ??Subroutine113_0 & 0xFFFF
   \                     ??CrossCallReturnLabel_186:
   \   000039   12....       LCALL   ?DEALLOC_XSTACK8
    403            *pBuf++ = cmd->messageCtrl.transmissionMode |
    404                     (cmd->messageCtrl.importance << SE_PROFILE_MSGCTRL_IMPORTANCE)|
    405                     (cmd->messageCtrl.confirmationRequired << SE_PROFILE_MSGCTRL_CONFREQUIRED);
   \   00003C   8E82         MOV     DPL,R6
   \   00003E   8F83         MOV     DPH,R7
   \   000040   A3           INC     DPTR
   \   000041   A3           INC     DPTR
   \   000042   A3           INC     DPTR
   \   000043   A3           INC     DPTR
   \   000044   A3           INC     DPTR
   \   000045   A3           INC     DPTR
   \   000046   E0           MOVX    A,@DPTR
   \   000047   A2E0         MOV     C,0xE0 /* A   */.0
   \   000049   E4           CLR     A
   \   00004A   33           RLC     A
   \   00004B   13           RRC     A
   \   00004C   13           RRC     A
   \   00004D   F9           MOV     R1,A
   \   00004E   8E82         MOV     DPL,R6
   \   000050   8F83         MOV     DPH,R7
   \   000052   A3           INC     DPTR
   \   000053   A3           INC     DPTR
   \   000054   A3           INC     DPTR
   \   000055   A3           INC     DPTR
   \   000056   A3           INC     DPTR
   \   000057   E0           MOVX    A,@DPTR
   \   000058   33           RLC     A
   \   000059   33           RLC     A
   \   00005A   54FC         ANL     A,#0xfc
   \   00005C   8E82         MOV     DPL,R6
   \   00005E   8F83         MOV     DPH,R7
   \   000060   A3           INC     DPTR
   \   000061   A3           INC     DPTR
   \   000062   A3           INC     DPTR
   \   000063   A3           INC     DPTR
   \   000064   F8           MOV     R0,A
   \   000065   E0           MOVX    A,@DPTR
   \   000066   48           ORL     A,R0
   \   000067   49           ORL     A,R1
   \   000068   12....       LCALL   ?Subroutine14 & 0xFFFF
    406            pBuf = osal_buffer_uint32( pBuf, cmd->startTime );
   \                     ??CrossCallReturnLabel_13:
   \   00006B   12....       LCALL   ?PUSH_XSTACK8_X_FOUR
   \   00006E   12....       LCALL   ??Subroutine113_0 & 0xFFFF
   \                     ??CrossCallReturnLabel_187:
   \   000071   12....       LCALL   ?DEALLOC_XSTACK8
    407            *pBuf++ = LO_UINT16( cmd->durationInMinutes );
   \   000074   EE           MOV     A,R6
   \   000075   240B         ADD     A,#0xb
   \   000077   12....       LCALL   ?Subroutine7 & 0xFFFF
    408            *pBuf++ = HI_UINT16( cmd->durationInMinutes );
    409            *pBuf++ = cmd->msgString.strLen;
   \                     ??CrossCallReturnLabel_3:
   \   00007A   240D         ADD     A,#0xd
   \   00007C   12....       LCALL   ?Subroutine20 & 0xFFFF
    410            
    411            osal_memcpy( pBuf, cmd->msgString.pStr, cmd->msgString.strLen );
   \                     ??CrossCallReturnLabel_27:
   \   00007F   240E         ADD     A,#0xe
   \   000081   F582         MOV     DPL,A
   \   000083   EF           MOV     A,R7
   \   000084   12....       LCALL   ??Subroutine129_0 & 0xFFFF
   \                     ??CrossCallReturnLabel_287:
   \   000087   12....       LCALL   ?Subroutine43 & 0xFFFF
   \                     ??CrossCallReturnLabel_68:
   \   00008A   12....       LCALL   ?PUSH_XSTACK_I_THREE
   \   00008D   EE           MOV     A,R6
   \   00008E   240D         ADD     A,#0xd
   \   000090   F582         MOV     DPL,A
   \   000092   EF           MOV     A,R7
   \   000093   12....       LCALL   ??Subroutine129_0 & 0xFFFF
   \                     ??CrossCallReturnLabel_288:
   \   000096   12....       LCALL   ??Subroutine105_0 & 0xFFFF
   \                     ??CrossCallReturnLabel_160:
   \   000099   12....       LCALL   ?DEALLOC_XSTACK8
    412            
    413            status = zcl_SendCommand( srcEP, dstAddr, ZCL_CLUSTER_ID_SE_MESSAGE,
    414                                    COMMAND_SE_DISPLAY_MESSAGE, TRUE, 
    415                                    ZCL_FRAME_SERVER_CLIENT_DIR, disableDefaultRsp, 0, seqNum, bufLen, buf );
   \   00009C                ; Setup parameters for call to function zcl_SendCommand
   \   00009C   78..         MOV     R0,#?V0 + 4
   \   00009E   12....       LCALL   ?PUSH_XSTACK_I_TWO
   \   0000A1   E5..         MOV     A,?V0 + 3
   \   0000A3   F5..         MOV     ?V0 + 0,A
   \   0000A5   78..         MOV     R0,#?V0 + 0
   \   0000A7   12....       LCALL   ?PUSH_XSTACK_I_ONE
   \   0000AA   7415         MOV     A,#0x15
   \   0000AC   12....       LCALL   ?XSTACK_DISP0_8
   \   0000AF   12....       LCALL   ?Subroutine46 & 0xFFFF
   \                     ??CrossCallReturnLabel_77:
   \   0000B2   12....       LCALL   ?PUSH_XSTACK_I_ONE
   \   0000B5   E4           CLR     A
   \   0000B6   F5..         MOV     ?V0 + 0,A
   \   0000B8   F5..         MOV     ?V0 + 1,A
   \   0000BA   78..         MOV     R0,#?V0 + 0
   \   0000BC   12....       LCALL   ?PUSH_XSTACK_I_TWO
   \   0000BF   7417         MOV     A,#0x17
   \   0000C1   12....       LCALL   ?XSTACK_DISP0_8
   \   0000C4   12....       LCALL   ?Subroutine46 & 0xFFFF
   \                     ??CrossCallReturnLabel_78:
   \   0000C7   12....       LCALL   ?PUSH_XSTACK_I_ONE
   \   0000CA   75..01       MOV     ?V0 + 0,#0x1
   \   0000CD   78..         MOV     R0,#?V0 + 0
   \   0000CF   12....       LCALL   ?PUSH_XSTACK_I_ONE
   \   0000D2   78..         MOV     R0,#?V0 + 0
   \   0000D4   12....       LCALL   ?PUSH_XSTACK_I_ONE
   \   0000D7   75..00       MOV     ?V0 + 0,#0x0
   \   0000DA   78..         MOV     R0,#?V0 + 0
   \   0000DC   12....       LCALL   ?PUSH_XSTACK_I_ONE
   \   0000DF   7C03         MOV     R4,#0x3
   \   0000E1   7D07         MOV     R5,#0x7
   \   0000E3   740B         MOV     A,#0xb
   \   0000E5   12....       LCALL   ?XSTACK_DISP0_8
   \   0000E8   12....       LCALL   ?Subroutine48 & 0xFFFF
   \                     ??CrossCallReturnLabel_84:
   \   0000EB   740A         MOV     A,#0xa
   \   0000ED   12....       LCALL   ?XSTACK_DISP0_8
   \   0000F0   12....       LCALL   ?Subroutine38 & 0xFFFF
   \                     ??CrossCallReturnLabel_57:
   \   0000F3   12....       LCALL   ?DEALLOC_XSTACK8
   \   0000F6   E9           MOV     A,R1
   \   0000F7   FE           MOV     R6,A
    416            osal_mem_free(buf);
   \   0000F8                ; Setup parameters for call to function osal_mem_free
   \   0000F8   AA..         MOV     R2,?V0 + 4
   \   0000FA   AB..         MOV     R3,?V0 + 5
   \   0000FC   12....       LCALL   ??Subroutine103_0 & 0xFFFF
    417            return status;
   \                     ??CrossCallReturnLabel_154:
   \   0000FF   7403         MOV     A,#0x3
   \   000101   02....       LJMP    ?Subroutine3 & 0xFFFF
    418          }

   \                                 In  segment BANKED_CODE, align 1, keep-with-next
   \                     ?Subroutine14:
   \   000000   12....       LCALL   ?Subroutine73 & 0xFFFF
   \                     ??CrossCallReturnLabel_122:
   \   000003   A3           INC     DPTR
   \   000004   A3           INC     DPTR
   \   000005   A3           INC     DPTR
   \   000006   22           RET

   \                                 In  segment BANKED_CODE, align 1, keep-with-next
   \                     ?Subroutine3:
   \   000000   12....       LCALL   ?DEALLOC_XSTACK8
   \   000003   7F06         MOV     R7,#0x6
   \   000005   02....       LJMP    ?BANKED_LEAVE_XDATA
    419          
    420          /*********************************************************************
    421           * @fn      zclSE_Message_Send_CancelMessage
    422           *
    423           * @brief   Call to send out a Cancel Message Command
    424           *
    425           * @param   srcEP - Sending application's endpoint
    426           * @param   dstAddr - where you want the message to go
    427           * @param   msgId - Message ID
    428           * @param   msgCtrl - Message Control
    429           * @param   disableDefaultRsp - disable default response
    430           * @param   seqNum - ZCL sequence number
    431           *
    432           * @return  ZStatus_t
    433           */

   \                                 In  segment BANKED_CODE, align 1, keep-with-next
    434          ZStatus_t zclSE_Message_Send_CancelMessage( uint8 srcEP, afAddrType_t *dstAddr,
   \                     zclSE_Message_Send_CancelMessage:
    435                                                                uint32 msgId, uint8 msgCtrl,
    436                                                                uint8 disableDefaultRsp, uint8 seqNum )
    437          {
   \   000000   74F0         MOV     A,#-0x10
   \   000002   12....       LCALL   ?BANKED_ENTER_XDATA
   \   000005                ; Saved register size: 16
   \   000005                ; Auto size: 5
   \   000005   74FB         MOV     A,#-0x5
   \   000007   12....       LCALL   ?ALLOC_XSTACK8
   \   00000A   E9           MOV     A,R1
   \   00000B   FF           MOV     R7,A
   \   00000C   8A..         MOV     ?V0 + 6,R2
   \   00000E   8B..         MOV     ?V0 + 7,R3
   \   000010   EC           MOV     A,R4
   \   000011   FE           MOV     R6,A
   \   000012   8D..         MOV     ?V0 + 5,R5
   \   000014   7415         MOV     A,#0x15
   \   000016   12....       LCALL   ?XSTACK_DISP0_8
   \   000019   78..         MOV     R0,#?V0 + 0
   \   00001B   12....       LCALL   ?L_MOV_X
   \   00001E   7419         MOV     A,#0x19
   \   000020   12....       LCALL   ?XSTACK_DISP0_8
   \   000023   E0           MOVX    A,@DPTR
   \   000024   F5..         MOV     ?V0 + 4,A
    438            uint8 buf[5];
    439              
    440            osal_buffer_uint32( buf, msgId );  // Streamline the uint32 data
   \   000026                ; Setup parameters for call to function osal_buffer_uint32
   \   000026   78..         MOV     R0,#?V0 + 0
   \   000028   12....       LCALL   ?PUSH_XSTACK_I_FOUR
   \   00002B   7404         MOV     A,#0x4
   \   00002D   12....       LCALL   ?XSTACK_DISP0_8
   \   000030   12....       LCALL   ?Subroutine52 & 0xFFFF
   \                     ??CrossCallReturnLabel_174:
   \   000033   12....       LCALL   ?DEALLOC_XSTACK8
    441            buf[4] = msgCtrl;
   \   000036   7404         MOV     A,#0x4
   \   000038   12....       LCALL   ?XSTACK_DISP0_8
   \   00003B   EE           MOV     A,R6
   \   00003C   12....       LCALL   ??Subroutine104_0 & 0xFFFF
    442            
    443            return zcl_SendCommand( srcEP, dstAddr, ZCL_CLUSTER_ID_SE_MESSAGE,
    444                                    COMMAND_SE_CANCEL_MESSAGE, TRUE, 
    445                                    ZCL_FRAME_SERVER_CLIENT_DIR, disableDefaultRsp, 0, seqNum, 5, buf );
   \                     ??CrossCallReturnLabel_157:
   \   00003F   12....       LCALL   ?PUSH_XSTACK_I_TWO
   \   000042   75..05       MOV     ?V0 + 0,#0x5
   \   000045   78..         MOV     R0,#?V0 + 0
   \   000047   12....       LCALL   ?PUSH_XSTACK_I_ONE
   \   00004A   E5..         MOV     A,?V0 + 4
   \   00004C   F5..         MOV     ?V0 + 0,A
   \   00004E   78..         MOV     R0,#?V0 + 0
   \   000050   12....       LCALL   ?PUSH_XSTACK_I_ONE
   \   000053   E4           CLR     A
   \   000054   F5..         MOV     ?V0 + 0,A
   \   000056   F5..         MOV     ?V0 + 1,A
   \   000058   78..         MOV     R0,#?V0 + 0
   \   00005A   12....       LCALL   ?PUSH_XSTACK_I_TWO
   \   00005D   E5..         MOV     A,?V0 + 5
   \   00005F   F5..         MOV     ?V0 + 0,A
   \   000061   78..         MOV     R0,#?V0 + 0
   \   000063   12....       LCALL   ?PUSH_XSTACK_I_ONE
   \   000066   75..01       MOV     ?V0 + 0,#0x1
   \   000069   78..         MOV     R0,#?V0 + 0
   \   00006B   12....       LCALL   ?PUSH_XSTACK_I_ONE
   \   00006E   78..         MOV     R0,#?V0 + 0
   \   000070   12....       LCALL   ?PUSH_XSTACK_I_ONE
   \   000073   78..         MOV     R0,#?V0 + 0
   \   000075   12....       LCALL   ?PUSH_XSTACK_I_ONE
   \   000078   7C03         MOV     R4,#0x3
   \   00007A   7D07         MOV     R5,#0x7
   \   00007C   AA..         MOV     R2,?V0 + 6
   \   00007E   AB..         MOV     R3,?V0 + 7
   \   000080   EF           MOV     A,R7
   \   000081   F9           MOV     R1,A
   \   000082   02....       LJMP    ??Subroutine108_0 & 0xFFFF
    446          }
    447          
    448          /*********************************************************************
    449           * @fn      zclSE_Message_Send_MessageConfirmation
    450           *
    451           * @brief   Call to send out a Message Confirmation 
    452           *
    453           * @param   srcEP - Sending application's endpoint
    454           * @param   dstAddr - where you want the message to go
    455           * @param   msgId - Message ID
    456           * @param   confirmTime - Confirmation Time
    457           *
    458           * @return  ZStatus_t
    459           */

   \                                 In  segment BANKED_CODE, align 1, keep-with-next
    460          ZStatus_t zclSE_Message_Send_MessageConfirmation( uint8 srcEP, afAddrType_t *dstAddr,
   \                     zclSE_Message_Send_MessageConfirmation:
    461                                                                uint32 msgId, uint32 confirmTime,
    462                                                                uint8 disableDefaultRsp, uint8 seqNum )
    463          {
   \   000000   74F0         MOV     A,#-0x10
   \   000002   12....       LCALL   ?BANKED_ENTER_XDATA
   \   000005                ; Saved register size: 16
   \   000005                ; Auto size: 11
   \   000005   74F5         MOV     A,#-0xb
   \   000007   12....       LCALL   ?ALLOC_XSTACK8
   \   00000A   7401         MOV     A,#0x1
   \   00000C   12....       LCALL   ?XSTACK_DISP0_8
   \   00000F   12....       LCALL   ??Subroutine127_0 & 0xFFFF
   \                     ??CrossCallReturnLabel_277:
   \   000012   EC           MOV     A,R4
   \   000013   85..82       MOV     DPL,?XSP + 0
   \   000016   85..83       MOV     DPH,?XSP + 1
   \   000019   F0           MOVX    @DPTR,A
   \   00001A   E9           MOV     A,R1
   \   00001B   FF           MOV     R7,A
   \   00001C   ED           MOV     A,R5
   \   00001D   FE           MOV     R6,A
   \   00001E   741B         MOV     A,#0x1b
   \   000020   12....       LCALL   ?XSTACK_DISP0_8
   \   000023   78..         MOV     R0,#?V0 + 4
   \   000025   12....       LCALL   ?L_MOV_X
   \   000028   741F         MOV     A,#0x1f
   \   00002A   12....       LCALL   ?XSTACK_DISP0_8
   \   00002D   78..         MOV     R0,#?V0 + 0
   \   00002F   12....       LCALL   ?L_MOV_X
    464            uint8 buf[8];
    465              
    466            osal_buffer_uint32( buf, msgId );  // Streamline the uint32 data
   \   000032                ; Setup parameters for call to function osal_buffer_uint32
   \   000032   78..         MOV     R0,#?V0 + 4
   \   000034   12....       LCALL   ?PUSH_XSTACK_I_FOUR
   \   000037   7407         MOV     A,#0x7
   \   000039   12....       LCALL   ?XSTACK_DISP0_8
   \   00003C   12....       LCALL   ?Subroutine52 & 0xFFFF
   \                     ??CrossCallReturnLabel_175:
   \   00003F   12....       LCALL   ?DEALLOC_XSTACK8
    467            osal_buffer_uint32( &buf[4], confirmTime );  // Streamline the uint32 data
   \   000042                ; Setup parameters for call to function osal_buffer_uint32
   \   000042   78..         MOV     R0,#?V0 + 0
   \   000044   12....       LCALL   ?PUSH_XSTACK_I_FOUR
   \   000047   740B         MOV     A,#0xb
   \   000049   12....       LCALL   ?XSTACK_DISP0_8
   \   00004C   12....       LCALL   ?Subroutine52 & 0xFFFF
   \                     ??CrossCallReturnLabel_176:
   \   00004F   12....       LCALL   ?DEALLOC_XSTACK8
    468            
    469            return zcl_SendCommand( srcEP, dstAddr, ZCL_CLUSTER_ID_SE_MESSAGE,
    470                                    COMMAND_SE_MESSAGE_CONFIRMATION, TRUE, 
    471                                    ZCL_FRAME_CLIENT_SERVER_DIR, disableDefaultRsp, 0, seqNum, 8, buf );
   \   000052                ; Setup parameters for call to function zcl_SendCommand
   \   000052   7403         MOV     A,#0x3
   \   000054   12....       LCALL   ?XSTACK_DISP0_8
   \   000057   8582..       MOV     ?V0 + 0,DPL
   \   00005A   8583..       MOV     ?V0 + 1,DPH
   \   00005D   78..         MOV     R0,#?V0 + 0
   \   00005F   12....       LCALL   ?PUSH_XSTACK_I_TWO
   \   000062   75..08       MOV     ?V0 + 0,#0x8
   \   000065   78..         MOV     R0,#?V0 + 0
   \   000067   12....       LCALL   ?PUSH_XSTACK_I_ONE
   \   00006A   EE           MOV     A,R6
   \   00006B   F5..         MOV     ?V0 + 0,A
   \   00006D   78..         MOV     R0,#?V0 + 0
   \   00006F   12....       LCALL   ?PUSH_XSTACK_I_ONE
   \   000072   E4           CLR     A
   \   000073   F5..         MOV     ?V0 + 0,A
   \   000075   F5..         MOV     ?V0 + 1,A
   \   000077   78..         MOV     R0,#?V0 + 0
   \   000079   12....       LCALL   ?PUSH_XSTACK_I_TWO
   \   00007C   7406         MOV     A,#0x6
   \   00007E   12....       LCALL   ?XSTACK_DISP0_8
   \   000081   12....       LCALL   ?Subroutine46 & 0xFFFF
   \                     ??CrossCallReturnLabel_79:
   \   000084   12....       LCALL   ?PUSH_XSTACK_I_ONE
   \   000087   75..00       MOV     ?V0 + 0,#0x0
   \   00008A   78..         MOV     R0,#?V0 + 0
   \   00008C   12....       LCALL   ?PUSH_XSTACK_I_ONE
   \   00008F   75..01       MOV     ?V0 + 0,#0x1
   \   000092   78..         MOV     R0,#?V0 + 0
   \   000094   12....       LCALL   ?PUSH_XSTACK_I_ONE
   \   000097   78..         MOV     R0,#?V0 + 0
   \   000099   12....       LCALL   ?PUSH_XSTACK_I_ONE
   \   00009C   7C03         MOV     R4,#0x3
   \   00009E   7D07         MOV     R5,#0x7
   \   0000A0   740B         MOV     A,#0xb
   \   0000A2   12....       LCALL   ?XSTACK_DISP0_8
   \   0000A5   12....       LCALL   ?Subroutine48 & 0xFFFF
   \                     ??CrossCallReturnLabel_85:
   \   0000A8   EF           MOV     A,R7
   \   0000A9   12....       LCALL   ?Subroutine55 & 0xFFFF
   \                     ??CrossCallReturnLabel_168:
   \   0000AC   12....       LCALL   ?DEALLOC_XSTACK8
   \   0000AF   740B         MOV     A,#0xb
   \   0000B1   02....       LJMP    ??Subroutine109_0 & 0xFFFF
    472          }
    473          #endif
    474          
    475          #ifdef ZCL_LOAD_CONTROL
    476          /*********************************************************************
    477           * @fn      zclSE_LoadControl_Send_LoadControlEvent
    478           *
    479           * @brief   Call to send out a Load Control Event 
    480           *
    481           * @param   srcEP - Sending application's endpoint
    482           * @param   dstAddr - where you want the message to go
    483           * @param   cmd - zclCCLoadControlEvent_t
    484           * @param   disableDefaultRsp - disable default response
    485           * @param   seqNum - ZCL sequence number
    486           *
    487           * @return  ZStatus_t
    488           */

   \                                 In  segment BANKED_CODE, align 1, keep-with-next
    489          ZStatus_t zclSE_LoadControl_Send_LoadControlEvent( uint8 srcEP, afAddrType_t *dstAddr,
   \                     zclSE_LoadControl_Send_LoadControlEvent:
    490                                                                zclCCLoadControlEvent_t* cmd,
    491                                                                uint8 disableDefaultRsp, uint8 seqNum )
    492          {
   \   000000   74F0         MOV     A,#-0x10
   \   000002   12....       LCALL   ?BANKED_ENTER_XDATA
   \   000005                ; Saved register size: 16
   \   000005                ; Auto size: 1
   \   000005   74FF         MOV     A,#-0x1
   \   000007   12....       LCALL   ?ALLOC_XSTACK8
   \   00000A   E9           MOV     A,R1
   \   00000B   85..82       MOV     DPL,?XSP + 0
   \   00000E   85..83       MOV     DPH,?XSP + 1
   \   000011   F0           MOVX    @DPTR,A
   \   000012   8A..         MOV     ?V0 + 2,R2
   \   000014   8B..         MOV     ?V0 + 3,R3
   \   000016   EC           MOV     A,R4
   \   000017   FE           MOV     R6,A
   \   000018   ED           MOV     A,R5
   \   000019   FF           MOV     R7,A
   \   00001A   7411         MOV     A,#0x11
   \   00001C   12....       LCALL   ?XSTACK_DISP0_8
   \   00001F   E0           MOVX    A,@DPTR
   \   000020   F5..         MOV     ?V0 + 7,A
   \   000022   7412         MOV     A,#0x12
   \   000024   12....       LCALL   ?XSTACK_DISP0_8
   \   000027   E0           MOVX    A,@DPTR
   \   000028   F5..         MOV     ?V0 + 6,A
    493            uint8 *buf;
    494            uint8 *pBuf;
    495            ZStatus_t status;
    496            
    497            buf = osal_mem_alloc( PACKET_LEN_SE_LOAD_CONTROL_EVENT );
   \   00002A                ; Setup parameters for call to function osal_mem_alloc
   \   00002A   7A17         MOV     R2,#0x17
   \   00002C   12....       LCALL   ?Subroutine53 & 0xFFFF
    498            
    499            if ( buf == NULL )
   \                     ??CrossCallReturnLabel_95:
   \   00002F   7005         JNZ     ??zclSE_LoadControl_Send_LoadControlEvent_0
    500              return (ZMemError);
   \   000031   7910         MOV     R1,#0x10
   \   000033   02....       LJMP    ??CrossCallReturnLabel_151 & 0xFFFF
    501          
    502            pBuf = buf;
    503            pBuf = osal_buffer_uint32( pBuf, cmd->issuerEvent );
   \                     ??zclSE_LoadControl_Send_LoadControlEvent_0:
   \   000036                ; Setup parameters for call to function osal_buffer_uint32
   \   000036   8E82         MOV     DPL,R6
   \   000038   8F83         MOV     DPH,R7
   \   00003A   12....       LCALL   ?PUSH_XSTACK8_X_FOUR
   \   00003D   12....       LCALL   ??Subroutine113_0 & 0xFFFF
   \                     ??CrossCallReturnLabel_188:
   \   000040   12....       LCALL   ?DEALLOC_XSTACK8
    504            pBuf = osal_buffer_uint24( pBuf, cmd->deviceGroupClass );
   \   000043                ; Setup parameters for call to function osal_buffer_uint24
   \   000043   8E82         MOV     DPL,R6
   \   000045   8F83         MOV     DPH,R7
   \   000047   A3           INC     DPTR
   \   000048   A3           INC     DPTR
   \   000049   A3           INC     DPTR
   \   00004A   A3           INC     DPTR
   \   00004B   12....       LCALL   ?PUSH_XSTACK8_X_FOUR
   \   00004E   12....       LCALL   ??osal_buffer_uint24?relay
   \   000051   7404         MOV     A,#0x4
   \   000053   12....       LCALL   ?DEALLOC_XSTACK8
    505            pBuf = osal_buffer_uint32( pBuf, cmd->startTime );
   \   000056                ; Setup parameters for call to function osal_buffer_uint32
   \   000056   8E82         MOV     DPL,R6
   \   000058   8F83         MOV     DPH,R7
   \   00005A   A3           INC     DPTR
   \   00005B   A3           INC     DPTR
   \   00005C   A3           INC     DPTR
   \   00005D   A3           INC     DPTR
   \   00005E   A3           INC     DPTR
   \   00005F   A3           INC     DPTR
   \   000060   A3           INC     DPTR
   \   000061   A3           INC     DPTR
   \   000062   12....       LCALL   ?PUSH_XSTACK8_X_FOUR
   \   000065   12....       LCALL   ??Subroutine113_0 & 0xFFFF
   \                     ??CrossCallReturnLabel_189:
   \   000068   12....       LCALL   ?DEALLOC_XSTACK8
    506            *pBuf++ = LO_UINT16( cmd->durationInMinutes );
   \   00006B   EE           MOV     A,R6
   \   00006C   240C         ADD     A,#0xc
   \   00006E   12....       LCALL   ?Subroutine7 & 0xFFFF
    507            *pBuf++ = HI_UINT16( cmd->durationInMinutes );
    508            *pBuf++ = cmd->criticalityLevel;
   \                     ??CrossCallReturnLabel_4:
   \   000071   12....       LCALL   ?Subroutine6 & 0xFFFF
    509            *pBuf++ = cmd->coolingTemperatureOffset;
    510            *pBuf++ = cmd->heatingTemperatureOffset;
    511            *pBuf++ = LO_UINT16( cmd->coolingTemperatureSetPoint );
   \                     ??CrossCallReturnLabel_0:
   \   000074   12....       LCALL   ?Subroutine4 & 0xFFFF
    512            *pBuf++ = HI_UINT16( cmd->coolingTemperatureSetPoint );
    513            *pBuf++ = LO_UINT16( cmd->heatingTemperatureSetPoint );
   \                     ??CrossCallReturnLabel_194:
   \   000077   2413         ADD     A,#0x13
   \   000079   08           INC     R0
   \   00007A   08           INC     R0
   \   00007B   12....       LCALL   ??Subroutine114_0 & 0xFFFF
    514            *pBuf++ = HI_UINT16( cmd->heatingTemperatureSetPoint );
    515            *pBuf++ = cmd->averageLoadAdjustmentPercentage;
   \                     ??CrossCallReturnLabel_196:
   \   00007E   2415         ADD     A,#0x15
   \   000080   12....       LCALL   ?Subroutine20 & 0xFFFF
    516            *pBuf++ = cmd->dutyCycle;
   \                     ??CrossCallReturnLabel_28:
   \   000083   2416         ADD     A,#0x16
   \   000085   12....       LCALL   ?Subroutine20 & 0xFFFF
    517            *pBuf = cmd->eventControl;
   \                     ??CrossCallReturnLabel_29:
   \   000088   2417         ADD     A,#0x17
   \   00008A   12....       LCALL   ?Subroutine49 & 0xFFFF
    518            
    519            status = zcl_SendCommand( srcEP, dstAddr, ZCL_CLUSTER_ID_SE_LOAD_CONTROL,
    520                                    COMMAND_SE_LOAD_CONTROL_EVENT, TRUE, 
    521                                    ZCL_FRAME_SERVER_CLIENT_DIR, disableDefaultRsp, 0, seqNum, 
    522                                    PACKET_LEN_SE_LOAD_CONTROL_EVENT, buf );
   \                     ??CrossCallReturnLabel_90:
   \   00008D                ; Setup parameters for call to function zcl_SendCommand
   \   00008D   78..         MOV     R0,#?V0 + 0
   \   00008F   12....       LCALL   ?PUSH_XSTACK_I_TWO
   \   000092   75..17       MOV     ?V0 + 4,#0x17
   \   000095   78..         MOV     R0,#?V0 + 4
   \   000097   12....       LCALL   ?PUSH_XSTACK_I_ONE
   \   00009A   E5..         MOV     A,?V0 + 6
   \   00009C   F5..         MOV     ?V0 + 4,A
   \   00009E   78..         MOV     R0,#?V0 + 4
   \   0000A0   12....       LCALL   ?PUSH_XSTACK_I_ONE
   \   0000A3   E4           CLR     A
   \   0000A4   F5..         MOV     ?V0 + 4,A
   \   0000A6   F5..         MOV     ?V0 + 5,A
   \   0000A8   78..         MOV     R0,#?V0 + 4
   \   0000AA   12....       LCALL   ?PUSH_XSTACK_I_TWO
   \   0000AD   E5..         MOV     A,?V0 + 7
   \   0000AF   F5..         MOV     ?V0 + 4,A
   \   0000B1   78..         MOV     R0,#?V0 + 4
   \   0000B3   12....       LCALL   ?PUSH_XSTACK_I_ONE
   \   0000B6   75..01       MOV     ?V0 + 4,#0x1
   \   0000B9   78..         MOV     R0,#?V0 + 4
   \   0000BB   12....       LCALL   ?PUSH_XSTACK_I_ONE
   \   0000BE   78..         MOV     R0,#?V0 + 4
   \   0000C0   12....       LCALL   ?PUSH_XSTACK_I_ONE
   \   0000C3   75..00       MOV     ?V0 + 4,#0x0
   \   0000C6   78..         MOV     R0,#?V0 + 4
   \   0000C8   12....       LCALL   ?PUSH_XSTACK_I_ONE
   \   0000CB   7C01         MOV     R4,#0x1
   \   0000CD   7D07         MOV     R5,#0x7
   \   0000CF   AA..         MOV     R2,?V0 + 2
   \   0000D1   AB..         MOV     R3,?V0 + 3
   \   0000D3   740A         MOV     A,#0xa
   \   0000D5   12....       LCALL   ?XSTACK_DISP0_8
   \   0000D8   12....       LCALL   ?Subroutine38 & 0xFFFF
   \                     ??CrossCallReturnLabel_58:
   \   0000DB   12....       LCALL   ?DEALLOC_XSTACK8
   \   0000DE   12....       LCALL   ?Subroutine65 & 0xFFFF
    523            osal_mem_free(buf);
    524            
    525            return status;
   \                     ??CrossCallReturnLabel_151:
   \   0000E1   7401         MOV     A,#0x1
   \   0000E3   02....       LJMP    ??Subroutine109_0 & 0xFFFF
    526          }

   \                                 In  segment BANKED_CODE, align 1, keep-with-next
   \                     ?Subroutine6:
   \   000000   240E         ADD     A,#0xe
   \   000002   12....       LCALL   ?Subroutine71 & 0xFFFF
   \                     ??CrossCallReturnLabel_201:
   \   000005   240F         ADD     A,#0xf
   \   000007   12....       LCALL   ?Subroutine71 & 0xFFFF
   \                     ??CrossCallReturnLabel_202:
   \   00000A   2410         ADD     A,#0x10
   \   00000C   12....       LCALL   ?Subroutine71 & 0xFFFF
   \                     ??CrossCallReturnLabel_203:
   \   00000F   2411         ADD     A,#0x11
   \   000011   22           RET
    527          
    528          /*********************************************************************
    529           * @fn      zclSE_LoadControl_Send_CancelLoadControlEvent
    530           *
    531           * @brief   Call to send out a Cancel Load Control Event 
    532           *
    533           * @param   srcEP - Sending application's endpoint
    534           * @param   dstAddr - where you want the message to go
    535           * @param   disableDefaultRsp - disable default response
    536           * @param   seqNum - ZCL sequence number
    537           *
    538           * @return  ZStatus_t
    539           */

   \                                 In  segment BANKED_CODE, align 1, keep-with-next
    540          ZStatus_t zclSE_LoadControl_Send_CancelLoadControlEvent( uint8 srcEP, afAddrType_t *dstAddr,
   \                     zclSE_LoadControl_Send_CancelLoadControlEvent:
    541                                                                zclCCCancelLoadControlEvent_t *cmd,
    542                                                                uint8 disableDefaultRsp, uint8 seqNum )
    543          {
   \   000000   74F0         MOV     A,#-0x10
   \   000002   12....       LCALL   ?BANKED_ENTER_XDATA
   \   000005                ; Saved register size: 16
   \   000005                ; Auto size: 12
   \   000005   74F4         MOV     A,#-0xc
   \   000007   12....       LCALL   ?ALLOC_XSTACK8
   \   00000A   89..         MOV     ?V0 + 4,R1
   \   00000C   8A..         MOV     ?V0 + 6,R2
   \   00000E   8B..         MOV     ?V0 + 7,R3
   \   000010   EC           MOV     A,R4
   \   000011   FE           MOV     R6,A
   \   000012   ED           MOV     A,R5
   \   000013   FF           MOV     R7,A
   \   000014   741C         MOV     A,#0x1c
   \   000016   12....       LCALL   ?XSTACK_DISP0_8
   \   000019   E0           MOVX    A,@DPTR
   \   00001A   F5..         MOV     ?V0 + 0,A
   \   00001C   741D         MOV     A,#0x1d
   \   00001E   12....       LCALL   ?XSTACK_DISP0_8
   \   000021   E0           MOVX    A,@DPTR
   \   000022   F5..         MOV     ?V0 + 1,A
    544            uint8 buf[PACKET_LEN_SE_CANCEL_LOAD_CONTROL_EVENT];
    545            uint8 *pBuf;
    546          
    547            pBuf = buf;
    548              
    549            pBuf = osal_buffer_uint32( pBuf, cmd->issuerEventID );
   \   000024                ; Setup parameters for call to function osal_buffer_uint32
   \   000024   8E82         MOV     DPL,R6
   \   000026   8F83         MOV     DPH,R7
   \   000028   12....       LCALL   ?PUSH_XSTACK8_X_FOUR
   \   00002B   7404         MOV     A,#0x4
   \   00002D   12....       LCALL   ?XSTACK_DISP0_8
   \   000030   12....       LCALL   ?Subroutine52 & 0xFFFF
   \                     ??CrossCallReturnLabel_177:
   \   000033   12....       LCALL   ?DEALLOC_XSTACK8
    550            pBuf = osal_buffer_uint24( pBuf, cmd->deviceGroupClass );
   \   000036                ; Setup parameters for call to function osal_buffer_uint24
   \   000036   8E82         MOV     DPL,R6
   \   000038   8F83         MOV     DPH,R7
   \   00003A   A3           INC     DPTR
   \   00003B   A3           INC     DPTR
   \   00003C   A3           INC     DPTR
   \   00003D   A3           INC     DPTR
   \   00003E   12....       LCALL   ?PUSH_XSTACK8_X_FOUR
   \   000041   12....       LCALL   ??osal_buffer_uint24?relay
   \   000044   7404         MOV     A,#0x4
   \   000046   12....       LCALL   ?DEALLOC_XSTACK8
    551            *pBuf++ = cmd->cancelControl;
   \   000049   8E82         MOV     DPL,R6
   \   00004B   8F83         MOV     DPH,R7
   \   00004D   A3           INC     DPTR
   \   00004E   A3           INC     DPTR
   \   00004F   A3           INC     DPTR
   \   000050   A3           INC     DPTR
   \   000051   A3           INC     DPTR
   \   000052   A3           INC     DPTR
   \   000053   A3           INC     DPTR
   \   000054   A3           INC     DPTR
   \   000055   E0           MOVX    A,@DPTR
   \   000056   12....       LCALL   ?Subroutine14 & 0xFFFF
    552            pBuf = osal_buffer_uint32( pBuf, cmd->effectiveTime );
   \                     ??CrossCallReturnLabel_14:
   \   000059   A3           INC     DPTR
   \   00005A   A3           INC     DPTR
   \   00005B   12....       LCALL   ?PUSH_XSTACK8_X_FOUR
   \   00005E   12....       LCALL   ??Subroutine113_0 & 0xFFFF
   \                     ??CrossCallReturnLabel_190:
   \   000061   12....       LCALL   ?DEALLOC_XSTACK8
    553              
    554            return zcl_SendCommand( srcEP, dstAddr, ZCL_CLUSTER_ID_SE_LOAD_CONTROL,
    555                                    COMMAND_SE_CANCEL_LOAD_CONTROL_EVENT, TRUE, 
    556                                    ZCL_FRAME_SERVER_CLIENT_DIR, disableDefaultRsp, 0, seqNum, 
    557                                    PACKET_LEN_SE_CANCEL_LOAD_CONTROL_EVENT, buf );
   \   000064                ; Setup parameters for call to function zcl_SendCommand
   \   000064   85..82       MOV     DPL,?XSP + 0
   \   000067   85..83       MOV     DPH,?XSP + 1
   \   00006A   8582..       MOV     ?V0 + 2,DPL
   \   00006D   8583..       MOV     ?V0 + 3,DPH
   \   000070   78..         MOV     R0,#?V0 + 2
   \   000072   12....       LCALL   ?PUSH_XSTACK_I_TWO
   \   000075   75..0C       MOV     ?V0 + 2,#0xc
   \   000078   78..         MOV     R0,#?V0 + 2
   \   00007A   12....       LCALL   ?PUSH_XSTACK_I_ONE
   \   00007D   78..         MOV     R0,#?V0 + 1
   \   00007F   12....       LCALL   ?PUSH_XSTACK_I_ONE
   \   000082   E4           CLR     A
   \   000083   F5..         MOV     ?V0 + 2,A
   \   000085   F5..         MOV     ?V0 + 3,A
   \   000087   78..         MOV     R0,#?V0 + 2
   \   000089   12....       LCALL   ?PUSH_XSTACK_I_TWO
   \   00008C   78..         MOV     R0,#?V0 + 0
   \   00008E   12....       LCALL   ?PUSH_XSTACK_I_ONE
   \   000091   75..01       MOV     ?V0 + 0,#0x1
   \   000094   78..         MOV     R0,#?V0 + 0
   \   000096   12....       LCALL   ?PUSH_XSTACK_I_ONE
   \   000099   78..         MOV     R0,#?V0 + 0
   \   00009B   12....       LCALL   ?PUSH_XSTACK_I_ONE
   \   00009E   78..         MOV     R0,#?V0 + 0
   \   0000A0   12....       LCALL   ?PUSH_XSTACK_I_ONE
   \   0000A3   7C01         MOV     R4,#0x1
   \   0000A5   7D07         MOV     R5,#0x7
   \   0000A7   AA..         MOV     R2,?V0 + 6
   \   0000A9   AB..         MOV     R3,?V0 + 7
   \   0000AB   A9..         MOV     R1,?V0 + 4
   \   0000AD   12....       LCALL   ??Subroutine112_0 & 0xFFFF
   \                     ??CrossCallReturnLabel_171:
   \   0000B0   12....       LCALL   ?DEALLOC_XSTACK8
   \   0000B3   740C         MOV     A,#0xc
   \   0000B5   02....       LJMP    ??Subroutine109_0 & 0xFFFF
    558          }
    559          
    560          /*********************************************************************
    561           * @fn      zclSE_LoadControl_Send_ReportEventStatus
    562           *
    563           * @brief   Call to send out a Report Event Status
    564           *
    565           * @param   srcEP - Sending application's endpoint
    566           * @param   dstAddr - where you want the message to go
    567           * @param   cmd - zclCCReportEventStatus_t
    568           * @param   disableDefaultRsp - disable default response
    569           * @param   seqNum - ZCL sequence number
    570           *
    571           * @return  ZStatus_t
    572           */

   \                                 In  segment BANKED_CODE, align 1, keep-with-next
    573          ZStatus_t zclSE_LoadControl_Send_ReportEventStatus( uint8 srcEP, afAddrType_t *dstAddr,
   \                     zclSE_LoadControl_Send_ReportEventStatus:
    574                                                                zclCCReportEventStatus_t* cmd,
    575                                                                uint8 disableDefaultRsp, uint8 seqNum )
    576          {
   \   000000   74F1         MOV     A,#-0xf
   \   000002   12....       LCALL   ?BANKED_ENTER_XDATA
   \   000005                ; Saved register size: 15
   \   000005                ; Auto size: 2
   \   000005   74FE         MOV     A,#-0x2
   \   000007   12....       LCALL   ?ALLOC_XSTACK8
   \   00000A   12....       LCALL   ?Subroutine76 & 0xFFFF
   \                     ??CrossCallReturnLabel_281:
   \   00000D   89..         MOV     ?V0 + 6,R1
   \   00000F   EC           MOV     A,R4
   \   000010   FE           MOV     R6,A
   \   000011   ED           MOV     A,R5
   \   000012   FF           MOV     R7,A
   \   000013   7411         MOV     A,#0x11
   \   000015   12....       LCALL   ?XSTACK_DISP0_8
   \   000018   E0           MOVX    A,@DPTR
   \   000019   F5..         MOV     ?V0 + 3,A
   \   00001B   7412         MOV     A,#0x12
   \   00001D   12....       LCALL   ?XSTACK_DISP0_8
   \   000020   E0           MOVX    A,@DPTR
   \   000021   F5..         MOV     ?V0 + 2,A
    577            uint8 *buf;
    578            uint8 *pBuf;
    579            ZStatus_t status;
    580            
    581            buf = osal_mem_alloc( PACKET_LEN_SE_REPORT_EVENT_STATUS );
   \   000023                ; Setup parameters for call to function osal_mem_alloc
   \   000023   7A3C         MOV     R2,#0x3c
   \   000025   12....       LCALL   ?Subroutine53 & 0xFFFF
    582            
    583            if ( buf == NULL )
   \                     ??CrossCallReturnLabel_96:
   \   000028   7005         JNZ     ??zclSE_LoadControl_Send_ReportEventStatus_0
    584              return (ZMemError);
   \   00002A   7910         MOV     R1,#0x10
   \   00002C   02....       LJMP    ??CrossCallReturnLabel_152 & 0xFFFF
    585            
    586            pBuf = buf;
    587            pBuf = osal_buffer_uint32( pBuf, cmd->issuerEventID );
   \                     ??zclSE_LoadControl_Send_ReportEventStatus_0:
   \   00002F                ; Setup parameters for call to function osal_buffer_uint32
   \   00002F   8E82         MOV     DPL,R6
   \   000031   8F83         MOV     DPH,R7
   \   000033   12....       LCALL   ?PUSH_XSTACK8_X_FOUR
   \   000036   12....       LCALL   ??Subroutine113_0 & 0xFFFF
   \                     ??CrossCallReturnLabel_191:
   \   000039   12....       LCALL   ?DEALLOC_XSTACK8
    588            *pBuf++ = cmd->eventStatus;
   \   00003C   8E82         MOV     DPL,R6
   \   00003E   8F83         MOV     DPH,R7
   \   000040   A3           INC     DPTR
   \   000041   A3           INC     DPTR
   \   000042   A3           INC     DPTR
   \   000043   A3           INC     DPTR
   \   000044   A3           INC     DPTR
   \   000045   A3           INC     DPTR
   \   000046   A3           INC     DPTR
   \   000047   A3           INC     DPTR
   \   000048   12....       LCALL   ?Subroutine19 & 0xFFFF
    589            pBuf = osal_buffer_uint32( pBuf, cmd->eventStartTime );
   \                     ??CrossCallReturnLabel_25:
   \   00004B   12....       LCALL   ?PUSH_XSTACK8_X_FOUR
   \   00004E   12....       LCALL   ??Subroutine113_0 & 0xFFFF
   \                     ??CrossCallReturnLabel_192:
   \   000051   12....       LCALL   ?DEALLOC_XSTACK8
    590            *pBuf++ = cmd->criticalityLevelApplied;
   \   000054   8E82         MOV     DPL,R6
   \   000056   8F83         MOV     DPH,R7
   \   000058   A3           INC     DPTR
   \   000059   A3           INC     DPTR
   \   00005A   A3           INC     DPTR
   \   00005B   A3           INC     DPTR
   \   00005C   A3           INC     DPTR
   \   00005D   A3           INC     DPTR
   \   00005E   A3           INC     DPTR
   \   00005F   A3           INC     DPTR
   \   000060   A3           INC     DPTR
   \   000061   12....       LCALL   ??Subroutine106_0 & 0xFFFF
    591            *pBuf++ = LO_UINT16( cmd->coolingTemperatureSetPointApplied );
   \                     ??CrossCallReturnLabel_165:
   \   000064   240A         ADD     A,#0xa
   \   000066   12....       LCALL   ?Subroutine4 & 0xFFFF
    592            *pBuf++ = HI_UINT16( cmd->coolingTemperatureSetPointApplied );
    593            *pBuf++ = LO_UINT16( cmd->heatingTemperatureSetPointApplied );
   \                     ??CrossCallReturnLabel_195:
   \   000069   240C         ADD     A,#0xc
   \   00006B   08           INC     R0
   \   00006C   08           INC     R0
   \   00006D   12....       LCALL   ??Subroutine114_0 & 0xFFFF
    594            *pBuf++ = HI_UINT16( cmd->heatingTemperatureSetPointApplied );
    595            *pBuf++ = cmd->averageLoadAdjustment;
   \                     ??CrossCallReturnLabel_197:
   \   000070   12....       LCALL   ?Subroutine6 & 0xFFFF
    596            *pBuf++ = cmd->dutyCycleApplied;
    597            *pBuf++ = cmd->eventControl;
    598            *pBuf++ = cmd->signatureType;
   \                     ??CrossCallReturnLabel_1:
   \   000073   12....       LCALL   ?Subroutine49 & 0xFFFF
   \                     ??CrossCallReturnLabel_91:
   \   000076   A3           INC     DPTR
    599            
    600            zclGeneral_KeyEstablishment_ECDSASign( buf, PACKET_LEN_SE_REPORT_EVENT_STATUS_ONLY, pBuf);    
   \   000077                ; Setup parameters for call to function zclGeneral_KeyEstablishment_ECDSASign
   \   000077   AC82         MOV     R4,DPL
   \   000079   AD83         MOV     R5,DPH
   \   00007B   7912         MOV     R1,#0x12
   \   00007D   AA..         MOV     R2,?V0 + 0
   \   00007F   AB..         MOV     R3,?V0 + 1
   \   000081   12....       LCALL   ??zclGeneral_KeyEstablishment_ECDSASign?relay
    601             
    602            status = zcl_SendCommand( srcEP, dstAddr, ZCL_CLUSTER_ID_SE_LOAD_CONTROL,
    603                                    COMMAND_SE_REPORT_EVENT_STATUS, TRUE, 
    604                                    ZCL_FRAME_CLIENT_SERVER_DIR, disableDefaultRsp, 0, seqNum, 
    605                                    PACKET_LEN_SE_REPORT_EVENT_STATUS, buf );
   \   000084                ; Setup parameters for call to function zcl_SendCommand
   \   000084   78..         MOV     R0,#?V0 + 0
   \   000086   12....       LCALL   ?PUSH_XSTACK_I_TWO
   \   000089   75..3C       MOV     ?V0 + 4,#0x3c
   \   00008C   78..         MOV     R0,#?V0 + 4
   \   00008E   12....       LCALL   ?PUSH_XSTACK_I_ONE
   \   000091   78..         MOV     R0,#?V0 + 2
   \   000093   12....       LCALL   ?PUSH_XSTACK_I_ONE
   \   000096   E4           CLR     A
   \   000097   F5..         MOV     ?V0 + 4,A
   \   000099   F5..         MOV     ?V0 + 5,A
   \   00009B   78..         MOV     R0,#?V0 + 4
   \   00009D   12....       LCALL   ?PUSH_XSTACK_I_TWO
   \   0000A0   E5..         MOV     A,?V0 + 3
   \   0000A2   F5..         MOV     ?V0 + 2,A
   \   0000A4   78..         MOV     R0,#?V0 + 2
   \   0000A6   12....       LCALL   ?PUSH_XSTACK_I_ONE
   \   0000A9   75..00       MOV     ?V0 + 2,#0x0
   \   0000AC   78..         MOV     R0,#?V0 + 2
   \   0000AE   12....       LCALL   ?PUSH_XSTACK_I_ONE
   \   0000B1   75..01       MOV     ?V0 + 2,#0x1
   \   0000B4   78..         MOV     R0,#?V0 + 2
   \   0000B6   12....       LCALL   ?PUSH_XSTACK_I_ONE
   \   0000B9   75..00       MOV     ?V0 + 2,#0x0
   \   0000BC   78..         MOV     R0,#?V0 + 2
   \   0000BE   12....       LCALL   ?PUSH_XSTACK_I_ONE
   \   0000C1   7C01         MOV     R4,#0x1
   \   0000C3   7D07         MOV     R5,#0x7
   \   0000C5   740A         MOV     A,#0xa
   \   0000C7   12....       LCALL   ?XSTACK_DISP0_8
   \   0000CA   12....       LCALL   ?Subroutine41 & 0xFFFF
   \                     ??CrossCallReturnLabel_64:
   \   0000CD   12....       LCALL   ?DEALLOC_XSTACK8
   \   0000D0   12....       LCALL   ?Subroutine65 & 0xFFFF
    606            osal_mem_free(buf);
    607            
    608            return status;
   \                     ??CrossCallReturnLabel_152:
   \   0000D3   7402         MOV     A,#0x2
   \   0000D5   02....       LJMP    ?Subroutine0 & 0xFFFF
    609          }
    610          
    611          /*********************************************************************
    612           * @fn      zclSE_LoadControl_Send_GetScheduledEvent
    613           *
    614           * @brief   Call to send out a Get Scheduled Event 
    615           *
    616           * @param   srcEP - Sending application's endpoint
    617           * @param   dstAddr - where you want the message to go
    618           * @param   cmd - command format
    619           * @param   disableDefaultRsp - disable default response
    620           * @param   seqNum - ZCL sequence number
    621           *
    622           * @return  ZStatus_t
    623           */

   \                                 In  segment BANKED_CODE, align 1, keep-with-next
    624          ZStatus_t zclSE_LoadControl_Send_GetScheduledEvent( uint8 srcEP, afAddrType_t *dstAddr,
   \                     zclSE_LoadControl_Send_GetScheduledEvent:
    625                                                                zclCCGetScheduledEvent_t *cmd,
    626                                                                uint8 disableDefaultRsp, uint8 seqNum )
    627          {
   \   000000   74F0         MOV     A,#-0x10
   \   000002   12....       LCALL   ?BANKED_ENTER_XDATA
   \   000005                ; Saved register size: 16
   \   000005                ; Auto size: 5
   \   000005   74FB         MOV     A,#-0x5
   \   000007   12....       LCALL   ?ALLOC_XSTACK8
   \   00000A   89..         MOV     ?V0 + 0,R1
   \   00000C   8A..         MOV     ?V0 + 6,R2
   \   00000E   8B..         MOV     ?V0 + 7,R3
   \   000010   EC           MOV     A,R4
   \   000011   FE           MOV     R6,A
   \   000012   ED           MOV     A,R5
   \   000013   FF           MOV     R7,A
   \   000014   7415         MOV     A,#0x15
   \   000016   12....       LCALL   ?XSTACK_DISP0_8
   \   000019   E0           MOVX    A,@DPTR
   \   00001A   F5..         MOV     ?V0 + 1,A
   \   00001C   7416         MOV     A,#0x16
   \   00001E   12....       LCALL   ?XSTACK_DISP0_8
   \   000021   E0           MOVX    A,@DPTR
   \   000022   F5..         MOV     ?V0 + 4,A
    628            uint8 buf[PACKET_LEN_SE_GET_SCHEDULED_EVENT];
    629              
    630            osal_buffer_uint32( buf, cmd->startTime );
   \   000024                ; Setup parameters for call to function osal_buffer_uint32
   \   000024   8E82         MOV     DPL,R6
   \   000026   8F83         MOV     DPH,R7
   \   000028   12....       LCALL   ?PUSH_XSTACK8_X_FOUR
   \   00002B   7404         MOV     A,#0x4
   \   00002D   12....       LCALL   ?XSTACK_DISP0_8
   \   000030   12....       LCALL   ?Subroutine52 & 0xFFFF
   \                     ??CrossCallReturnLabel_178:
   \   000033   12....       LCALL   ?DEALLOC_XSTACK8
    631            buf[4] = cmd->numEvents;
   \   000036   8E82         MOV     DPL,R6
   \   000038   8F83         MOV     DPH,R7
   \   00003A   A3           INC     DPTR
   \   00003B   A3           INC     DPTR
   \   00003C   A3           INC     DPTR
   \   00003D   A3           INC     DPTR
   \   00003E   E0           MOVX    A,@DPTR
   \   00003F   C0E0         PUSH    A
   \   000041   7404         MOV     A,#0x4
   \   000043   12....       LCALL   ?XSTACK_DISP0_8
   \   000046   D0E0         POP     A
   \   000048   12....       LCALL   ?Subroutine16 & 0xFFFF
    632              
    633            return zcl_SendCommand( srcEP, dstAddr, ZCL_CLUSTER_ID_SE_LOAD_CONTROL,
    634                                    COMMAND_SE_GET_SCHEDULED_EVENT, TRUE, 
    635                                    ZCL_FRAME_CLIENT_SERVER_DIR, disableDefaultRsp, 0, seqNum, 
    636                                    PACKET_LEN_SE_GET_SCHEDULED_EVENT, buf );
   \                     ??CrossCallReturnLabel_16:
   \   00004B   12....       LCALL   ?PUSH_XSTACK_I_TWO
   \   00004E   75..05       MOV     ?V0 + 2,#0x5
   \   000051   78..         MOV     R0,#?V0 + 2
   \   000053   12....       LCALL   ?PUSH_XSTACK_I_ONE
   \   000056   E5..         MOV     A,?V0 + 4
   \   000058   F5..         MOV     ?V0 + 2,A
   \   00005A   78..         MOV     R0,#?V0 + 2
   \   00005C   12....       LCALL   ?PUSH_XSTACK_I_ONE
   \   00005F   E4           CLR     A
   \   000060   F5..         MOV     ?V0 + 2,A
   \   000062   F5..         MOV     ?V0 + 3,A
   \   000064   78..         MOV     R0,#?V0 + 2
   \   000066   12....       LCALL   ?PUSH_XSTACK_I_TWO
   \   000069   78..         MOV     R0,#?V0 + 1
   \   00006B   12....       LCALL   ?PUSH_XSTACK_I_ONE
   \   00006E   75..00       MOV     ?V0 + 1,#0x0
   \   000071   78..         MOV     R0,#?V0 + 1
   \   000073   12....       LCALL   ?PUSH_XSTACK_I_ONE
   \   000076   75..01       MOV     ?V0 + 1,#0x1
   \   000079   78..         MOV     R0,#?V0 + 1
   \   00007B   12....       LCALL   ?PUSH_XSTACK_I_ONE
   \   00007E   78..         MOV     R0,#?V0 + 1
   \   000080   12....       LCALL   ?PUSH_XSTACK_I_ONE
   \   000083   7C01         MOV     R4,#0x1
   \   000085   02....       LJMP    ?Subroutine1 & 0xFFFF
    637          }
    638          
    639          #endif
    640          
    641          /*********************************************************************
    642           * @fn      zclSE_RegisterCmdCallbacks
    643           *
    644           * @brief   Register an applications command callbacks
    645           *
    646           * @param   endpoint - application's endpoint
    647           * @param   callbacks - pointer to the callback record.
    648           *
    649           * @return  ZMemError if not able to allocate
    650           */

   \                                 In  segment BANKED_CODE, align 1, keep-with-next
    651          ZStatus_t zclSE_RegisterCmdCallbacks( uint8 endpoint, zclSE_AppCallbacks_t *callbacks )
   \                     zclSE_RegisterCmdCallbacks:
    652          {
   \   000000   74F4         MOV     A,#-0xc
   \   000002   12....       LCALL   ?BANKED_ENTER_XDATA
   \   000005                ; Saved register size: 12
   \   000005                ; Auto size: 0
   \   000005   89..         MOV     ?V0 + 0,R1
   \   000007   EA           MOV     A,R2
   \   000008   FE           MOV     R6,A
   \   000009   EB           MOV     A,R3
   \   00000A   FF           MOV     R7,A
    653            zclSECBRec_t *pNewItem;
    654            zclSECBRec_t *pLoop;
    655          
    656            // Register as a ZCL Plugin
    657            if ( !zclSEPluginRegisted )
   \   00000B   90....       MOV     DPTR,#zclSEPluginRegisted
   \   00000E   E0           MOVX    A,@DPTR
   \   00000F   7021         JNZ     ??zclSE_RegisterCmdCallbacks_0
    658            {
    659              zcl_registerPlugin( ZCL_CLUSTER_ID_SE_PRICING,
    660                                  ZCL_CLUSTER_ID_SE_PRE_PAYMENT,
    661                                  zclSE_HdlIncoming );
   \   000011                ; Setup parameters for call to function zcl_registerPlugin
   \   000011   75....       MOV     ?V0 + 2,#??zclSE_HdlIncoming?relay & 0xff
   \   000014   75....       MOV     ?V0 + 3,#(??zclSE_HdlIncoming?relay >> 8) & 0xff
   \   000017   78..         MOV     R0,#?V0 + 2
   \   000019   12....       LCALL   ?PUSH_XSTACK_I_TWO
   \   00001C   7C06         MOV     R4,#0x6
   \   00001E   7D07         MOV     R5,#0x7
   \   000020   7A00         MOV     R2,#0x0
   \   000022   7B07         MOV     R3,#0x7
   \   000024   12....       LCALL   ??zcl_registerPlugin?relay
   \   000027   7402         MOV     A,#0x2
   \   000029   12....       LCALL   ?DEALLOC_XSTACK8
    662              zclSEPluginRegisted = TRUE;
   \   00002C   90....       MOV     DPTR,#zclSEPluginRegisted
   \   00002F   7401         MOV     A,#0x1
   \   000031   F0           MOVX    @DPTR,A
    663            }
    664          
    665            // Fill in the new profile list
    666            pNewItem = osal_mem_alloc( sizeof( zclSECBRec_t ) );
   \                     ??zclSE_RegisterCmdCallbacks_0:
   \   000032                ; Setup parameters for call to function osal_mem_alloc
   \   000032   7A05         MOV     R2,#0x5
   \   000034   7B00         MOV     R3,#0x0
   \   000036   12....       LCALL   ??osal_mem_alloc?relay
   \   000039   8A..         MOV     ?V0 + 2,R2
   \   00003B   8B..         MOV     ?V0 + 3,R3
   \   00003D   A8..         MOV     R0,?V0 + 2
   \   00003F   A9..         MOV     R1,?V0 + 3
    667            if ( pNewItem == NULL )
   \   000041   E8           MOV     A,R0
   \   000042   49           ORL     A,R1
   \   000043   7004         JNZ     ??zclSE_RegisterCmdCallbacks_1
    668              return (ZMemError);
   \   000045   7910         MOV     R1,#0x10
   \   000047   8041         SJMP    ??zclSE_RegisterCmdCallbacks_2
    669          
    670            pNewItem->next = (zclSECBRec_t *)NULL;
   \                     ??zclSE_RegisterCmdCallbacks_1:
   \   000049   8882         MOV     DPL,R0
   \   00004B   8983         MOV     DPH,R1
   \   00004D   E4           CLR     A
   \   00004E   F0           MOVX    @DPTR,A
   \   00004F   12....       LCALL   ??Subroutine132_0 & 0xFFFF
    671            pNewItem->endpoint = endpoint;
   \                     ??CrossCallReturnLabel_318:
   \   000052   A3           INC     DPTR
   \   000053   A3           INC     DPTR
   \   000054   E5..         MOV     A,?V0 + 0
   \   000056   12....       LCALL   ??Subroutine133_0 & 0xFFFF
    672            pNewItem->CBs = callbacks;
   \                     ??CrossCallReturnLabel_319:
   \   000059   A3           INC     DPTR
   \   00005A   A3           INC     DPTR
   \   00005B   A3           INC     DPTR
   \   00005C   EE           MOV     A,R6
   \   00005D   F0           MOVX    @DPTR,A
   \   00005E   A3           INC     DPTR
   \   00005F   EF           MOV     A,R7
   \   000060   F0           MOVX    @DPTR,A
    673          
    674            // Find spot in list
    675            if ( zclSECBs == NULL )
   \   000061   90....       MOV     DPTR,#zclSECBs
   \   000064   12....       LCALL   ?Subroutine36 & 0xFFFF
   \                     ??CrossCallReturnLabel_48:
   \   000067   90....       MOV     DPTR,#zclSECBs
   \   00006A   6017         JZ      ??zclSE_RegisterCmdCallbacks_3
    676            {
    677              zclSECBs = pNewItem;
    678            }
    679            else
    680            {
    681              // Look for end of list
    682              pLoop = zclSECBs;
   \   00006C   E0           MOVX    A,@DPTR
   \   00006D   FC           MOV     R4,A
   \   00006E   A3           INC     DPTR
   \   00006F   E0           MOVX    A,@DPTR
   \   000070   8003         SJMP    ??zclSE_RegisterCmdCallbacks_4
    683              while ( pLoop->next != NULL )
    684                pLoop = pLoop->next;
   \                     ??zclSE_RegisterCmdCallbacks_5:
   \   000072   EA           MOV     A,R2
   \   000073   FC           MOV     R4,A
   \   000074   EB           MOV     A,R3
   \                     ??zclSE_RegisterCmdCallbacks_4:
   \   000075   FD           MOV     R5,A
   \   000076   8C82         MOV     DPL,R4
   \   000078   8D83         MOV     DPH,R5
   \   00007A   12....       LCALL   ?Subroutine36 & 0xFFFF
   \                     ??CrossCallReturnLabel_49:
   \   00007D   70F3         JNZ     ??zclSE_RegisterCmdCallbacks_5
    685          
    686              // Put new item at end of list
    687              pLoop->next = pNewItem;
   \   00007F   8C82         MOV     DPL,R4
   \   000081   8D83         MOV     DPH,R5
   \                     ??zclSE_RegisterCmdCallbacks_3:
   \   000083   E8           MOV     A,R0
   \   000084   F0           MOVX    @DPTR,A
   \   000085   A3           INC     DPTR
   \   000086   E9           MOV     A,R1
   \   000087   F0           MOVX    @DPTR,A
    688            }
    689            return ( ZSuccess );
   \   000088   7900         MOV     R1,#0x0
   \                     ??zclSE_RegisterCmdCallbacks_2:
   \   00008A   7F04         MOV     R7,#0x4
   \   00008C   02....       LJMP    ?BANKED_LEAVE_XDATA
    690          }

   \                                 In  segment BANKED_CODE, align 1, keep-with-next
   \                     ?Subroutine36:
   \   000000   12....       LCALL   ?Subroutine97 & 0xFFFF
   \                     ??CrossCallReturnLabel_141:
   \   000003   EA           MOV     A,R2
   \   000004   4B           ORL     A,R3
   \   000005   22           RET

   \                                 In  segment BANKED_CODE, align 1, keep-with-next
   \                     ??Subroutine132_0:
   \   000000   A3           INC     DPTR
   \   000001                REQUIRE ??Subroutine133_0
   \   000001                ; // Fall through to label ??Subroutine133_0

   \                                 In  segment BANKED_CODE, align 1, keep-with-next
   \                     ??Subroutine133_0:
   \   000000   F0           MOVX    @DPTR,A
   \   000001   8882         MOV     DPL,R0
   \   000003   8983         MOV     DPH,R1
   \   000005   22           RET
    691          
    692          #if defined( ZCL_LOAD_CONTROL ) || defined( ZCL_SIMPLE_METERING ) || \
    693              defined( ZCL_PRICING ) || defined( ZCL_MESSAGE )
    694          /*********************************************************************
    695           * @fn      zclSE_FindCallbacks
    696           *
    697           * @brief   Find the callbacks for an endpoint
    698           *
    699           * @param   endpoint
    700           *
    701           * @return  pointer to the callbacks
    702           */
    703          static zclSE_AppCallbacks_t *zclSE_FindCallbacks( uint8 endpoint )
    704          {
    705            zclSECBRec_t *pCBs;
    706            
    707            pCBs = zclSECBs;
    708            while ( pCBs )
    709            {
    710              if ( pCBs->endpoint == endpoint )
    711                return ( pCBs->CBs );
    712              pCBs = pCBs->next;
    713            }
    714            return ( (zclSE_AppCallbacks_t *)NULL );
    715          }
    716          
    717          #endif
    718          /*********************************************************************
    719           * @fn      zclSE_HdlIncoming
    720           *
    721           * @brief   Callback from ZCL to process incoming Commands specific
    722           *          to this cluster library or Profile commands for attributes
    723           *          that aren't in the attribute list
    724           *
    725           * @param   pInHdlrMsg - pointer to the incoming message
    726           *
    727           * @return  ZStatus_t
    728           */

   \                                 In  segment BANKED_CODE, align 1, keep-with-next
    729          static ZStatus_t zclSE_HdlIncoming(  zclIncoming_t *pInMsg )
   \                     zclSE_HdlIncoming:
    730          {
   \   000000   C082         PUSH    DPL
   \   000002   C083         PUSH    DPH
   \   000004                ; Saved register size: 2
   \   000004                ; Auto size: 0
    731            ZStatus_t stat = ZSuccess;
    732            
    733          #if defined ( INTER_PAN )
    734            if ( StubAPS_InterPan( pInMsg->msg->srcAddr.panId, pInMsg->msg->srcAddr.endPoint ) &&
    735                 !INTER_PAN_CLUSTER(pInMsg->msg->clusterId) )
    736            {
    737              return ( stat ); // Cluster not supported thru Inter-PAN
    738            }
    739          #endif
    740            if ( zcl_ClusterCmd( pInMsg->hdr.fc.type ) )
   \   000004   8A82         MOV     DPL,R2
   \   000006   8B83         MOV     DPH,R3
   \   000008   A3           INC     DPTR
   \   000009   A3           INC     DPTR
   \   00000A   E0           MOVX    A,@DPTR
   \   00000B   F8           MOV     R0,A
   \   00000C   5403         ANL     A,#0x3
   \   00000E   6401         XRL     A,#0x1
   \   000010   700A         JNZ     ??zclSE_HdlIncoming_0
    741            {
    742              // Is this a manufacturer specific command?
    743              if ( pInMsg->hdr.fc.manuSpecific == 0 ) 
   \   000012   E8           MOV     A,R0
   \   000013   5404         ANL     A,#0x4
   \   000015   7005         JNZ     ??zclSE_HdlIncoming_0
    744              {
    745                stat = zclSE_HdlInSpecificCommands( pInMsg );
   \   000017                ; Setup parameters for call to function zclSE_HdlInSpecificCommands
   \   000017   12....       LCALL   ??zclSE_HdlInSpecificCommands?relay
   \   00001A   8002         SJMP    ??zclSE_HdlIncoming_1
    746              }
    747              else
    748              {
    749                // We don't support any manufacturer specific command.
    750                stat = ZFailure;
   \                     ??zclSE_HdlIncoming_0:
   \   00001C   7901         MOV     R1,#0x1
    751              }
    752            }
    753            else
    754            {
    755              // Handle all the normal (Read, Write...) commands -- should never get here
    756              stat = ZFailure;
    757            }
    758            return ( stat );
   \                     ??zclSE_HdlIncoming_1:
   \   00001E   D083         POP     DPH
   \   000020   D082         POP     DPL
   \   000022   02....       LJMP    ?BRET
    759          }
    760          
    761          /*********************************************************************
    762           * @fn      zclSE_HdlInSpecificCommands
    763           *
    764           * @brief   Function to process incoming Commands specific
    765           *          to this cluster library
    766          
    767           * @param   pInMsg - pointer to the incoming message
    768           *
    769           * @return  ZStatus_t
    770           */

   \                                 In  segment BANKED_CODE, align 1, keep-with-next
    771          static ZStatus_t zclSE_HdlInSpecificCommands( zclIncoming_t *pInMsg )
   \                     zclSE_HdlInSpecificCommands:
    772          {
   \   000000   74F6         MOV     A,#-0xa
   \   000002   12....       LCALL   ?BANKED_ENTER_XDATA
   \   000005                ; Saved register size: 10
   \   000005                ; Auto size: 0
    773            ZStatus_t stat;
    774            zclSE_AppCallbacks_t *pCBs;
    775            
    776            // make sure endpoint exists
    777            
    778          #if defined( ZCL_LOAD_CONTROL ) || defined( ZCL_SIMPLE_METERING ) || \
    779              defined( ZCL_PRICING ) || defined( ZCL_MESSAGE )
    780            
    781            pCBs = zclSE_FindCallbacks( pInMsg->msg->endPoint );
   \   000005   8A82         MOV     DPL,R2
   \   000007   8B83         MOV     DPH,R3
   \   000009   12....       LCALL   ?Subroutine45 & 0xFFFF
   \                     ??CrossCallReturnLabel_71:
   \   00000C   FE           MOV     R6,A
   \   00000D   E9           MOV     A,R1
   \   00000E   FF           MOV     R7,A
   \   00000F   EE           MOV     A,R6
   \   000010   2414         ADD     A,#0x14
   \   000012   F582         MOV     DPL,A
   \   000014   EF           MOV     A,R7
   \   000015   12....       LCALL   ??Subroutine129_0 & 0xFFFF
   \                     ??CrossCallReturnLabel_289:
   \   000018   E0           MOVX    A,@DPTR
   \   000019   FC           MOV     R4,A
   \   00001A   90....       MOV     DPTR,#zclSECBs
   \                     ??zclSE_HdlInSpecificCommands_0:
   \   00001D   12....       LCALL   ??Subroutine122_0 & 0xFFFF
   \                     ??CrossCallReturnLabel_247:
   \   000020   604F         JZ      ??zclSE_HdlInSpecificCommands_1
   \   000022   8882         MOV     DPL,R0
   \   000024   8983         MOV     DPH,R1
   \   000026   A3           INC     DPTR
   \   000027   A3           INC     DPTR
   \   000028   E0           MOVX    A,@DPTR
   \   000029   6C           XRL     A,R4
   \   00002A   8882         MOV     DPL,R0
   \   00002C   8983         MOV     DPH,R1
   \   00002E   70ED         JNZ     ??zclSE_HdlInSpecificCommands_0
   \   000030   A3           INC     DPTR
   \   000031   A3           INC     DPTR
   \   000032   A3           INC     DPTR
   \   000033   E0           MOVX    A,@DPTR
   \   000034   FC           MOV     R4,A
   \   000035   A3           INC     DPTR
   \   000036   E0           MOVX    A,@DPTR
   \   000037   FD           MOV     R5,A
    782            if ( pCBs == NULL )
   \   000038   EC           MOV     A,R4
   \   000039   4D           ORL     A,R5
   \   00003A   6035         JZ      ??zclSE_HdlInSpecificCommands_1
    783              return ( ZFailure );
    784            
    785          #endif
    786            switch ( pInMsg->msg->clusterId )			
   \   00003C   8E82         MOV     DPL,R6
   \   00003E   8F83         MOV     DPH,R7
   \   000040   A3           INC     DPTR
   \   000041   A3           INC     DPTR
   \   000042   A3           INC     DPTR
   \   000043   A3           INC     DPTR
   \   000044   E0           MOVX    A,@DPTR
   \   000045   F5..         MOV     ?V0 + 0,A
   \   000047   A3           INC     DPTR
   \   000048   E0           MOVX    A,@DPTR
   \   000049   F5..         MOV     ?V0 + 1,A
   \   00004B   78..         MOV     R0,#?V0 + 0
   \   00004D   12....       LCALL   ?US_SWITCH_DENSE
   \                     `?<Jumptable for zclSE_HdlInSpecificCommands>_0`:
   \   000050   0007         DW        1792
   \   000052   03           DB        3
   \   000053   ....         DW        ??zclSE_HdlInSpecificCommands_1
   \   000055   ....         DW        ??zclSE_HdlInSpecificCommands_2
   \   000057   ....         DW        ??zclSE_HdlInSpecificCommands_3
   \   000059   ....         DW        ??zclSE_HdlInSpecificCommands_4
   \   00005B   ....         DW        ??zclSE_HdlInSpecificCommands_5
    787            {
    788          #ifdef ZCL_SIMPLE_METERING
    789              case ZCL_CLUSTER_ID_SE_SIMPLE_METERING:
    790                stat = zclSE_ProcessInSimpleMeteringCmds( pInMsg, pCBs );
   \                     ??zclSE_HdlInSpecificCommands_4:
   \   00005D                ; Setup parameters for call to function zclSE_ProcessInSimpleMeteringCmds
   \   00005D   12....       LCALL   ??zclSE_ProcessInSimpleMeteringCmds?relay
    791                break;
   \   000060   8011         SJMP    ??zclSE_HdlInSpecificCommands_6
    792          #endif
    793                
    794          #ifdef ZCL_PRICING
    795              case ZCL_CLUSTER_ID_SE_PRICING:
    796                stat = zclSE_ProcessInPricingCmds( pInMsg, pCBs );
   \                     ??zclSE_HdlInSpecificCommands_2:
   \   000062                ; Setup parameters for call to function zclSE_ProcessInPricingCmds
   \   000062   12....       LCALL   ??zclSE_ProcessInPricingCmds?relay
    797                break; 
   \   000065   800C         SJMP    ??zclSE_HdlInSpecificCommands_6
    798          #endif
    799                
    800          #ifdef ZCL_MESSAGE
    801              case ZCL_CLUSTER_ID_SE_MESSAGE:
    802                stat = zclSE_ProcessInMessageCmds( pInMsg, pCBs );
   \                     ??zclSE_HdlInSpecificCommands_5:
   \   000067                ; Setup parameters for call to function zclSE_ProcessInMessageCmds
   \   000067   12....       LCALL   ??zclSE_ProcessInMessageCmds?relay
    803                break;
   \   00006A   8007         SJMP    ??zclSE_HdlInSpecificCommands_6
    804          #endif
    805                
    806          #ifdef ZCL_LOAD_CONTROL
    807              case ZCL_CLUSTER_ID_SE_LOAD_CONTROL:
    808                stat = zclSE_ProcessInLoadControlCmds( pInMsg, pCBs );
   \                     ??zclSE_HdlInSpecificCommands_3:
   \   00006C                ; Setup parameters for call to function zclSE_ProcessInLoadControlCmds
   \   00006C   12....       LCALL   ??zclSE_ProcessInLoadControlCmds?relay
    809                break;
   \   00006F   8002         SJMP    ??zclSE_HdlInSpecificCommands_6
    810          #endif
    811              default:
    812                stat = ZFailure;
   \                     ??zclSE_HdlInSpecificCommands_1:
   \   000071   7901         MOV     R1,#0x1
    813                break;
    814            }
    815          
    816            return ( stat );
   \                     ??zclSE_HdlInSpecificCommands_6:
   \   000073   02....       LJMP    ??Subroutine126_0 & 0xFFFF
    817          }

   \                                 In  segment BANKED_CODE, align 1, keep-with-next
   \                     ?Subroutine45:
   \   000000   12....       LCALL   ?Subroutine83 & 0xFFFF
   \                     ??CrossCallReturnLabel_263:
   \   000003   22           RET

   \                                 In  segment BANKED_CODE, align 1, keep-with-next
   \                     ?Subroutine83:
   \   000000   E0           MOVX    A,@DPTR
   \   000001   F8           MOV     R0,A
   \   000002   A3           INC     DPTR
   \   000003   E0           MOVX    A,@DPTR
   \   000004   F9           MOV     R1,A
   \   000005   E8           MOV     A,R0
   \   000006   22           RET
    818          
    819          #ifdef ZCL_SIMPLE_METERING
    820          /*********************************************************************
    821           * @fn      zclSE_ProcessInSimpleMeteringCmds
    822           *
    823           * @brief   Callback from ZCL to process incoming Commands specific
    824           *          to this cluster library on a command ID basis
    825          
    826           * @param   pInMsg - pointer to the incoming message
    827           *
    828           * @return  ZStatus_t
    829           */

   \                                 In  segment BANKED_CODE, align 1, keep-with-next
    830          static ZStatus_t zclSE_ProcessInSimpleMeteringCmds( zclIncoming_t *pInMsg,
   \                     zclSE_ProcessInSimpleMeteringCmds:
    831                                                               zclSE_AppCallbacks_t *pCBs )
    832          {
   \   000000   74F2         MOV     A,#-0xe
   \   000002   12....       LCALL   ?BANKED_ENTER_XDATA
   \   000005                ; Saved register size: 14
   \   000005                ; Auto size: 8
   \   000005   74F8         MOV     A,#-0x8
   \   000007   12....       LCALL   ?ALLOC_XSTACK8
   \   00000A   EA           MOV     A,R2
   \   00000B   FE           MOV     R6,A
   \   00000C   EB           MOV     A,R3
   \   00000D   FF           MOV     R7,A
   \   00000E   8C..         MOV     ?V0 + 0,R4
   \   000010   8D..         MOV     ?V0 + 1,R5
    833            ZStatus_t stat = ZSuccess;
    834          
    835            if ( zcl_ServerCmd( pInMsg->hdr.fc.direction ) )  
   \   000012   8E82         MOV     DPL,R6
   \   000014   8F83         MOV     DPH,R7
   \   000016   A3           INC     DPTR
   \   000017   A3           INC     DPTR
   \   000018   A3           INC     DPTR
   \   000019   A3           INC     DPTR
   \   00001A   A3           INC     DPTR
   \   00001B   A3           INC     DPTR
   \   00001C   A3           INC     DPTR
   \   00001D   E0           MOVX    A,@DPTR
   \   00001E   FA           MOV     R2,A
   \   00001F   EE           MOV     A,R6
   \   000020   2406         ADD     A,#0x6
   \   000022   F5..         MOV     ?V0 + 4,A
   \   000024   EF           MOV     A,R7
   \   000025   3400         ADDC    A,#0x0
   \   000027   F5..         MOV     ?V0 + 5,A
   \   000029   8E82         MOV     DPL,R6
   \   00002B   8F83         MOV     DPH,R7
   \   00002D   A3           INC     DPTR
   \   00002E   A3           INC     DPTR
   \   00002F   E0           MOVX    A,@DPTR
   \   000030   5408         ANL     A,#0x8
   \   000032   6003         JZ      $+5
   \   000034   02....       LJMP    ??zclSE_ProcessInSimpleMeteringCmds_0 & 0xFFFF
    836            { 
    837              // Process Client commands, received by server
    838              if( pInMsg->hdr.commandID == COMMAND_SE_GET_PROFILE_CMD )
   \   000037   EE           MOV     A,R6
   \   000038   2408         ADD     A,#0x8
   \   00003A   12....       LCALL   ?Subroutine64 & 0xFFFF
   \                     ??CrossCallReturnLabel_212:
   \   00003D   EA           MOV     A,R2
   \   00003E   6003         JZ      $+5
   \   000040   02....       LJMP    ??zclSE_ProcessInSimpleMeteringCmds_1 & 0xFFFF
    839              {
    840                stat = zclSE_ProcessInCmd_SimpleMeter_GetProfileCmd( pInMsg, pCBs );
   \   000043   8C82         MOV     DPL,R4
   \   000045   8D83         MOV     DPH,R5
   \   000047   12....       LCALL   ??Subroutine122_0 & 0xFFFF
    841              }
   \                     ??CrossCallReturnLabel_248:
   \   00004A   7003         JNZ     $+5
   \   00004C   02....       LJMP    ??zclSE_ProcessInSimpleMeteringCmds_2 & 0xFFFF
   \   00004F   85..82       MOV     DPL,?V0 + 2
   \   000052   85..83       MOV     DPH,?V0 + 3
   \   000055   12....       LCALL   ??Subroutine123_0 & 0xFFFF
   \                     ??CrossCallReturnLabel_264:
   \   000058   E0           MOVX    A,@DPTR
   \   000059   C0E0         PUSH    A
   \   00005B   7402         MOV     A,#0x2
   \   00005D   12....       LCALL   ?XSTACK_DISP0_8
   \   000060   D0E0         POP     A
   \   000062   F0           MOVX    @DPTR,A
   \   000063                ; Setup parameters for call to function osal_build_uint32
   \   000063   7904         MOV     R1,#0x4
   \   000065   85..82       MOV     DPL,?V0 + 2
   \   000068   85..83       MOV     DPH,?V0 + 3
   \   00006B   E0           MOVX    A,@DPTR
   \   00006C   2401         ADD     A,#0x1
   \   00006E   12....       LCALL   ?Subroutine51 & 0xFFFF
   \                     ??CrossCallReturnLabel_92:
   \   000071   7403         MOV     A,#0x3
   \   000073   12....       LCALL   ?XSTACK_DISP0_8
   \   000076   12....       LCALL   ?XSTORE_R2345
   \   000079   85..82       MOV     DPL,?V0 + 2
   \   00007C   85..83       MOV     DPH,?V0 + 3
   \   00007F   12....       LCALL   ??Subroutine123_0 & 0xFFFF
   \                     ??CrossCallReturnLabel_265:
   \   000082   A3           INC     DPTR
   \   000083   A3           INC     DPTR
   \   000084   A3           INC     DPTR
   \   000085   A3           INC     DPTR
   \   000086   A3           INC     DPTR
   \   000087   E0           MOVX    A,@DPTR
   \   000088   C0E0         PUSH    A
   \   00008A   7407         MOV     A,#0x7
   \   00008C   12....       LCALL   ?XSTACK_DISP0_8
   \   00008F   D0E0         POP     A
   \   000091   F0           MOVX    @DPTR,A
   \   000092   7402         MOV     A,#0x2
   \   000094   12....       LCALL   ?XSTACK_DISP0_8
   \   000097   E0           MOVX    A,@DPTR
   \   000098   C3           CLR     C
   \   000099   9402         SUBB    A,#0x2
   \   00009B   4005         JC      ??zclSE_ProcessInSimpleMeteringCmds_3
   \   00009D   7985         MOV     R1,#-0x7b
   \   00009F   02....       LJMP    ??zclSE_ProcessInSimpleMeteringCmds_4 & 0xFFFF
   \                     ??zclSE_ProcessInSimpleMeteringCmds_3:
   \   0000A2                ; Setup parameters for indirect call
   \   0000A2   85..82       MOV     DPL,?V0 + 4
   \   0000A5   85..83       MOV     DPH,?V0 + 5
   \   0000A8   12....       LCALL   ??Subroutine118_0 & 0xFFFF
   \                     ??CrossCallReturnLabel_228:
   \   0000AB   7402         MOV     A,#0x2
   \   0000AD   12....       LCALL   ?XSTACK_DISP0_8
   \   0000B0   AA82         MOV     R2,DPL
   \   0000B2   AB83         MOV     R3,DPH
   \   0000B4   85..82       MOV     DPL,?V0 + 0
   \   0000B7   85..83       MOV     DPH,?V0 + 1
   \   0000BA   12....       LCALL   ??Subroutine123_0 & 0xFFFF
   \                     ??CrossCallReturnLabel_266:
   \   0000BD   12....       LCALL   ?CALL_IND
   \   0000C0   79FF         MOV     R1,#-0x1
   \   0000C2   02....       LJMP    ??zclSE_ProcessInSimpleMeteringCmds_4 & 0xFFFF
    842              else if ( pInMsg->hdr.commandID == COMMAND_SE_REQ_MIRROR_RSP )
   \                     ??zclSE_ProcessInSimpleMeteringCmds_1:
   \   0000C5   7401         MOV     A,#0x1
   \   0000C7   6A           XRL     A,R2
   \   0000C8   7045         JNZ     ??zclSE_ProcessInSimpleMeteringCmds_5
    843              {
    844                stat = zclSE_ProcessInCmd_SimpleMeter_ReqMirrorRsp( pInMsg, pCBs );
   \   0000CA   8C82         MOV     DPL,R4
   \   0000CC   8D83         MOV     DPH,R5
   \                     ??zclSE_ProcessInSimpleMeteringCmds_6:
   \   0000CE   A3           INC     DPTR
   \   0000CF   A3           INC     DPTR
   \   0000D0   A3           INC     DPTR
   \   0000D1   A3           INC     DPTR
   \   0000D2   A3           INC     DPTR
   \   0000D3   A3           INC     DPTR
   \   0000D4   E0           MOVX    A,@DPTR
   \   0000D5   F8           MOV     R0,A
   \   0000D6   A3           INC     DPTR
   \   0000D7   E0           MOVX    A,@DPTR
   \   0000D8   F9           MOV     R1,A
   \   0000D9   88..         MOV     ?V0 + 0,R0
   \   0000DB   89..         MOV     ?V0 + 1,R1
   \   0000DD   E8           MOV     A,R0
   \   0000DE   45..         ORL     A,?V0 + 1
   \   0000E0   603C         JZ      ??zclSE_ProcessInSimpleMeteringCmds_2
   \   0000E2   85..82       MOV     DPL,?V0 + 2
   \   0000E5   85..83       MOV     DPH,?V0 + 3
   \   0000E8   E0           MOVX    A,@DPTR
   \   0000E9   F8           MOV     R0,A
   \   0000EA   A3           INC     DPTR
   \   0000EB   E0           MOVX    A,@DPTR
   \   0000EC   F9           MOV     R1,A
   \   0000ED   8882         MOV     DPL,R0
   \   0000EF   8983         MOV     DPH,R1
    845              }
   \   0000F1   12....       LCALL   ??Subroutine131_0 & 0xFFFF
   \                     ??CrossCallReturnLabel_315:
   \   0000F4   85..82       MOV     DPL,?XSP + 0
   \   0000F7   85..83       MOV     DPH,?XSP + 1
   \   0000FA   F0           MOVX    @DPTR,A
   \   0000FB   A3           INC     DPTR
   \   0000FC   E9           MOV     A,R1
   \   0000FD   F0           MOVX    @DPTR,A
   \   0000FE                ; Setup parameters for indirect call
   \   0000FE   85..82       MOV     DPL,?V0 + 4
   \   000101   85..83       MOV     DPH,?V0 + 5
   \   000104   12....       LCALL   ?Subroutine30 & 0xFFFF
   \                     ??CrossCallReturnLabel_216:
   \   000107   85..82       MOV     DPL,?V0 + 0
   \   00010A   85..83       MOV     DPH,?V0 + 1
   \   00010D   8047         SJMP    ??CrossCallReturnLabel_53
    846              else if ( pInMsg->hdr.commandID == COMMAND_SE_MIRROR_REM_RSP )
   \                     ??zclSE_ProcessInSimpleMeteringCmds_5:
   \   00010F   7402         MOV     A,#0x2
   \   000111   6A           XRL     A,R2
   \   000112   700A         JNZ     ??zclSE_ProcessInSimpleMeteringCmds_2
    847              {
    848                stat = zclSE_ProcessInCmd_SimpleMeter_MirrorRemRsp( pInMsg, pCBs );
   \   000114   8C82         MOV     DPL,R4
   \   000116   8D83         MOV     DPH,R5
   \   000118   A3           INC     DPTR
   \   000119   A3           INC     DPTR
   \   00011A   A3           INC     DPTR
   \   00011B   A3           INC     DPTR
   \   00011C   80B0         SJMP    ??zclSE_ProcessInSimpleMeteringCmds_6
    849              }
    850              else
    851                stat = ZFailure;
   \                     ??zclSE_ProcessInSimpleMeteringCmds_2:
   \   00011E   7901         MOV     R1,#0x1
   \   000120   8039         SJMP    ??zclSE_ProcessInSimpleMeteringCmds_4
    852            }
    853            else
    854            {
    855              // Process Server commands, received by client
    856              if ( pInMsg->hdr.commandID == COMMAND_SE_GET_PROFILE_RSP )
   \                     ??zclSE_ProcessInSimpleMeteringCmds_0:
   \   000122   EA           MOV     A,R2
   \   000123   7007         JNZ     ??zclSE_ProcessInSimpleMeteringCmds_7
    857              {
    858                stat = zclSE_ProcessInCmd_SimpleMeter_GetProfileRsp( pInMsg, pCBs );
   \   000125                ; Setup parameters for call to function zclSE_ProcessInCmd_SimpleMeter_GetProfileRsp
   \   000125   EE           MOV     A,R6
   \   000126   FA           MOV     R2,A
   \   000127   12....       LCALL   ??zclSE_ProcessInCmd_SimpleMeter_GetProfileRsp?
   \   00012A   802F         SJMP    ??zclSE_ProcessInSimpleMeteringCmds_4
    859              }
    860              else if ( pInMsg->hdr.commandID == COMMAND_SE_REQ_MIRROR_CMD )
   \                     ??zclSE_ProcessInSimpleMeteringCmds_7:
   \   00012C   7401         MOV     A,#0x1
   \   00012E   6A           XRL     A,R2
   \   00012F   7006         JNZ     ??zclSE_ProcessInSimpleMeteringCmds_8
    861              {
    862                stat = zclSE_ProcessInCmd_SimpleMeter_ReqMirrorCmd( pInMsg, pCBs );
   \   000131   8C82         MOV     DPL,R4
   \   000133   8D83         MOV     DPH,R5
   \   000135   800D         SJMP    ??zclSE_ProcessInSimpleMeteringCmds_9
    863              }
    864              else if ( pInMsg->hdr.commandID == COMMAND_SE_MIRROR_REM_CMD )
   \                     ??zclSE_ProcessInSimpleMeteringCmds_8:
   \   000137   7402         MOV     A,#0x2
   \   000139   6A           XRL     A,R2
   \   00013A   70E2         JNZ     ??zclSE_ProcessInSimpleMeteringCmds_2
    865              {
    866                stat = zclSE_ProcessInCmd_SimpleMeter_MirrorRemCmd( pInMsg, pCBs );
   \   00013C   8C82         MOV     DPL,R4
   \   00013E   8D83         MOV     DPH,R5
   \   000140   A3           INC     DPTR
   \   000141   A3           INC     DPTR
   \   000142   A3           INC     DPTR
   \   000143   A3           INC     DPTR
   \                     ??zclSE_ProcessInSimpleMeteringCmds_9:
   \   000144   A3           INC     DPTR
   \   000145   A3           INC     DPTR
   \   000146   A3           INC     DPTR
   \   000147   A3           INC     DPTR
    867              }
    868              else
    869                stat = ZFailure;
    870            }
   \   000148   12....       LCALL   ?Subroutine44 & 0xFFFF
   \                     ??CrossCallReturnLabel_69:
   \   00014B   60D1         JZ      ??zclSE_ProcessInSimpleMeteringCmds_2
   \   00014D                ; Setup parameters for indirect call
   \   00014D   85..82       MOV     DPL,?V0 + 4
   \   000150   85..83       MOV     DPH,?V0 + 5
   \   000153   12....       LCALL   ?Subroutine37 & 0xFFFF
   \                     ??CrossCallReturnLabel_53:
   \   000156   12....       LCALL   ?CALL_IND
   \   000159   7900         MOV     R1,#0x0
    871          
    872            return ( stat );
   \                     ??zclSE_ProcessInSimpleMeteringCmds_4:
   \   00015B   7408         MOV     A,#0x8
   \   00015D   02....       LJMP    ?Subroutine3 & 0xFFFF
    873          }

   \                                 In  segment BANKED_CODE, align 1, keep-with-next
   \                     ?Subroutine64:
   \   000000   F5..         MOV     ?V0 + 2,A
   \   000002   EF           MOV     A,R7
   \   000003                REQUIRE ??Subroutine115_0
   \   000003                ; // Fall through to label ??Subroutine115_0

   \                                 In  segment BANKED_CODE, align 1, keep-with-next
   \                     ??Subroutine115_0:
   \   000000   3400         ADDC    A,#0x0
   \   000002   F5..         MOV     ?V0 + 3,A
   \   000004   22           RET

   \                                 In  segment BANKED_CODE, align 1, keep-with-next
   \                     ?Subroutine30:
   \   000000   12....       LCALL   ??Subroutine120_0 & 0xFFFF
   \                     ??CrossCallReturnLabel_241:
   \   000003                REQUIRE ??Subroutine116_0
   \   000003                ; // Fall through to label ??Subroutine116_0

   \                                 In  segment BANKED_CODE, align 1, keep-with-next
   \                     ??Subroutine116_0:
   \   000000   12....       LCALL   ?Subroutine77 & 0xFFFF
   \                     ??CrossCallReturnLabel_219:
   \   000003   22           RET

   \                                 In  segment BANKED_CODE, align 1, keep-with-next
   \                     ?Subroutine77:
   \   000000   12....       LCALL   ?Subroutine93 & 0xFFFF
   \                     ??CrossCallReturnLabel_226:
   \   000003   85..82       MOV     DPL,?XSP + 0
   \   000006   85..83       MOV     DPH,?XSP + 1
   \   000009   AA82         MOV     R2,DPL
   \   00000B   AB83         MOV     R3,DPH
   \   00000D   22           RET

   \                                 In  segment BANKED_CODE, align 1, keep-with-next
   \                     ?Subroutine51:
   \   000000   FA           MOV     R2,A
   \   000001   A3           INC     DPTR
   \   000002   E0           MOVX    A,@DPTR
   \   000003   3400         ADDC    A,#0x0
   \   000005   FB           MOV     R3,A
   \   000006   12....       LCALL   ??osal_build_uint32?relay
   \   000009   22           RET

   \                                 In  segment BANKED_CODE, align 1, keep-with-next
   \                     ?Subroutine44:
   \   000000   12....       LCALL   ?Subroutine83 & 0xFFFF
   \                     ??CrossCallReturnLabel_262:
   \   000003   FC           MOV     R4,A
   \   000004   E9           MOV     A,R1
   \   000005   FD           MOV     R5,A
   \   000006   EC           MOV     A,R4
   \   000007   4D           ORL     A,R5
   \   000008   22           RET

   \                                 In  segment BANKED_CODE, align 1, keep-with-next
   \                     ?Subroutine37:
   \   000000   12....       LCALL   ?Subroutine84 & 0xFFFF
   \                     ??CrossCallReturnLabel_231:
   \   000003   FA           MOV     R2,A
   \   000004   A3           INC     DPTR
   \   000005   E0           MOVX    A,@DPTR
   \   000006   3400         ADDC    A,#0x0
   \   000008   FB           MOV     R3,A
   \   000009   8C82         MOV     DPL,R4
   \   00000B   8D83         MOV     DPH,R5
   \   00000D   22           RET

   \                                 In  segment BANKED_CODE, align 1, keep-with-next
   \                     ??Subroutine118_0:
   \   000000   12....       LCALL   ?Subroutine84 & 0xFFFF
   \                     ??CrossCallReturnLabel_232:
   \   000003   FC           MOV     R4,A
   \   000004   A3           INC     DPTR
   \   000005   E0           MOVX    A,@DPTR
   \   000006   3400         ADDC    A,#0x0
   \   000008   FD           MOV     R5,A
   \   000009   22           RET

   \                                 In  segment BANKED_CODE, align 1, keep-with-next
   \                     ?Subroutine84:
   \   000000   12....       LCALL   ?Subroutine95 & 0xFFFF
   \                     ??CrossCallReturnLabel_245:
   \   000003   E0           MOVX    A,@DPTR
   \   000004   2406         ADD     A,#0x6
   \   000006   22           RET

   \                                 In  segment BANKED_CODE, align 1, keep-with-next
   \                     ??Subroutine120_0:
   \   000000   12....       LCALL   ?Subroutine95 & 0xFFFF
   \                     ??CrossCallReturnLabel_246:
   \   000003   22           RET

   \                                 In  segment BANKED_CODE, align 1, keep-with-next
   \                     ?Subroutine95:
   \   000000   E0           MOVX    A,@DPTR
   \   000001   F9           MOV     R1,A
   \   000002   8E82         MOV     DPL,R6
   \   000004   8F83         MOV     DPH,R7
   \   000006   22           RET

   \                                 In  segment BANKED_CODE, align 1, keep-with-next
   \                     ??Subroutine122_0:
   \   000000   12....       LCALL   ?Subroutine83 & 0xFFFF
   \                     ??CrossCallReturnLabel_261:
   \   000003   49           ORL     A,R1
   \   000004   22           RET

   \                                 In  segment BANKED_CODE, align 1, keep-with-next
   \                     ?Subroutine93:
   \   000000   E0           MOVX    A,@DPTR
   \   000001   2406         ADD     A,#0x6
   \   000003   FC           MOV     R4,A
   \   000004   A3           INC     DPTR
   \   000005   E0           MOVX    A,@DPTR
   \   000006   3400         ADDC    A,#0x0
   \   000008   FD           MOV     R5,A
   \   000009   22           RET

   \                                 In  segment BANKED_CODE, align 1, keep-with-next
   \                     ??Subroutine123_0:
   \   000000   12....       LCALL   ??Subroutine124_0 & 0xFFFF
   \                     ??CrossCallReturnLabel_275:
   \   000003   22           RET

   \                                 In  segment BANKED_CODE, align 1, keep-with-next
   \                     ??Subroutine124_0:
   \   000000   E0           MOVX    A,@DPTR
   \   000001   F8           MOV     R0,A
   \   000002   A3           INC     DPTR
   \   000003   E0           MOVX    A,@DPTR
   \   000004   F583         MOV     DPH,A
   \   000006   8882         MOV     DPL,R0
   \   000008   22           RET

   \                                 In  segment BANKED_CODE, align 1, keep-with-next
   \                     ??Subroutine131_0:
   \   000000   E0           MOVX    A,@DPTR
   \   000001   FA           MOV     R2,A
   \   000002   A3           INC     DPTR
   \   000003   E0           MOVX    A,@DPTR
   \   000004   F9           MOV     R1,A
   \   000005   EA           MOV     A,R2
   \   000006   22           RET
    874          
    875          /*********************************************************************
    876           * @fn      zclSE_ProcessInCmd_SimpleMeter_GetProfileCmd
    877           *
    878           * @brief   Process in the received Get Profile Command.
    879           *
    880           * @param   pInMsg - pointer to the incoming message
    881           *
    882           * @return  ZStatus_t - ZFailure @ Unsupported
    883           *                      ZCL_STATUS_CMD_HAS_RSP @ Supported and do 
    884           *                                           not need default rsp
    885           *                      ZCL_STATUS_INVALID_FIELD @ Range checking 
    886           *                                           failure
    887           *                      
    888           */
    889          static ZStatus_t zclSE_ProcessInCmd_SimpleMeter_GetProfileCmd( zclIncoming_t *pInMsg,
    890                                                                          zclSE_AppCallbacks_t *pCBs )
    891          {
    892            if ( pCBs->pfnSimpleMeter_GetProfileCmd )
    893            {
    894              zclCCGetProfileCmd_t cmd;
    895              
    896              cmd.channel = pInMsg->pData[0];
    897              cmd.endTime = osal_build_uint32( &pInMsg->pData[1], 4 );
    898              cmd.numOfPeriods = pInMsg->pData[5];
    899                  
    900              // Range checking
    901              if ( cmd.channel > MAX_INTERVAL_CHANNEL_SE_SIMPLE_METERING )
    902              {
    903                return ZCL_STATUS_INVALID_FIELD;
    904              }
    905              pCBs->pfnSimpleMeter_GetProfileCmd( &cmd, &(pInMsg->msg->srcAddr), 
    906                                                 pInMsg->hdr.transSeqNum  );
    907              
    908              return ZCL_STATUS_CMD_HAS_RSP;
    909            }
    910            else
    911            {
    912              return ZFailure; 
    913            }
    914          }
    915          
    916          /*********************************************************************
    917           * @fn      zclSE_ProcessInCmd_SimpleMeter_GetProfileRsp
    918           *
    919           * @brief   Process in the received Get Profile Response.
    920           *
    921           * @param   pInMsg - pointer to the incoming message
    922           *
    923           * @return  ZStatus_t - ZFailure @ Unsupported
    924           *                      ZSuccess @ Supported and send default rsp
    925           *                      ZCL_STATUS_INVALID_FIELD @ Range checking 
    926           *                                           failure
    927           *                      ZCL_STATUS_SOFTWARE_FAILURE @ ZStack memory allocation failure
    928           */

   \                                 In  segment BANKED_CODE, align 1, keep-with-next
    929          static ZStatus_t zclSE_ProcessInCmd_SimpleMeter_GetProfileRsp( zclIncoming_t *pInMsg,
   \                     zclSE_ProcessInCmd_SimpleMeter_GetProfileRsp:
    930                                                                          zclSE_AppCallbacks_t *pCBs )
    931          {
   \   000000   74F0         MOV     A,#-0x10
   \   000002   12....       LCALL   ?BANKED_ENTER_XDATA
   \   000005                ; Saved register size: 16
   \   000005                ; Auto size: 9
   \   000005   74F7         MOV     A,#-0x9
   \   000007   12....       LCALL   ?ALLOC_XSTACK8
   \   00000A   8A..         MOV     ?V0 + 4,R2
   \   00000C   8B..         MOV     ?V0 + 5,R3
    932            if ( pCBs->pfnSimpleMeter_GetProfileRsp )
   \   00000E   EC           MOV     A,R4
   \   00000F   2402         ADD     A,#0x2
   \   000011   F5..         MOV     ?V0 + 6,A
   \   000013   ED           MOV     A,R5
   \   000014   3400         ADDC    A,#0x0
   \   000016   F5..         MOV     ?V0 + 7,A
   \   000018   85..82       MOV     DPL,?V0 + 6
   \   00001B   12....       LCALL   ??Subroutine121_0 & 0xFFFF
   \                     ??CrossCallReturnLabel_249:
   \   00001E   7003         JNZ     $+5
   \   000020   02....       LJMP    ??zclSE_ProcessInCmd_SimpleMeter_GetProfileRsp_0 & 0xFFFF
    933            {
    934              uint24 *pBuf24;
    935              uint8  *pBuf8;
    936              uint8  i;
    937              zclCCGetProfileRsp_t cmd;
    938              
    939              cmd.endTime = osal_build_uint32( &pInMsg->pData[0], 4 );
   \   000023   EA           MOV     A,R2
   \   000024   2408         ADD     A,#0x8
   \   000026   FE           MOV     R6,A
   \   000027   EB           MOV     A,R3
   \   000028   3400         ADDC    A,#0x0
   \   00002A   FF           MOV     R7,A
   \   00002B                ; Setup parameters for call to function osal_build_uint32
   \   00002B   7904         MOV     R1,#0x4
   \   00002D   8E82         MOV     DPL,R6
   \   00002F   8F83         MOV     DPH,R7
   \   000031   12....       LCALL   ?Subroutine39 & 0xFFFF
   \                     ??CrossCallReturnLabel_59:
   \   000034   12....       LCALL   ?XSTORE_R2345
    940              cmd.status = pInMsg->pData[4];
   \   000037   8E82         MOV     DPL,R6
   \   000039   8F83         MOV     DPH,R7
   \   00003B   12....       LCALL   ??Subroutine119_0 & 0xFFFF
   \                     ??CrossCallReturnLabel_233:
   \   00003E   C0E0         PUSH    A
   \   000040   7404         MOV     A,#0x4
   \   000042   12....       LCALL   ?XSTACK_DISP0_8
   \   000045   D0E0         POP     A
   \   000047   12....       LCALL   ?Subroutine26 & 0xFFFF
    941              cmd.profileIntervalPeriod = pInMsg->pData[5];
   \                     ??CrossCallReturnLabel_40:
   \   00004A   12....       LCALL   ?Subroutine98 & 0xFFFF
   \                     ??CrossCallReturnLabel_239:
   \   00004D   A3           INC     DPTR
   \   00004E   E0           MOVX    A,@DPTR
   \   00004F   F8           MOV     R0,A
   \   000050   7405         MOV     A,#0x5
   \   000052   12....       LCALL   ?XSTACK_DISP0_8
   \   000055   E8           MOV     A,R0
   \   000056   12....       LCALL   ?Subroutine26 & 0xFFFF
    942              cmd.numOfPeriodDelivered = pInMsg->pData[6];
   \                     ??CrossCallReturnLabel_41:
   \   000059   F9           MOV     R1,A
   \   00005A   A3           INC     DPTR
   \   00005B   E0           MOVX    A,@DPTR
   \   00005C   F583         MOV     DPH,A
   \   00005E   8982         MOV     DPL,R1
   \   000060   A3           INC     DPTR
   \   000061   A3           INC     DPTR
   \   000062   A3           INC     DPTR
   \   000063   A3           INC     DPTR
   \   000064   A3           INC     DPTR
   \   000065   A3           INC     DPTR
   \   000066   E0           MOVX    A,@DPTR
   \   000067   F5..         MOV     ?V0 + 0,A
   \   000069   7406         MOV     A,#0x6
   \   00006B   12....       LCALL   ?XSTACK_DISP0_8
   \   00006E   E5..         MOV     A,?V0 + 0
   \   000070   F0           MOVX    @DPTR,A
    943              
    944              // Range Checking
    945              if ( cmd.profileIntervalPeriod > MAX_PROFILE_INTERVAL_PERIOD_SE_SIMPLE_METERING )
   \   000071   E8           MOV     A,R0
   \   000072   C3           CLR     C
   \   000073   9408         SUBB    A,#0x8
   \   000075   4005         JC      ??zclSE_ProcessInCmd_SimpleMeter_GetProfileRsp_1
    946              {
    947                 return ZCL_STATUS_INVALID_FIELD;
   \   000077   7985         MOV     R1,#-0x7b
   \   000079   02....       LJMP    ??zclSE_ProcessInCmd_SimpleMeter_GetProfileRsp_2 & 0xFFFF
    948              }
    949              
    950              // Convert the byte stream to array of uint24
    951              pBuf8 = &pInMsg->pData[7];  // Pointer to the start of the array of bytes 
   \                     ??zclSE_ProcessInCmd_SimpleMeter_GetProfileRsp_1:
   \   00007C   8E82         MOV     DPL,R6
   \   00007E   8F83         MOV     DPH,R7
   \   000080   E0           MOVX    A,@DPTR
   \   000081   2407         ADD     A,#0x7
   \   000083   F5..         MOV     ?V0 + 2,A
   \   000085   A3           INC     DPTR
   \   000086   E0           MOVX    A,@DPTR
   \   000087   12....       LCALL   ??Subroutine115_0 & 0xFFFF
    952              
    953              // Pointer to the start of the array of uint24
    954              pBuf24 = (uint24*)osal_mem_alloc( cmd.numOfPeriodDelivered * 
    955                                               sizeof(uint24) );
   \                     ??CrossCallReturnLabel_209:
   \   00008A                ; Setup parameters for call to function osal_mem_alloc
   \   00008A   75..00       MOV     ?V0 + 1,#0x0
   \   00008D   7402         MOV     A,#0x2
   \   00008F   78..         MOV     R0,#?V0 + 0
   \   000091   12....       LCALL   ?S_SHL
   \   000094   AA..         MOV     R2,?V0 + 0
   \   000096   AB..         MOV     R3,?V0 + 1
   \   000098   12....       LCALL   ??osal_mem_alloc?relay
   \   00009B   8A..         MOV     ?V0 + 0,R2
   \   00009D   8B..         MOV     ?V0 + 1,R3
   \   00009F   AE..         MOV     R6,?V0 + 0
   \   0000A1   AF..         MOV     R7,?V0 + 1
    956              if ( pBuf24 == NULL )
   \   0000A3   EE           MOV     A,R6
   \   0000A4   4F           ORL     A,R7
   \   0000A5   7004         JNZ     ??zclSE_ProcessInCmd_SimpleMeter_GetProfileRsp_3
    957                return ZCL_STATUS_SOFTWARE_FAILURE;  // Memory allocation error
   \   0000A7   79C1         MOV     R1,#-0x3f
   \   0000A9   806C         SJMP    ??zclSE_ProcessInCmd_SimpleMeter_GetProfileRsp_2
    958              
    959              cmd.intervals = pBuf24;
   \                     ??zclSE_ProcessInCmd_SimpleMeter_GetProfileRsp_3:
   \   0000AB   7407         MOV     A,#0x7
   \   0000AD   12....       LCALL   ?XSTACK_DISP0_8
   \   0000B0   EE           MOV     A,R6
   \   0000B1   F0           MOVX    @DPTR,A
   \   0000B2   A3           INC     DPTR
   \   0000B3   EF           MOV     A,R7
   \   0000B4   F0           MOVX    @DPTR,A
    960              for( i = 0; i < cmd.numOfPeriodDelivered; i++ )
   \   0000B5   75..00       MOV     ?V0 + 0,#0x0
   \   0000B8   801C         SJMP    ??zclSE_ProcessInCmd_SimpleMeter_GetProfileRsp_4
    961              {
    962                *(pBuf24++) = osal_build_uint32( pBuf8, 3 );
   \                     ??zclSE_ProcessInCmd_SimpleMeter_GetProfileRsp_5:
   \   0000BA                ; Setup parameters for call to function osal_build_uint32
   \   0000BA   7903         MOV     R1,#0x3
   \   0000BC   AA..         MOV     R2,?V0 + 2
   \   0000BE   AB..         MOV     R3,?V0 + 3
   \   0000C0   12....       LCALL   ?Subroutine68 & 0xFFFF
   \                     ??CrossCallReturnLabel_117:
   \   0000C3   12....       LCALL   ?XSTORE_R2345
   \   0000C6   12....       LCALL   ?Subroutine88 & 0xFFFF
    963                pBuf8 += 3;
   \                     ??CrossCallReturnLabel_133:
   \   0000C9   E5..         MOV     A,?V0 + 2
   \   0000CB   2403         ADD     A,#0x3
   \   0000CD   F5..         MOV     ?V0 + 2,A
   \   0000CF   E5..         MOV     A,?V0 + 3
   \   0000D1   12....       LCALL   ??Subroutine115_0 & 0xFFFF
    964              }
   \                     ??CrossCallReturnLabel_210:
   \   0000D4   05..         INC     ?V0 + 0
   \                     ??zclSE_ProcessInCmd_SimpleMeter_GetProfileRsp_4:
   \   0000D6   7406         MOV     A,#0x6
   \   0000D8   12....       LCALL   ?XSTACK_DISP0_8
   \   0000DB   E0           MOVX    A,@DPTR
   \   0000DC   F8           MOV     R0,A
   \   0000DD   E5..         MOV     A,?V0 + 0
   \   0000DF   C3           CLR     C
   \   0000E0   98           SUBB    A,R0
   \   0000E1   40D7         JC      ??zclSE_ProcessInCmd_SimpleMeter_GetProfileRsp_5
    965              
    966              pCBs->pfnSimpleMeter_GetProfileRsp( &cmd, &(pInMsg->msg->srcAddr), 
    967                                                 pInMsg->hdr.transSeqNum );
   \   0000E3                ; Setup parameters for indirect call
   \   0000E3   85..82       MOV     DPL,?V0 + 4
   \   0000E6   85..83       MOV     DPH,?V0 + 5
   \   0000E9   A3           INC     DPTR
   \   0000EA   A3           INC     DPTR
   \   0000EB   A3           INC     DPTR
   \   0000EC   A3           INC     DPTR
   \   0000ED   A3           INC     DPTR
   \   0000EE   A3           INC     DPTR
   \   0000EF   E0           MOVX    A,@DPTR
   \   0000F0   F9           MOV     R1,A
   \   0000F1   85..82       MOV     DPL,?V0 + 4
   \   0000F4   85..83       MOV     DPH,?V0 + 5
   \   0000F7   12....       LCALL   ??Subroutine116_0 & 0xFFFF
   \                     ??CrossCallReturnLabel_215:
   \   0000FA   85..82       MOV     DPL,?V0 + 6
   \   0000FD   85..83       MOV     DPH,?V0 + 7
   \   000100   12....       LCALL   ??Subroutine123_0 & 0xFFFF
   \                     ??CrossCallReturnLabel_267:
   \   000103   12....       LCALL   ?CALL_IND
    968              
    969              osal_mem_free( cmd.intervals );
   \   000106                ; Setup parameters for call to function osal_mem_free
   \   000106   7407         MOV     A,#0x7
   \   000108   12....       LCALL   ?XSTACK_DISP0_8
   \   00010B   12....       LCALL   ?Subroutine48 & 0xFFFF
   \                     ??CrossCallReturnLabel_86:
   \   00010E   12....       LCALL   ??osal_mem_free?relay
    970              
    971              return ZSuccess;
   \   000111   7900         MOV     R1,#0x0
   \   000113   8002         SJMP    ??zclSE_ProcessInCmd_SimpleMeter_GetProfileRsp_2
    972            }
    973            else
    974            {
    975              return ZFailure; 
   \                     ??zclSE_ProcessInCmd_SimpleMeter_GetProfileRsp_0:
   \   000115   7901         MOV     R1,#0x1
   \                     ??zclSE_ProcessInCmd_SimpleMeter_GetProfileRsp_2:
   \   000117   7409         MOV     A,#0x9
    976            }
   \   000119   02....       LJMP    ??Subroutine109_0 & 0xFFFF
    977          }

   \                                 In  segment BANKED_CODE, align 1, keep-with-next
   \                     ?Subroutine39:
   \   000000   12....       LCALL   ?Subroutine86 & 0xFFFF
   \                     ??CrossCallReturnLabel_130:
   \   000003   85..82       MOV     DPL,?XSP + 0
   \   000006   85..83       MOV     DPH,?XSP + 1
   \   000009   22           RET

   \                                 In  segment BANKED_CODE, align 1, keep-with-next
   \                     ??Subroutine119_0:
   \   000000   12....       LCALL   ?Subroutine79 & 0xFFFF
   \                     ??CrossCallReturnLabel_238:
   \   000003   22           RET

   \                                 In  segment BANKED_CODE, align 1, keep-with-next
   \                     ?Subroutine79:
   \   000000   E0           MOVX    A,@DPTR
   \   000001   12....       LCALL   ?Subroutine98 & 0xFFFF
   \                     ??CrossCallReturnLabel_240:
   \   000004   E0           MOVX    A,@DPTR
   \   000005   22           RET

   \                                 In  segment BANKED_CODE, align 1, keep-with-next
   \                     ?Subroutine98:
   \   000000   F8           MOV     R0,A
   \   000001   A3           INC     DPTR
   \   000002   E0           MOVX    A,@DPTR
   \   000003   F583         MOV     DPH,A
   \   000005   8882         MOV     DPL,R0
   \   000007   A3           INC     DPTR
   \   000008   A3           INC     DPTR
   \   000009   A3           INC     DPTR
   \   00000A   A3           INC     DPTR
   \   00000B   22           RET

   \                                 In  segment BANKED_CODE, align 1, keep-with-next
   \                     ??Subroutine121_0:
   \   000000   F583         MOV     DPH,A
   \   000002                REQUIRE ??Subroutine122_0
   \   000002                ; // Fall through to label ??Subroutine122_0

   \                                 In  segment BANKED_CODE, align 1, keep-with-next
   \                     ?Subroutine86:
   \   000000   12....       LCALL   ?Subroutine97 & 0xFFFF
   \                     ??CrossCallReturnLabel_144:
   \   000003   12....       LCALL   ??osal_build_uint32?relay
   \   000006   22           RET

   \                                 In  segment BANKED_CODE, align 1, keep-with-next
   \                     ?Subroutine68:
   \   000000   12....       LCALL   ??osal_build_uint32?relay
   \   000003   8E82         MOV     DPL,R6
   \   000005   8F83         MOV     DPH,R7
   \   000007   22           RET

   \                                 In  segment BANKED_CODE, align 1, keep-with-next
   \                     ?Subroutine26:
   \   000000   F0           MOVX    @DPTR,A
   \   000001   8E82         MOV     DPL,R6
   \   000003   8F83         MOV     DPH,R7
   \   000005   E0           MOVX    A,@DPTR
   \   000006   22           RET
    978          
    979          /*********************************************************************
    980           * @fn      zclSE_ProcessInCmd_SimpleMeter_ReqMirrorCmd
    981           *
    982           * @brief   Process in the received Request Mirror Command.
    983           *
    984           * @param   pInMsg - pointer to the incoming message
    985           *
    986           * @return  ZStatus_t - ZFailure @ Unsupported
    987           *                      ZSuccess @ Supported and send default rsp
    988           */
    989          static ZStatus_t zclSE_ProcessInCmd_SimpleMeter_ReqMirrorCmd( zclIncoming_t *pInMsg,
    990                                                                            zclSE_AppCallbacks_t *pCBs )
    991          {
    992            if ( pCBs->pfnSimpleMeter_ReqMirrorCmd )
    993            {
    994              pCBs->pfnSimpleMeter_ReqMirrorCmd( &(pInMsg->msg->srcAddr),
    995                                                 pInMsg->hdr.transSeqNum );
    996              return ZSuccess;
    997            }
    998            else
    999              return ZFailure;
   1000          }
   1001          
   1002          /*********************************************************************
   1003           * @fn      zclSE_ProcessInCmd_SimpleMeter_ReqMirrorRsp
   1004           *
   1005           * @brief   Process in the received Request Mirror Response.
   1006           *
   1007           * @param   pInMsg - pointer to the incoming message
   1008           *
   1009           * @return  ZStatus_t - ZFailure @ Unsupported
   1010           *                      ZSuccess @ Supported and send default rsp
   1011           */
   1012          static ZStatus_t zclSE_ProcessInCmd_SimpleMeter_ReqMirrorRsp( zclIncoming_t *pInMsg,
   1013                                                                            zclSE_AppCallbacks_t *pCBs )
   1014          {
   1015            if ( pCBs->pfnSimpleMeter_ReqMirrorRsp )
   1016            {
   1017              zclCCReqMirrorRsp_t cmd;
   1018          
   1019              cmd.endpointId = BUILD_UINT16( pInMsg->pData[0], pInMsg->pData[1] );
   1020          
   1021              pCBs->pfnSimpleMeter_ReqMirrorRsp( &cmd, &(pInMsg->msg->srcAddr),
   1022                                                 pInMsg->hdr.transSeqNum );
   1023              return ZSuccess ;
   1024            }
   1025            else
   1026              return ZFailure;
   1027          }
   1028          
   1029          /*********************************************************************
   1030           * @fn      zclSE_ProcessInCmd_SimpleMeter_MirrorRemCmd
   1031           *
   1032           * @brief   Process in the received Mirror Removed Command.
   1033           *
   1034           * @param   pInMsg - pointer to the incoming message
   1035           *
   1036           * @return  ZStatus_t - ZFailure @ Unsupported
   1037           *                      ZSuccess @ Supported and send default rsp
   1038           */
   1039          static ZStatus_t zclSE_ProcessInCmd_SimpleMeter_MirrorRemCmd( zclIncoming_t *pInMsg,
   1040                                                                            zclSE_AppCallbacks_t *pCBs )
   1041          {
   1042            if ( pCBs->pfnSimpleMeter_MirrorRemCmd )
   1043            {
   1044              pCBs->pfnSimpleMeter_MirrorRemCmd( &(pInMsg->msg->srcAddr),
   1045                                                 pInMsg->hdr.transSeqNum );
   1046              return ZSuccess;
   1047            }
   1048            else
   1049              return ZFailure;
   1050          }
   1051          
   1052          /*********************************************************************
   1053           * @fn      zclSE_ProcessInCmd_SimpleMeter_MirrorRemRsp
   1054           *
   1055           * @brief   Process in the received Mirror Removed Response.
   1056           *
   1057           * @param   pInMsg - pointer to the incoming message
   1058           *
   1059           * @return  ZStatus_t - ZFailure @ Unsupported
   1060           *                      ZSuccess @ Supported and send default rsp
   1061           */
   1062          static ZStatus_t zclSE_ProcessInCmd_SimpleMeter_MirrorRemRsp( zclIncoming_t *pInMsg,
   1063                                                                            zclSE_AppCallbacks_t *pCBs )
   1064          {
   1065            if ( pCBs->pfnSimpleMeter_MirrorRemRsp )
   1066            {
   1067              zclCCMirrorRemRsp_t cmd;
   1068          
   1069              cmd.endpointId = pInMsg->pData[0] | ( (uint16)pInMsg->pData[1] << 8 );
   1070          
   1071              pCBs->pfnSimpleMeter_MirrorRemRsp( &cmd, &(pInMsg->msg->srcAddr),
   1072                                                 pInMsg->hdr.transSeqNum );
   1073              return ZSuccess;
   1074            }
   1075            else
   1076              return ZFailure;
   1077          }
   1078          
   1079          #endif
   1080          
   1081          
   1082          #ifdef ZCL_PRICING
   1083          /*********************************************************************
   1084           * @fn      zclSE_ProcessInPricingCmds
   1085           *
   1086           * @brief   Callback from ZCL to process incoming Commands specific
   1087           *          to this cluster library on a command ID basis
   1088          
   1089           * @param   pInMsg - pointer to the incoming message
   1090           *
   1091           * @return  ZStatus_t
   1092           */

   \                                 In  segment BANKED_CODE, align 1, keep-with-next
   1093          static ZStatus_t zclSE_ProcessInPricingCmds( zclIncoming_t *pInMsg,
   \                     zclSE_ProcessInPricingCmds:
   1094                                                        zclSE_AppCallbacks_t *pCBs )
   1095          {
   \   000000   74F2         MOV     A,#-0xe
   \   000002   12....       LCALL   ?BANKED_ENTER_XDATA
   \   000005                ; Saved register size: 14
   \   000005                ; Auto size: 6
   \   000005   74FA         MOV     A,#-0x6
   \   000007   12....       LCALL   ?ALLOC_XSTACK8
   \   00000A   EA           MOV     A,R2
   \   00000B   FE           MOV     R6,A
   \   00000C   EB           MOV     A,R3
   \   00000D   FF           MOV     R7,A
   1096            ZStatus_t stat = ZSuccess;
   1097            
   1098            if ( zcl_ServerCmd( pInMsg->hdr.fc.direction ) )  
   \   00000E   8E82         MOV     DPL,R6
   \   000010   8F83         MOV     DPH,R7
   \   000012   A3           INC     DPTR
   \   000013   A3           INC     DPTR
   \   000014   A3           INC     DPTR
   \   000015   A3           INC     DPTR
   \   000016   A3           INC     DPTR
   \   000017   A3           INC     DPTR
   \   000018   A3           INC     DPTR
   \   000019   E0           MOVX    A,@DPTR
   \   00001A   FA           MOV     R2,A
   \   00001B   8E82         MOV     DPL,R6
   \   00001D   8F83         MOV     DPH,R7
   \   00001F   A3           INC     DPTR
   \   000020   A3           INC     DPTR
   \   000021   E0           MOVX    A,@DPTR
   \   000022   5408         ANL     A,#0x8
   \   000024   704C         JNZ     ??zclSE_ProcessInPricingCmds_0
   1099            { 
   1100              // Process Client commands, received by server
   1101              if( pInMsg->hdr.commandID == COMMAND_SE_GET_CURRENT_PRICE )
   \   000026   12....       LCALL   ?Subroutine59 & 0xFFFF
   \                     ??CrossCallReturnLabel_107:
   \   000029   EA           MOV     A,R2
   \   00002A   7018         JNZ     ??zclSE_ProcessInPricingCmds_1
   1102              {
   1103                stat = zclSE_ProcessInCmd_Pricing_GetCurrentPrice( pInMsg, pCBs );
   \   00002C   EC           MOV     A,R4
   \   00002D   240C         ADD     A,#0xc
   \   00002F   12....       LCALL   ?Subroutine63 & 0xFFFF
   1104              }
   \                     ??CrossCallReturnLabel_113:
   \   000032   12....       LCALL   ??Subroutine121_0 & 0xFFFF
   \                     ??CrossCallReturnLabel_250:
   \   000035   6037         JZ      ??zclSE_ProcessInPricingCmds_2
   \   000037   12....       LCALL   ?Subroutine5 & 0xFFFF
   \                     ??CrossCallReturnLabel_221:
   \   00003A   12....       LCALL   ?Subroutine32 & 0xFFFF
   \                     ??CrossCallReturnLabel_270:
   \   00003D   12....       LCALL   ?CALL_IND
   \   000040   79FF         MOV     R1,#-0x1
   \   000042   8036         SJMP    ??zclSE_ProcessInPricingCmds_3
   1105              else if ( pInMsg->hdr.commandID == COMMAND_SE_GET_SCHEDULED_PRICE )
   \                     ??zclSE_ProcessInPricingCmds_1:
   \   000044   7401         MOV     A,#0x1
   \   000046   6A           XRL     A,R2
   \   000047   7025         JNZ     ??zclSE_ProcessInPricingCmds_2
   1106              {
   1107                stat = zclSE_ProcessInCmd_Pricing_GetScheduledPrice( pInMsg, pCBs );
   \   000049   EC           MOV     A,R4
   \   00004A   240E         ADD     A,#0xe
   \   00004C   12....       LCALL   ?Subroutine27 & 0xFFFF
   1108              }
   \                     ??CrossCallReturnLabel_256:
   \   00004F   601D         JZ      ??zclSE_ProcessInPricingCmds_2
   \   000051                ; Setup parameters for call to function osal_build_uint32
   \   000051   12....       LCALL   ?Subroutine47 & 0xFFFF
   \                     ??CrossCallReturnLabel_80:
   \   000054   12....       LCALL   ?XSTACK_DISP0_8
   \   000057   12....       LCALL   ?XSTORE_R2345
   \   00005A   12....       LCALL   ?Subroutine31 & 0xFFFF
   \                     ??CrossCallReturnLabel_234:
   \   00005D   C0E0         PUSH    A
   \   00005F   7405         MOV     A,#0x5
   \   000061   12....       LCALL   ?XSTACK_DISP0_8
   \   000064   D0E0         POP     A
   \   000066   12....       LCALL   ?Subroutine11 & 0xFFFF
   \                     ??CrossCallReturnLabel_7:
   \   000069   12....       LCALL   ?XSTACK_DISP0_8
   \   00006C   80CC         SJMP    ??CrossCallReturnLabel_221
   1109              else
   1110                stat = ZFailure;
   \                     ??zclSE_ProcessInPricingCmds_2:
   \   00006E   7901         MOV     R1,#0x1
   \   000070   8008         SJMP    ??zclSE_ProcessInPricingCmds_3
   1111            }
   1112            else
   1113            {
   1114              // Process Server commands, received by client
   1115              if ( pInMsg->hdr.commandID == COMMAND_SE_PUBLISH_PRICE )
   \                     ??zclSE_ProcessInPricingCmds_0:
   \   000072   EA           MOV     A,R2
   \   000073   70F9         JNZ     ??zclSE_ProcessInPricingCmds_2
   1116              {
   1117                stat = zclSE_ProcessInCmd_Pricing_PublishPrice( pInMsg, pCBs );
   \   000075                ; Setup parameters for call to function zclSE_ProcessInCmd_Pricing_PublishPrice
   \   000075   EE           MOV     A,R6
   \   000076   FA           MOV     R2,A
   \   000077   12....       LCALL   ??zclSE_ProcessInCmd_Pricing_PublishPrice?relay
   1118              }
   1119              else
   1120                stat = ZFailure;
   1121            }
   1122          
   1123            return ( stat );
   \                     ??zclSE_ProcessInPricingCmds_3:
   \   00007A   7406         MOV     A,#0x6
   \   00007C                REQUIRE ?Subroutine3
   \   00007C                ; // Fall through to label ?Subroutine3
   1124          }

   \                                 In  segment BANKED_CODE, align 1, keep-with-next
   \                     ?Subroutine5:
   \   000000   12....       LCALL   ?Subroutine80 & 0xFFFF
   \                     ??CrossCallReturnLabel_273:
   \   000003   E0           MOVX    A,@DPTR
   \   000004   85..82       MOV     DPL,?XSP + 0
   \   000007   85..83       MOV     DPH,?XSP + 1
   \   00000A                REQUIRE ??Subroutine117_0
   \   00000A                ; // Fall through to label ??Subroutine117_0

   \                                 In  segment BANKED_CODE, align 1, keep-with-next
   \                     ??Subroutine117_0:
   \   000000   12....       LCALL   ?Subroutine70 & 0xFFFF
   \                     ??CrossCallReturnLabel_224:
   \   000003   85..82       MOV     DPL,?XSP + 0
   \   000006   85..83       MOV     DPH,?XSP + 1
   \   000009   22           RET

   \                                 In  segment BANKED_CODE, align 1, keep-with-next
   \                     ?Subroutine31:
   \   000000   85..82       MOV     DPL,?V0 + 0
   \   000003   85..83       MOV     DPH,?V0 + 1
   \   000006                REQUIRE ??Subroutine119_0
   \   000006                ; // Fall through to label ??Subroutine119_0

   \                                 In  segment BANKED_CODE, align 1, keep-with-next
   \                     ?Subroutine27:
   \   000000   F5..         MOV     ?V0 + 4,A
   \   000002   ED           MOV     A,R5
   \   000003   3400         ADDC    A,#0x0
   \   000005   F5..         MOV     ?V0 + 5,A
   \   000007   85..82       MOV     DPL,?V0 + 4
   \   00000A                REQUIRE ??Subroutine121_0
   \   00000A                ; // Fall through to label ??Subroutine121_0

   \                                 In  segment BANKED_CODE, align 1, keep-with-next
   \                     ?Subroutine63:
   \   000000   F8           MOV     R0,A
   \   000001   ED           MOV     A,R5
   \   000002   3400         ADDC    A,#0x0
   \   000004   F9           MOV     R1,A
   \   000005   88..         MOV     ?V0 + 4,R0
   \   000007   89..         MOV     ?V0 + 5,R1
   \   000009   8882         MOV     DPL,R0
   \   00000B   22           RET

   \                                 In  segment BANKED_CODE, align 1, keep-with-next
   \                     ?Subroutine59:
   \   000000   EE           MOV     A,R6
   \   000001   2406         ADD     A,#0x6
   \   000003   F5..         MOV     ?V0 + 2,A
   \   000005   EF           MOV     A,R7
   \   000006   3400         ADDC    A,#0x0
   \   000008   F5..         MOV     ?V0 + 3,A
   \   00000A   12....       LCALL   ?Subroutine91 & 0xFFFF
   \                     ??CrossCallReturnLabel_138:
   \   00000D   22           RET

   \                                 In  segment BANKED_CODE, align 1, keep-with-next
   \                     ?Subroutine91:
   \   000000   EE           MOV     A,R6
   \   000001   2408         ADD     A,#0x8
   \   000003   F5..         MOV     ?V0 + 0,A
   \   000005   EF           MOV     A,R7
   \   000006   3400         ADDC    A,#0x0
   \   000008   F5..         MOV     ?V0 + 1,A
   \   00000A   22           RET

   \                                 In  segment BANKED_CODE, align 1, keep-with-next
   \                     ?Subroutine47:
   \   000000   7904         MOV     R1,#0x4
   \   000002   85..82       MOV     DPL,?V0 + 0
   \   000005   85..83       MOV     DPH,?V0 + 1
   \   000008   12....       LCALL   ?Subroutine86 & 0xFFFF
   \                     ??CrossCallReturnLabel_131:
   \   00000B   7401         MOV     A,#0x1
   \   00000D   22           RET

   \                                 In  segment BANKED_CODE, align 1, keep-with-next
   \                     ?Subroutine11:
   \   000000   12....       LCALL   ?Subroutine70 & 0xFFFF
   \                     ??CrossCallReturnLabel_223:
   \   000003   7401         MOV     A,#0x1
   \   000005   22           RET

   \                                 In  segment BANKED_CODE, align 1, keep-with-next
   \                     ?Subroutine70:
   \   000000   F0           MOVX    @DPTR,A
   \   000001                ; Setup parameters for indirect call
   \   000001                ; Setup parameters for indirect call
   \   000001                ; Setup parameters for indirect call
   \   000001                ; Setup parameters for indirect call
   \   000001                ; Setup parameters for indirect call
   \   000001   85..82       MOV     DPL,?V0 + 2
   \   000004   85..83       MOV     DPH,?V0 + 3
   \   000007   12....       LCALL   ?Subroutine95 & 0xFFFF
   \                     ??CrossCallReturnLabel_244:
   \   00000A   12....       LCALL   ?Subroutine93 & 0xFFFF
   \                     ??CrossCallReturnLabel_227:
   \   00000D   22           RET

   \                                 In  segment BANKED_CODE, align 1, keep-with-next
   \                     ?Subroutine32:
   \   000000   AA82         MOV     R2,DPL
   \   000002   AB83         MOV     R3,DPH
   \   000004   85..82       MOV     DPL,?V0 + 4
   \   000007   85..83       MOV     DPH,?V0 + 5
   \   00000A                REQUIRE ??Subroutine123_0
   \   00000A                ; // Fall through to label ??Subroutine123_0

   \                                 In  segment BANKED_CODE, align 1, keep-with-next
   \                     ?Subroutine80:
   \   000000   85..82       MOV     DPL,?V0 + 0
   \   000003   85..83       MOV     DPH,?V0 + 1
   \   000006                REQUIRE ??Subroutine124_0
   \   000006                ; // Fall through to label ??Subroutine124_0
   1125          
   1126          /*********************************************************************
   1127           * @fn      zclSE_ProcessInCmd_Pricing_GetCurrentPrice
   1128           *
   1129           * @brief   Process in the received Get Current Price.
   1130           *
   1131           * @param   pInMsg - pointer to the incoming message
   1132           *
   1133           * @return  ZStatus_t - ZFailure @ Unsupported
   1134           *                      ZCL_STATUS_CMD_HAS_RSP @ Supported and do 
   1135           *                                           not need default rsp
   1136           */
   1137          static ZStatus_t zclSE_ProcessInCmd_Pricing_GetCurrentPrice( zclIncoming_t *pInMsg,
   1138                                                                        zclSE_AppCallbacks_t *pCBs )
   1139          {
   1140            if ( pCBs->pfnPricing_GetCurrentPrice )
   1141            {
   1142              zclCCGetCurrentPrice_t cmd;
   1143              
   1144              cmd.option = pInMsg->pData[0];
   1145                      
   1146              pCBs->pfnPricing_GetCurrentPrice( &cmd,  &(pInMsg->msg->srcAddr), 
   1147                                               pInMsg->hdr.transSeqNum );
   1148              
   1149              return ZCL_STATUS_CMD_HAS_RSP;
   1150            }
   1151            else
   1152            {
   1153              return ZFailure; 
   1154            }
   1155          }
   1156          
   1157          /*********************************************************************
   1158           * @fn      zclSE_ProcessInCmd_Pricing_GetScheduledPrice
   1159           *
   1160           * @brief   Process in the received Get Scheduled Price.
   1161           *
   1162           * @param   pInMsg - pointer to the incoming message
   1163           *
   1164           * @return  ZStatus_t - ZFailure @ Unsupported
   1165           *                      ZCL_STATUS_CMD_HAS_RSP @ Supported and do 
   1166           *                                           not need default rsp
   1167           */
   1168          static ZStatus_t zclSE_ProcessInCmd_Pricing_GetScheduledPrice( zclIncoming_t *pInMsg,
   1169                                                                          zclSE_AppCallbacks_t *pCBs )
   1170          {
   1171            if ( pCBs->pfnPricing_GetScheduledPrice )
   1172            {
   1173              zclCCGetScheduledPrice_t cmd;
   1174              
   1175              cmd.startTime = osal_build_uint32( pInMsg->pData, 4 );
   1176              cmd.numEvents = pInMsg->pData[4];
   1177                  
   1178              pCBs->pfnPricing_GetScheduledPrice( &cmd, &(pInMsg->msg->srcAddr), 
   1179                                                 pInMsg->hdr.transSeqNum );
   1180              return ZCL_STATUS_CMD_HAS_RSP;
   1181            }
   1182            else
   1183            {
   1184              return ZFailure; 
   1185            }
   1186          }
   1187          
   1188          /*********************************************************************
   1189           * @fn      zclSE_ProcessInCmd_Pricing_PublishPrice
   1190           *
   1191           * @brief   Process in the received Publish Price.
   1192           *
   1193           * @param   pInMsg - pointer to the incoming message
   1194           *
   1195           * @return  ZStatus_t - ZFailure @ Unsupported
   1196           *                      ZSuccess @ Supported and need default rsp
   1197           *                      ZCL_STATUS_INVALID_FIELD @ Range checking 
   1198           *                                           failure
   1199           *                      ZCL_STATUS_SOFTWARE_FAILURE @ ZStack memory allocation failure
   1200           */

   \                                 In  segment BANKED_CODE, align 1, keep-with-next
   1201          static ZStatus_t zclSE_ProcessInCmd_Pricing_PublishPrice( zclIncoming_t *pInMsg,
   \                     zclSE_ProcessInCmd_Pricing_PublishPrice:
   1202                                                                     zclSE_AppCallbacks_t *pCBs )
   1203          {
   \   000000   74F6         MOV     A,#-0xa
   \   000002   12....       LCALL   ?BANKED_ENTER_XDATA
   \   000005                ; Saved register size: 10
   \   000005                ; Auto size: 36
   \   000005   74DC         MOV     A,#-0x24
   \   000007   12....       LCALL   ?ALLOC_XSTACK8
   \   00000A   EA           MOV     A,R2
   \   00000B   FE           MOV     R6,A
   \   00000C   EB           MOV     A,R3
   \   00000D   FF           MOV     R7,A
   \   00000E   8C..         MOV     ?V0 + 0,R4
   \   000010   8D..         MOV     ?V0 + 1,R5
   1204            if ( pCBs->pfnPricing_GetScheduledPrice )
   \   000012   EC           MOV     A,R4
   \   000013   240E         ADD     A,#0xe
   \   000015   F582         MOV     DPL,A
   \   000017   ED           MOV     A,R5
   \   000018   3400         ADDC    A,#0x0
   \   00001A   12....       LCALL   ??Subroutine121_0 & 0xFFFF
   \                     ??CrossCallReturnLabel_251:
   \   00001D   6050         JZ      ??zclSE_ProcessInCmd_Pricing_PublishPrice_0
   1205            {
   1206              zclCCPublishPrice_t cmd;
   1207              
   1208              // Parse the command and do range check
   1209              if ( zclSE_ParseInCmd_PublishPrice( &cmd, &(pInMsg->pData[0]), 
   1210                                                  pInMsg->pDataLen ) == ZSuccess )
   \   00001F                ; Setup parameters for call to function zclSE_ParseInCmd_PublishPrice
   \   00001F   12....       LCALL   ?Subroutine28 & 0xFFFF
   \                     ??CrossCallReturnLabel_43:
   \   000022   12....       LCALL   ??zclSE_ParseInCmd_PublishPrice?relay
   \   000025   E9           MOV     A,R1
   \   000026   7043         JNZ     ??zclSE_ProcessInCmd_Pricing_PublishPrice_1
   1211              {
   1212                if ( cmd.unitOfMeasure > MAX_UNIT_OF_MEASURE_SE )
   \   000028   740F         MOV     A,#0xf
   \   00002A   12....       LCALL   ?XSTACK_DISP0_8
   \   00002D   E0           MOVX    A,@DPTR
   \   00002E   C3           CLR     C
   \   00002F   9408         SUBB    A,#0x8
   \   000031   4011         JC      ??zclSE_ProcessInCmd_Pricing_PublishPrice_2
   1213                {
   1214                  // Free the memory allocated in zclSE_ParseInCmd_PublishPrice()
   1215                  if ( cmd.rateLabel.pStr != NULL )
   \   000033   7405         MOV     A,#0x5
   \   000035   12....       LCALL   ?XSTACK_DISP0_8
   \   000038   12....       LCALL   ?Subroutine36 & 0xFFFF
   \                     ??CrossCallReturnLabel_50:
   \   00003B   6003         JZ      ??zclSE_ProcessInCmd_Pricing_PublishPrice_3
   1216                  {
   1217                    osal_mem_free( cmd.rateLabel.pStr );
   \   00003D                ; Setup parameters for call to function osal_mem_free
   \   00003D   12....       LCALL   ??osal_mem_free?relay
   1218                  }
   1219                  return ZCL_STATUS_INVALID_FIELD;
   \                     ??zclSE_ProcessInCmd_Pricing_PublishPrice_3:
   \   000040   7985         MOV     R1,#-0x7b
   \   000042   802D         SJMP    ??zclSE_ProcessInCmd_Pricing_PublishPrice_4
   1220                }
   1221              
   1222                pCBs->pfnPricing_PublishPrice( &cmd, &(pInMsg->msg->srcAddr), 
   1223                                              pInMsg->hdr.transSeqNum );
   \                     ??zclSE_ProcessInCmd_Pricing_PublishPrice_2:
   \   000044                ; Setup parameters for indirect call
   \   000044   8E82         MOV     DPL,R6
   \   000046   8F83         MOV     DPH,R7
   \   000048   A3           INC     DPTR
   \   000049   A3           INC     DPTR
   \   00004A   A3           INC     DPTR
   \   00004B   A3           INC     DPTR
   \   00004C   A3           INC     DPTR
   \   00004D   A3           INC     DPTR
   \   00004E   12....       LCALL   ?Subroutine30 & 0xFFFF
   \                     ??CrossCallReturnLabel_217:
   \   000051   12....       LCALL   ?Subroutine62 & 0xFFFF
   \                     ??CrossCallReturnLabel_310:
   \   000054   12....       LCALL   ??Subroutine123_0 & 0xFFFF
   \                     ??CrossCallReturnLabel_268:
   \   000057   12....       LCALL   ?CALL_IND
   1224                
   1225                // Free the memory allocated in zclSE_ParseInCmd_PublishPrice()
   1226                if ( cmd.rateLabel.pStr != NULL )
   \   00005A   7405         MOV     A,#0x5
   \   00005C   12....       LCALL   ?XSTACK_DISP0_8
   \   00005F   12....       LCALL   ?Subroutine36 & 0xFFFF
   \                     ??CrossCallReturnLabel_51:
   \   000062   6003         JZ      ??zclSE_ProcessInCmd_Pricing_PublishPrice_5
   1227                {
   1228                  osal_mem_free( cmd.rateLabel.pStr );
   \   000064                ; Setup parameters for call to function osal_mem_free
   \   000064   12....       LCALL   ??osal_mem_free?relay
   1229                }
   1230                
   1231                return ZSuccess;
   \                     ??zclSE_ProcessInCmd_Pricing_PublishPrice_5:
   \   000067   7900         MOV     R1,#0x0
   \   000069   8006         SJMP    ??zclSE_ProcessInCmd_Pricing_PublishPrice_4
   1232              }
   1233              else
   1234              {
   1235                return ZCL_STATUS_SOFTWARE_FAILURE;
   \                     ??zclSE_ProcessInCmd_Pricing_PublishPrice_1:
   \   00006B   79C1         MOV     R1,#-0x3f
   \   00006D   8002         SJMP    ??zclSE_ProcessInCmd_Pricing_PublishPrice_4
   1236              }
   1237            }
   1238            else
   1239            {
   1240              return ZFailure; 
   \                     ??zclSE_ProcessInCmd_Pricing_PublishPrice_0:
   \   00006F   7901         MOV     R1,#0x1
   \                     ??zclSE_ProcessInCmd_Pricing_PublishPrice_4:
   \   000071   7424         MOV     A,#0x24
   1241            }
   \   000073   02....       LJMP    ??Subroutine125_0 & 0xFFFF
   1242          }

   \                                 In  segment BANKED_CODE, align 1, keep-with-next
   \                     ?Subroutine28:
   \   000000   8E82         MOV     DPL,R6
   \   000002   8F83         MOV     DPH,R7
   \   000004   A3           INC     DPTR
   \   000005   A3           INC     DPTR
   \   000006   A3           INC     DPTR
   \   000007   A3           INC     DPTR
   \   000008   12....       LCALL   ?Subroutine85 & 0xFFFF
   \                     ??CrossCallReturnLabel_242:
   \   00000B   12....       LCALL   ?Subroutine78 & 0xFFFF
   \                     ??CrossCallReturnLabel_129:
   \   00000E   22           RET

   \                                 In  segment BANKED_CODE, align 1, keep-with-next
   \                     ?Subroutine85:
   \   000000   A3           INC     DPTR
   \   000001   A3           INC     DPTR
   \   000002   A3           INC     DPTR
   \   000003   A3           INC     DPTR
   \   000004   A3           INC     DPTR
   \   000005   A3           INC     DPTR
   \   000006                REQUIRE ??Subroutine120_0
   \   000006                ; // Fall through to label ??Subroutine120_0

   \                                 In  segment BANKED_CODE, align 1, keep-with-next
   \                     ?Subroutine78:
   \   000000   A3           INC     DPTR
   \   000001   A3           INC     DPTR
   \   000002   A3           INC     DPTR
   \   000003   A3           INC     DPTR
   \   000004   A3           INC     DPTR
   \   000005   A3           INC     DPTR
   \   000006   A3           INC     DPTR
   \   000007   A3           INC     DPTR
   \   000008   E0           MOVX    A,@DPTR
   \   000009   FC           MOV     R4,A
   \   00000A   A3           INC     DPTR
   \   00000B   E0           MOVX    A,@DPTR
   \   00000C   FD           MOV     R5,A
   \   00000D   85..82       MOV     DPL,?XSP + 0
   \   000010   85..83       MOV     DPH,?XSP + 1
   \   000013   AA82         MOV     R2,DPL
   \   000015   AB83         MOV     R3,DPH
   \   000017   22           RET

   \                                 In  segment BANKED_CODE, align 1, keep-with-next
   \                     ?Subroutine62:
   \   000000   E5..         MOV     A,?V0 + 0
   \   000002   2410         ADD     A,#0x10
   \   000004                REQUIRE ??Subroutine128_0
   \   000004                ; // Fall through to label ??Subroutine128_0

   \                                 In  segment BANKED_CODE, align 1, keep-with-next
   \                     ??Subroutine128_0:
   \   000000   F582         MOV     DPL,A
   \   000002   E5..         MOV     A,?V0 + 1
   \   000004                REQUIRE ??Subroutine129_0
   \   000004                ; // Fall through to label ??Subroutine129_0
   1243          #endif
   1244          
   1245          
   1246          #ifdef ZCL_MESSAGE
   1247          /*********************************************************************
   1248           * @fn      zclSE_ProcessInMessageCmds
   1249           *
   1250           * @brief   Callback from ZCL to process incoming Commands specific
   1251           *          to this cluster library on a command ID basis
   1252          
   1253           * @param   pInMsg - pointer to the incoming message
   1254           *
   1255           * @return  ZStatus_t
   1256           */

   \                                 In  segment BANKED_CODE, align 1, keep-with-next
   1257          static ZStatus_t zclSE_ProcessInMessageCmds( zclIncoming_t *pInMsg,
   \                     zclSE_ProcessInMessageCmds:
   1258                                                        zclSE_AppCallbacks_t *pCBs )
   1259          {
   \   000000   74F2         MOV     A,#-0xe
   \   000002   12....       LCALL   ?BANKED_ENTER_XDATA
   \   000005                ; Saved register size: 14
   \   000005                ; Auto size: 15
   \   000005   74F1         MOV     A,#-0xf
   \   000007   12....       LCALL   ?ALLOC_XSTACK8
   \   00000A   EA           MOV     A,R2
   \   00000B   FE           MOV     R6,A
   \   00000C   EB           MOV     A,R3
   \   00000D   FF           MOV     R7,A
   1260            ZStatus_t stat = ZSuccess;
   1261            
   1262            if ( zcl_ServerCmd( pInMsg->hdr.fc.direction ) )  
   \   00000E   8E82         MOV     DPL,R6
   \   000010   8F83         MOV     DPH,R7
   \   000012   A3           INC     DPTR
   \   000013   A3           INC     DPTR
   \   000014   A3           INC     DPTR
   \   000015   A3           INC     DPTR
   \   000016   A3           INC     DPTR
   \   000017   A3           INC     DPTR
   \   000018   A3           INC     DPTR
   \   000019   E0           MOVX    A,@DPTR
   \   00001A   FA           MOV     R2,A
   \   00001B   12....       LCALL   ?Subroutine91 & 0xFFFF
   \                     ??CrossCallReturnLabel_137:
   \   00001E   EE           MOV     A,R6
   \   00001F   2406         ADD     A,#0x6
   \   000021   12....       LCALL   ?Subroutine64 & 0xFFFF
   \                     ??CrossCallReturnLabel_213:
   \   000024   8E82         MOV     DPL,R6
   \   000026   8F83         MOV     DPH,R7
   \   000028   A3           INC     DPTR
   \   000029   A3           INC     DPTR
   \   00002A   E0           MOVX    A,@DPTR
   \   00002B   5408         ANL     A,#0x8
   \   00002D   7069         JNZ     ??zclSE_ProcessInMessageCmds_0
   1263            { 
   1264              // Process Client commands, received by server
   1265              if ( pInMsg->hdr.commandID == COMMAND_SE_GET_LAST_MESSAGE )
   \   00002F   EA           MOV     A,R2
   \   000030   701F         JNZ     ??zclSE_ProcessInMessageCmds_1
   1266              {
   1267                stat = zclSE_ProcessInCmd_Message_GetLastMessage( pInMsg, pCBs );
   \   000032   EC           MOV     A,R4
   \   000033   2416         ADD     A,#0x16
   \   000035   F582         MOV     DPL,A
   \   000037   ED           MOV     A,R5
   \   000038   12....       LCALL   ??Subroutine129_0 & 0xFFFF
   1268              }
   \                     ??CrossCallReturnLabel_290:
   \   00003B   12....       LCALL   ?Subroutine44 & 0xFFFF
   \                     ??CrossCallReturnLabel_70:
   \   00003E   6054         JZ      ??zclSE_ProcessInMessageCmds_2
   \   000040                ; Setup parameters for indirect call
   \   000040   85..82       MOV     DPL,?V0 + 2
   \   000043   85..83       MOV     DPH,?V0 + 3
   \   000046   12....       LCALL   ?Subroutine37 & 0xFFFF
   \                     ??CrossCallReturnLabel_54:
   \   000049   12....       LCALL   ?CALL_IND
   \   00004C   79FF         MOV     R1,#-0x1
   \   00004E   02....       LJMP    ??zclSE_ProcessInMessageCmds_3 & 0xFFFF
   1269              else if ( pInMsg->hdr.commandID == COMMAND_SE_MESSAGE_CONFIRMATION )
   \                     ??zclSE_ProcessInMessageCmds_1:
   \   000051   7401         MOV     A,#0x1
   \   000053   6A           XRL     A,R2
   \   000054   703E         JNZ     ??zclSE_ProcessInMessageCmds_2
   1270              {
   1271                stat = zclSE_ProcessInCmd_Message_MessageConfirmation( pInMsg, pCBs );
   \   000056   EC           MOV     A,R4
   \   000057   2418         ADD     A,#0x18
   \   000059   12....       LCALL   ?Subroutine27 & 0xFFFF
   1272              }
   \                     ??CrossCallReturnLabel_257:
   \   00005C   6036         JZ      ??zclSE_ProcessInMessageCmds_2
   \   00005E                ; Setup parameters for call to function osal_build_uint32
   \   00005E   7904         MOV     R1,#0x4
   \   000060   85..82       MOV     DPL,?V0 + 0
   \   000063   85..83       MOV     DPH,?V0 + 1
   \   000066   12....       LCALL   ?Subroutine48 & 0xFFFF
   \                     ??CrossCallReturnLabel_87:
   \   000069   12....       LCALL   ??osal_build_uint32?relay
   \   00006C   7407         MOV     A,#0x7
   \   00006E   12....       LCALL   ?XSTACK_DISP0_8
   \   000071   12....       LCALL   ?XSTORE_R2345
   \   000074                ; Setup parameters for call to function osal_build_uint32
   \   000074   7904         MOV     R1,#0x4
   \   000076   85..82       MOV     DPL,?V0 + 0
   \   000079   85..83       MOV     DPH,?V0 + 1
   \   00007C   E0           MOVX    A,@DPTR
   \   00007D   2404         ADD     A,#0x4
   \   00007F   12....       LCALL   ?Subroutine51 & 0xFFFF
   \                     ??CrossCallReturnLabel_93:
   \   000082   740B         MOV     A,#0xb
   \   000084   12....       LCALL   ?XSTACK_DISP0_8
   \   000087   12....       LCALL   ?XSTORE_R2345
   \   00008A                ; Setup parameters for indirect call
   \   00008A   12....       LCALL   ?Subroutine34 & 0xFFFF
   \                     ??CrossCallReturnLabel_229:
   \   00008D   7407         MOV     A,#0x7
   \   00008F   12....       LCALL   ?XSTACK_DISP0_8
   \   000092   805C         SJMP    ??CrossCallReturnLabel_220
   1273              else
   1274                stat = ZFailure;
   \                     ??zclSE_ProcessInMessageCmds_2:
   \   000094   7901         MOV     R1,#0x1
   \   000096   8060         SJMP    ??zclSE_ProcessInMessageCmds_3
   1275            }
   1276            else
   1277            {
   1278              // Process Server commands, received by client
   1279              if( pInMsg->hdr.commandID == COMMAND_SE_DISPLAY_MESSAGE )
   \                     ??zclSE_ProcessInMessageCmds_0:
   \   000098   EA           MOV     A,R2
   \   000099   7007         JNZ     ??zclSE_ProcessInMessageCmds_4
   1280              {
   1281                stat = zclSE_ProcessInCmd_Message_DisplayMessage( pInMsg, pCBs );
   \   00009B                ; Setup parameters for call to function zclSE_ProcessInCmd_Message_DisplayMessage
   \   00009B   EE           MOV     A,R6
   \   00009C   FA           MOV     R2,A
   \   00009D   12....       LCALL   ??zclSE_ProcessInCmd_Message_DisplayMessage?rel
   \   0000A0   8056         SJMP    ??zclSE_ProcessInMessageCmds_3
   1282              }
   1283              else if ( pInMsg->hdr.commandID == COMMAND_SE_CANCEL_MESSAGE )
   \                     ??zclSE_ProcessInMessageCmds_4:
   \   0000A2   7401         MOV     A,#0x1
   \   0000A4   6A           XRL     A,R2
   \   0000A5   70ED         JNZ     ??zclSE_ProcessInMessageCmds_2
   1284              {
   1285                stat = zclSE_ProcessInCmd_Message_CancelMessage( pInMsg, pCBs );
   \   0000A7   EC           MOV     A,R4
   \   0000A8   2414         ADD     A,#0x14
   \   0000AA   12....       LCALL   ?Subroutine27 & 0xFFFF
   1286              }
   1287              else
   1288                stat = ZFailure;
   1289            }
   \                     ??CrossCallReturnLabel_258:
   \   0000AD   60E5         JZ      ??zclSE_ProcessInMessageCmds_2
   \   0000AF                ; Setup parameters for call to function osal_build_uint32
   \   0000AF   7904         MOV     R1,#0x4
   \   0000B1   85..82       MOV     DPL,?V0 + 0
   \   0000B4   85..83       MOV     DPH,?V0 + 1
   \   0000B7   12....       LCALL   ?Subroutine39 & 0xFFFF
   \                     ??CrossCallReturnLabel_60:
   \   0000BA   12....       LCALL   ?XSTORE_R2345
   \   0000BD   12....       LCALL   ?Subroutine31 & 0xFFFF
   \                     ??CrossCallReturnLabel_235:
   \   0000C0   5403         ANL     A,#0x3
   \   0000C2   C0E0         PUSH    A
   \   0000C4   7404         MOV     A,#0x4
   \   0000C6   12....       LCALL   ?XSTACK_DISP0_8
   \   0000C9   D0E0         POP     A
   \   0000CB   12....       LCALL   ?Subroutine13 & 0xFFFF
   \                     ??CrossCallReturnLabel_11:
   \   0000CE   13           RRC     A
   \   0000CF   13           RRC     A
   \   0000D0   543F         ANL     A,#0x3f
   \   0000D2   5403         ANL     A,#0x3
   \   0000D4   C0E0         PUSH    A
   \   0000D6   7405         MOV     A,#0x5
   \   0000D8   12....       LCALL   ?XSTACK_DISP0_8
   \   0000DB   D0E0         POP     A
   \   0000DD   12....       LCALL   ?Subroutine13 & 0xFFFF
   \                     ??CrossCallReturnLabel_12:
   \   0000E0   A2E7         MOV     C,0xE0 /* A   */.7
   \   0000E2   E4           CLR     A
   \   0000E3   33           RLC     A
   \   0000E4   C0E0         PUSH    A
   \   0000E6   7406         MOV     A,#0x6
   \   0000E8   12....       LCALL   ?XSTACK_DISP0_8
   \   0000EB   D0E0         POP     A
   \   0000ED   12....       LCALL   ??Subroutine117_0 & 0xFFFF
   \                     ??CrossCallReturnLabel_220:
   \   0000F0   12....       LCALL   ?Subroutine32 & 0xFFFF
   \                     ??CrossCallReturnLabel_271:
   \   0000F3   12....       LCALL   ?CALL_IND
   \   0000F6   7900         MOV     R1,#0x0
   1290          
   1291            return ( stat );
   \                     ??zclSE_ProcessInMessageCmds_3:
   \   0000F8   740F         MOV     A,#0xf
   \   0000FA   02....       LJMP    ?Subroutine3 & 0xFFFF
   1292          }

   \                                 In  segment BANKED_CODE, align 1, keep-with-next
   \                     ?Subroutine34:
   \   000000   85..82       MOV     DPL,?V0 + 2
   \   000003   85..83       MOV     DPH,?V0 + 3
   \   000006                REQUIRE ??Subroutine118_0
   \   000006                ; // Fall through to label ??Subroutine118_0

   \                                 In  segment BANKED_CODE, align 1, keep-with-next
   \                     ?Subroutine13:
   \   000000   F0           MOVX    @DPTR,A
   \   000001   85..82       MOV     DPL,?V0 + 0
   \   000004   85..83       MOV     DPH,?V0 + 1
   \   000007   12....       LCALL   ?Subroutine79 & 0xFFFF
   \                     ??CrossCallReturnLabel_237:
   \   00000A   22           RET
   1293          
   1294          /*********************************************************************
   1295           * @fn      zclSE_ProcessInCmd_Message_DisplayMessage
   1296           *
   1297           * @brief   Process in the received Display Message Command.
   1298           *
   1299           * @param   pInMsg - pointer to the incoming message
   1300           *
   1301           * @return  ZStatus_t - ZFailure @ Unsupported
   1302           *                      ZSuccess @ Supported and send default rsp
   1303           *                      ZCL_STATUS_SOFTWARE_FAILURE @ ZStack memory allocation failure
   1304           */

   \                                 In  segment BANKED_CODE, align 1, keep-with-next
   1305          static ZStatus_t zclSE_ProcessInCmd_Message_DisplayMessage( zclIncoming_t *pInMsg,
   \                     zclSE_ProcessInCmd_Message_DisplayMessage:
   1306                                                                       zclSE_AppCallbacks_t *pCBs )
   1307          {
   \   000000   74F6         MOV     A,#-0xa
   \   000002   12....       LCALL   ?BANKED_ENTER_XDATA
   \   000005                ; Saved register size: 10
   \   000005                ; Auto size: 16
   \   000005   74F0         MOV     A,#-0x10
   \   000007   12....       LCALL   ?ALLOC_XSTACK8
   \   00000A   EA           MOV     A,R2
   \   00000B   FE           MOV     R6,A
   \   00000C   EB           MOV     A,R3
   \   00000D   FF           MOV     R7,A
   1308            if ( pCBs->pfnMessage_DisplayMessage )
   \   00000E   EC           MOV     A,R4
   \   00000F   2412         ADD     A,#0x12
   \   000011   F5..         MOV     ?V0 + 0,A
   \   000013   ED           MOV     A,R5
   \   000014   3400         ADDC    A,#0x0
   \   000016   F5..         MOV     ?V0 + 1,A
   \   000018   85..82       MOV     DPL,?V0 + 0
   \   00001B   12....       LCALL   ??Subroutine121_0 & 0xFFFF
   \                     ??CrossCallReturnLabel_252:
   \   00001E   6020         JZ      ??zclSE_ProcessInCmd_Message_DisplayMessage_0
   1309            {
   1310              zclCCDisplayMessage_t cmd;
   1311              
   1312              if ( zclSE_ParseInCmd_DisplayMessage( &cmd,  &(pInMsg->pData[0]), pInMsg->pDataLen ) == ZSuccess )
   \   000020                ; Setup parameters for call to function zclSE_ParseInCmd_DisplayMessage
   \   000020   12....       LCALL   ?Subroutine28 & 0xFFFF
   \                     ??CrossCallReturnLabel_44:
   \   000023   12....       LCALL   ??zclSE_ParseInCmd_DisplayMessage?relay
   \   000026   E9           MOV     A,R1
   \   000027   7017         JNZ     ??zclSE_ProcessInCmd_Message_DisplayMessage_0
   1313              { 
   1314                pCBs->pfnMessage_DisplayMessage( &cmd, &(pInMsg->msg->srcAddr), 
   1315                                              pInMsg->hdr.transSeqNum );
   \   000029                ; Setup parameters for indirect call
   \   000029   12....       LCALL   ?Subroutine29 & 0xFFFF
   \                     ??CrossCallReturnLabel_46:
   \   00002C   12....       LCALL   ?CALL_IND
   1316              
   1317                // Free memory allocated in zclSE_ParseInCmd_DiplayMessage()
   1318                if ( cmd.msgString.pStr != NULL )
   \   00002F   740E         MOV     A,#0xe
   \   000031   12....       LCALL   ?XSTACK_DISP0_8
   \   000034   12....       LCALL   ?Subroutine36 & 0xFFFF
   \                     ??CrossCallReturnLabel_52:
   \   000037   6003         JZ      ??zclSE_ProcessInCmd_Message_DisplayMessage_1
   1319                  osal_mem_free( cmd.msgString.pStr );
   \   000039                ; Setup parameters for call to function osal_mem_free
   \   000039   12....       LCALL   ??osal_mem_free?relay
   1320              
   1321                return ZSuccess;
   \                     ??zclSE_ProcessInCmd_Message_DisplayMessage_1:
   \   00003C   7900         MOV     R1,#0x0
   \   00003E   8002         SJMP    ??zclSE_ProcessInCmd_Message_DisplayMessage_2
   1322              }
   1323            }
   1324          
   1325            return ZFailure;
   \                     ??zclSE_ProcessInCmd_Message_DisplayMessage_0:
   \   000040   7901         MOV     R1,#0x1
   \                     ??zclSE_ProcessInCmd_Message_DisplayMessage_2:
   \   000042   7410         MOV     A,#0x10
   \   000044   02....       LJMP    ??Subroutine125_0 & 0xFFFF
   1326          
   1327          }

   \                                 In  segment BANKED_CODE, align 1, keep-with-next
   \                     ?Subroutine29:
   \   000000   8E82         MOV     DPL,R6
   \   000002   8F83         MOV     DPH,R7
   \   000004   12....       LCALL   ?Subroutine85 & 0xFFFF
   \                     ??CrossCallReturnLabel_243:
   \   000007   12....       LCALL   ?Subroutine77 & 0xFFFF
   \                     ??CrossCallReturnLabel_218:
   \   00000A   12....       LCALL   ?Subroutine80 & 0xFFFF
   \                     ??CrossCallReturnLabel_274:
   \   00000D   22           RET
   1328          
   1329          /*********************************************************************
   1330           * @fn      zclSE_ProcessInCmd_Message_CancelMessage
   1331           *
   1332           * @brief   Process in the received Cancel Message Command.
   1333           *
   1334           * @param   pInMsg - pointer to the incoming message
   1335           *
   1336           * @return  ZStatus_t - ZFailure @ Unsupported
   1337           *                      ZSuccess @ Supported and send default rsp
   1338           */
   1339          static ZStatus_t zclSE_ProcessInCmd_Message_CancelMessage( zclIncoming_t *pInMsg,
   1340                                                                      zclSE_AppCallbacks_t *pCBs )
   1341          {
   1342            if ( pCBs->pfnMessage_CancelMessage )
   1343            {
   1344              zclCCCancelMessage_t cmd;
   1345              
   1346              cmd.messageId = osal_build_uint32( &(pInMsg->pData[0]), 4 );
   1347              
   1348              // Message Control
   1349              cmd.messageCtrl.transmissionMode = pInMsg->pData[4] & 0x03;    // bit 0&1
   1350              cmd.messageCtrl.importance = ( pInMsg->pData[4] >> SE_PROFILE_MSGCTRL_IMPORTANCE ) & 0x03; // bit 2&3
   1351              cmd.messageCtrl.confirmationRequired = ( pInMsg->pData[4] >> SE_PROFILE_MSGCTRL_CONFREQUIRED ) & 0x01;  // bit 7
   1352              
   1353              pCBs->pfnMessage_CancelMessage( &cmd, &(pInMsg->msg->srcAddr), 
   1354                                             pInMsg->hdr.transSeqNum );
   1355               
   1356              return ZSuccess;
   1357            }
   1358            else
   1359            {
   1360              return ZFailure;
   1361            }
   1362          }
   1363          
   1364          /*********************************************************************
   1365           * @fn      zclSE_ProcessInCmd_Message_GetLastMessage
   1366           *
   1367           * @brief   Process in the received Get Last Message Command.
   1368           *
   1369           * @param   pInMsg - pointer to the incoming message
   1370           *
   1371           * @return  ZStatus_t - ZFailure @ Unsupported
   1372           *                      ZCL_STATUS_CMD_HAS_RSP @ Supported and do 
   1373           *                                           not need default rsp
   1374           */
   1375          static ZStatus_t zclSE_ProcessInCmd_Message_GetLastMessage( zclIncoming_t *pInMsg,
   1376                                                                       zclSE_AppCallbacks_t *pCBs )
   1377          {
   1378            if ( pCBs->pfnMessage_GetLastMessage )
   1379            {    
   1380              pCBs->pfnMessage_GetLastMessage( &(pInMsg->msg->srcAddr), pInMsg->hdr.transSeqNum );
   1381              return ZCL_STATUS_CMD_HAS_RSP;
   1382            }
   1383            else
   1384            {
   1385              return ZFailure;
   1386            }
   1387          }
   1388          
   1389          /*********************************************************************
   1390           * @fn      zclSE_ProcessInCmd_Message_MessageConfirmation
   1391           *
   1392           * @brief   Process in the received Message Confirmation.
   1393           *
   1394           * @param   pInMsg - pointer to the incoming message
   1395           *
   1396           * @return  ZStatus_t - ZFailure @ Unsupported
   1397           *                      ZSuccess @ Supported and send default rsp
   1398           */
   1399          static ZStatus_t zclSE_ProcessInCmd_Message_MessageConfirmation( zclIncoming_t *pInMsg,
   1400                                                                            zclSE_AppCallbacks_t *pCBs )
   1401          {
   1402            if ( pCBs->pfnMessage_MessageConfirmation )
   1403            {
   1404              zclCCMessageConfirmation_t cmd;
   1405              
   1406              cmd.messageId = osal_build_uint32( &(pInMsg->pData[0]), 4 );
   1407              cmd.confirmTime = osal_build_uint32( &(pInMsg->pData[4]), 4 );
   1408              
   1409              pCBs->pfnMessage_MessageConfirmation( &cmd, &(pInMsg->msg->srcAddr), 
   1410                                                   pInMsg->hdr.transSeqNum );
   1411              return ZSuccess;
   1412            }
   1413            else
   1414            {
   1415              return ZFailure;
   1416            }
   1417          }
   1418          #endif
   1419          
   1420          
   1421          #ifdef ZCL_LOAD_CONTROL
   1422          /*********************************************************************
   1423           * @fn      zclSE_ProcessInLoadControlCmds
   1424           *
   1425           * @brief   Callback from ZCL to process incoming Commands specific
   1426           *          to this cluster library on a command ID basis
   1427          
   1428           * @param   pInMsg - pointer to the incoming message
   1429           *
   1430           * @return  ZStatus_t
   1431           */

   \                                 In  segment BANKED_CODE, align 1, keep-with-next
   1432          static ZStatus_t zclSE_ProcessInLoadControlCmds( zclIncoming_t *pInMsg,
   \                     zclSE_ProcessInLoadControlCmds:
   1433                                                            zclSE_AppCallbacks_t *pCBs )
   1434          {
   \   000000   74F2         MOV     A,#-0xe
   \   000002   12....       LCALL   ?BANKED_ENTER_XDATA
   \   000005                ; Saved register size: 14
   \   000005                ; Auto size: 19
   \   000005   74ED         MOV     A,#-0x13
   \   000007   12....       LCALL   ?ALLOC_XSTACK8
   \   00000A   EA           MOV     A,R2
   \   00000B   FE           MOV     R6,A
   \   00000C   EB           MOV     A,R3
   \   00000D   FF           MOV     R7,A
   1435            ZStatus_t stat = ZSuccess;
   1436            
   1437            if ( zcl_ServerCmd( pInMsg->hdr.fc.direction ) )  
   \   00000E   8E82         MOV     DPL,R6
   \   000010   8F83         MOV     DPH,R7
   \   000012   A3           INC     DPTR
   \   000013   A3           INC     DPTR
   \   000014   A3           INC     DPTR
   \   000015   A3           INC     DPTR
   \   000016   A3           INC     DPTR
   \   000017   A3           INC     DPTR
   \   000018   A3           INC     DPTR
   \   000019   E0           MOVX    A,@DPTR
   \   00001A   FA           MOV     R2,A
   \   00001B   12....       LCALL   ?Subroutine59 & 0xFFFF
   \                     ??CrossCallReturnLabel_108:
   \   00001E   8E82         MOV     DPL,R6
   \   000020   8F83         MOV     DPH,R7
   \   000022   A3           INC     DPTR
   \   000023   A3           INC     DPTR
   \   000024   E0           MOVX    A,@DPTR
   \   000025   5408         ANL     A,#0x8
   \   000027   7039         JNZ     ??zclSE_ProcessInLoadControlCmds_0
   1438            { 
   1439              // Process Client commands, received by server
   1440              if ( pInMsg->hdr.commandID == COMMAND_SE_REPORT_EVENT_STATUS )
   \   000029   EA           MOV     A,R2
   \   00002A   7008         JNZ     ??zclSE_ProcessInLoadControlCmds_1
   1441              {
   1442                stat = zclSE_ProcessInCmd_LoadControl_ReportEventStatus( pInMsg, pCBs );
   \   00002C                ; Setup parameters for call to function zclSE_ProcessInCmd_LoadControl_ReportEventStatus
   \   00002C   EE           MOV     A,R6
   \   00002D   FA           MOV     R2,A
   \   00002E   12....       LCALL   ??zclSE_ProcessInCmd_LoadControl_ReportEventSta
   \   000031   02....       LJMP    ??zclSE_ProcessInLoadControlCmds_2 & 0xFFFF
   1443              }
   1444              else if( pInMsg->hdr.commandID == COMMAND_SE_GET_SCHEDULED_EVENT )
   \                     ??zclSE_ProcessInLoadControlCmds_1:
   \   000034   7401         MOV     A,#0x1
   \   000036   6A           XRL     A,R2
   \   000037   7025         JNZ     ??zclSE_ProcessInLoadControlCmds_3
   1445              {
   1446                stat = zclSE_ProcessInCmd_LoadControl_GetScheduledEvents( pInMsg, pCBs );
   \   000039   EC           MOV     A,R4
   \   00003A   2422         ADD     A,#0x22
   \   00003C   12....       LCALL   ?Subroutine27 & 0xFFFF
   1447              }
   \                     ??CrossCallReturnLabel_259:
   \   00003F   601D         JZ      ??zclSE_ProcessInLoadControlCmds_3
   \   000041                ; Setup parameters for call to function osal_build_uint32
   \   000041   12....       LCALL   ?Subroutine47 & 0xFFFF
   \                     ??CrossCallReturnLabel_81:
   \   000044   12....       LCALL   ?XSTACK_DISP0_8
   \   000047   12....       LCALL   ?XSTORE_R2345
   \   00004A   12....       LCALL   ?Subroutine31 & 0xFFFF
   \                     ??CrossCallReturnLabel_236:
   \   00004D   C0E0         PUSH    A
   \   00004F   7405         MOV     A,#0x5
   \   000051   12....       LCALL   ?XSTACK_DISP0_8
   \   000054   D0E0         POP     A
   \   000056   12....       LCALL   ?Subroutine11 & 0xFFFF
   \                     ??CrossCallReturnLabel_8:
   \   000059   12....       LCALL   ?XSTACK_DISP0_8
   \   00005C   805C         SJMP    ??CrossCallReturnLabel_222
   1448              else
   1449                stat = ZFailure;
   \                     ??zclSE_ProcessInLoadControlCmds_3:
   \   00005E   7901         MOV     R1,#0x1
   \   000060   8060         SJMP    ??zclSE_ProcessInLoadControlCmds_2
   1450            }
   1451            else
   1452            {
   1453              // Process Server commands, received by client
   1454              if( pInMsg->hdr.commandID == COMMAND_SE_LOAD_CONTROL_EVENT )
   \                     ??zclSE_ProcessInLoadControlCmds_0:
   \   000062   EA           MOV     A,R2
   \   000063   7007         JNZ     ??zclSE_ProcessInLoadControlCmds_4
   1455              {
   1456                stat = zclSE_ProcessInCmd_LoadControl_LoadControlEvent( pInMsg, pCBs );
   \   000065                ; Setup parameters for call to function zclSE_ProcessInCmd_LoadControl_LoadControlEvent
   \   000065   EE           MOV     A,R6
   \   000066   FA           MOV     R2,A
   \   000067   12....       LCALL   ??zclSE_ProcessInCmd_LoadControl_LoadControlEve
   \   00006A   8056         SJMP    ??zclSE_ProcessInLoadControlCmds_2
   1457              }
   1458              else if ( pInMsg->hdr.commandID == COMMAND_SE_CANCEL_LOAD_CONTROL_EVENT )
   \                     ??zclSE_ProcessInLoadControlCmds_4:
   \   00006C   7401         MOV     A,#0x1
   \   00006E   6A           XRL     A,R2
   \   00006F   7036         JNZ     ??zclSE_ProcessInLoadControlCmds_5
   1459              {
   1460                stat = zclSE_ProcessInCmd_LoadControl_CancelLoadControlEvent( pInMsg, pCBs );
   \   000071   EC           MOV     A,R4
   \   000072   241C         ADD     A,#0x1c
   \   000074   12....       LCALL   ?Subroutine27 & 0xFFFF
   1461              }
   \                     ??CrossCallReturnLabel_260:
   \   000077   60E5         JZ      ??zclSE_ProcessInLoadControlCmds_3
   \   000079                ; Setup parameters for call to function zclSE_ParseInCmd_CancelLoadControlEvent
   \   000079   8E82         MOV     DPL,R6
   \   00007B   8F83         MOV     DPH,R7
   \   00007D   A3           INC     DPTR
   \   00007E   A3           INC     DPTR
   \   00007F   A3           INC     DPTR
   \   000080   A3           INC     DPTR
   \   000081   A3           INC     DPTR
   \   000082   A3           INC     DPTR
   \   000083   A3           INC     DPTR
   \   000084   A3           INC     DPTR
   \   000085   A3           INC     DPTR
   \   000086   A3           INC     DPTR
   \   000087   E0           MOVX    A,@DPTR
   \   000088   F9           MOV     R1,A
   \   000089   85..82       MOV     DPL,?V0 + 0
   \   00008C   85..83       MOV     DPH,?V0 + 1
   \   00008F   E0           MOVX    A,@DPTR
   \   000090   FC           MOV     R4,A
   \   000091   A3           INC     DPTR
   \   000092   E0           MOVX    A,@DPTR
   \   000093   FD           MOV     R5,A
   \   000094   7406         MOV     A,#0x6
   \   000096   12....       LCALL   ?XSTACK_DISP0_8
   \   000099   AA82         MOV     R2,DPL
   \   00009B   AB83         MOV     R3,DPH
   \   00009D   12....       LCALL   ??zclSE_ParseInCmd_CancelLoadControlEvent?relay
   \   0000A0                ; Setup parameters for indirect call
   \   0000A0   12....       LCALL   ?Subroutine34 & 0xFFFF
   \                     ??CrossCallReturnLabel_230:
   \   0000A3   7406         MOV     A,#0x6
   \   0000A5   80B2         SJMP    ??CrossCallReturnLabel_8
   1462              else if ( pInMsg->hdr.commandID == COMMAND_SE_CANCEL_ALL_LOAD_CONTROL_EVENT )
   \                     ??zclSE_ProcessInLoadControlCmds_5:
   \   0000A7   7402         MOV     A,#0x2
   \   0000A9   6A           XRL     A,R2
   \   0000AA   70B2         JNZ     ??zclSE_ProcessInLoadControlCmds_3
   1463              {
   1464                stat = zclSE_ProcessInCmd_LoadControl_CancelAllLoadControlEvents( pInMsg, pCBs );
   \   0000AC   EC           MOV     A,R4
   \   0000AD   241E         ADD     A,#0x1e
   \   0000AF   12....       LCALL   ?Subroutine63 & 0xFFFF
   1465              }
   1466              else
   1467                stat = ZFailure;
   1468            }
   \                     ??CrossCallReturnLabel_114:
   \   0000B2   12....       LCALL   ??Subroutine121_0 & 0xFFFF
   \                     ??CrossCallReturnLabel_253:
   \   0000B5   60A7         JZ      ??zclSE_ProcessInLoadControlCmds_3
   \   0000B7   12....       LCALL   ?Subroutine5 & 0xFFFF
   \                     ??CrossCallReturnLabel_222:
   \   0000BA   12....       LCALL   ?Subroutine32 & 0xFFFF
   \                     ??CrossCallReturnLabel_272:
   \   0000BD   12....       LCALL   ?CALL_IND
   \   0000C0   7900         MOV     R1,#0x0
   1469          
   1470            return ( stat );
   \                     ??zclSE_ProcessInLoadControlCmds_2:
   \   0000C2   7413         MOV     A,#0x13
   \   0000C4   02....       LJMP    ?Subroutine3 & 0xFFFF
   1471          }
   1472          
   1473          /*********************************************************************
   1474           * @fn      zclSE_ProcessInCmd_LoadControl_LoadControlEvent
   1475           *
   1476           * @brief   Process in the received Load Control Event.
   1477           *
   1478           * @param   pInMsg - pointer to the incoming message
   1479           *
   1480           * @return  ZStatus_t - ZFailure @ Unsupported
   1481           *                      ZCL_STATUS_CMD_HAS_RSP @ Supported and do 
   1482           *                                           not need default rsp
   1483           */

   \                                 In  segment BANKED_CODE, align 1, keep-with-next
   1484          static ZStatus_t zclSE_ProcessInCmd_LoadControl_LoadControlEvent( zclIncoming_t *pInMsg,
   \                     zclSE_ProcessInCmd_LoadControl_LoadControlEvent:
   1485                                                                            zclSE_AppCallbacks_t *pCBs )
   1486          {
   \   000000   74F3         MOV     A,#-0xd
   \   000002   12....       LCALL   ?BANKED_ENTER_XDATA
   \   000005                ; Saved register size: 13
   \   000005                ; Auto size: 24
   \   000005   74E8         MOV     A,#-0x18
   \   000007   12....       LCALL   ?ALLOC_XSTACK8
   \   00000A   8A..         MOV     ?V0 + 0,R2
   \   00000C   8B..         MOV     ?V0 + 1,R3
   1487            uint8 status = ZSuccess;
   \   00000E   7E00         MOV     R6,#0x0
   1488          
   1489            if ( pCBs->pfnLoadControl_LoadControlEvent )
   \   000010   EC           MOV     A,R4
   \   000011   241A         ADD     A,#0x1a
   \   000013   F5..         MOV     ?V0 + 2,A
   \   000015   ED           MOV     A,R5
   \   000016   12....       LCALL   ??Subroutine115_0 & 0xFFFF
   \                     ??CrossCallReturnLabel_211:
   \   000019   85..82       MOV     DPL,?V0 + 2
   \   00001C   12....       LCALL   ??Subroutine121_0 & 0xFFFF
   \                     ??CrossCallReturnLabel_254:
   \   00001F   7003         JNZ     $+5
   \   000021   02....       LJMP    ??zclSE_ProcessInCmd_LoadControl_LoadControlEve_1 & 0xFFFF
   1490            {
   1491              zclCCLoadControlEvent_t cmd;
   1492              
   1493              zclSE_ParseInCmd_LoadControlEvent( &cmd, &(pInMsg->pData[0]), pInMsg->pDataLen );
   \   000024                ; Setup parameters for call to function zclSE_ParseInCmd_LoadControlEvent
   \   000024   8A82         MOV     DPL,R2
   \   000026   8B83         MOV     DPH,R3
   \   000028   A3           INC     DPTR
   \   000029   A3           INC     DPTR
   \   00002A   A3           INC     DPTR
   \   00002B   A3           INC     DPTR
   \   00002C   A3           INC     DPTR
   \   00002D   A3           INC     DPTR
   \   00002E   A3           INC     DPTR
   \   00002F   A3           INC     DPTR
   \   000030   A3           INC     DPTR
   \   000031   A3           INC     DPTR
   \   000032   E0           MOVX    A,@DPTR
   \   000033   F9           MOV     R1,A
   \   000034   8A82         MOV     DPL,R2
   \   000036   8B83         MOV     DPH,R3
   \   000038   12....       LCALL   ?Subroutine78 & 0xFFFF
   \                     ??CrossCallReturnLabel_128:
   \   00003B   12....       LCALL   ??zclSE_ParseInCmd_LoadControlEvent?relay
   1494          
   1495              // Range checking
   1496              if ( cmd.durationInMinutes > MAX_DURATION_IN_MINUTES_SE_LOAD_CONTROL )
   \   00003E   740C         MOV     A,#0xc
   \   000040   12....       LCALL   ?XSTACK_DISP0_8
   \   000043   C3           CLR     C
   \   000044   E0           MOVX    A,@DPTR
   \   000045   94A1         SUBB    A,#-0x5f
   \   000047   A3           INC     DPTR
   \   000048   E0           MOVX    A,@DPTR
   \   000049   9405         SUBB    A,#0x5
   \   00004B   4002         JC      ??zclSE_ProcessInCmd_LoadControl_LoadControlEve_2
   1497              {
   1498                status = ZCL_STATUS_INVALID_FIELD;
   \   00004D   7E85         MOV     R6,#-0x7b
   1499              }
   1500              
   1501              if ( cmd.criticalityLevel > MAX_CRITICAL_LEVEL_SE_LOAD_CONTROL )
   \                     ??zclSE_ProcessInCmd_LoadControl_LoadControlEve_2:
   \   00004F   740E         MOV     A,#0xe
   \   000051   12....       LCALL   ?XSTACK_DISP0_8
   \   000054   E0           MOVX    A,@DPTR
   \   000055   C3           CLR     C
   \   000056   9410         SUBB    A,#0x10
   \   000058   4002         JC      ??zclSE_ProcessInCmd_LoadControl_LoadControlEve_3
   1502              {
   1503                status = ZCL_STATUS_INVALID_FIELD;
   \   00005A   7E85         MOV     R6,#-0x7b
   1504              }
   1505              
   1506              if ( cmd. coolingTemperatureSetPoint != SE_OPTIONAL_FIELD_TEMPERATURE_SET_POINT &&
   1507                   cmd. coolingTemperatureSetPoint > MAX_TEMPERATURE_SETPOINT_SE_LOAD_CONTROL )
   \                     ??zclSE_ProcessInCmd_LoadControl_LoadControlEve_3:
   \   00005C   7411         MOV     A,#0x11
   \   00005E   12....       LCALL   ?XSTACK_DISP0_8
   \   000061   12....       LCALL   ?Subroutine48 & 0xFFFF
   \                     ??CrossCallReturnLabel_88:
   \   000064   EA           MOV     A,R2
   \   000065   7003         JNZ     ??zclSE_ProcessInCmd_LoadControl_LoadControlEve_4
   \   000067   7480         MOV     A,#-0x80
   \   000069   6B           XRL     A,R3
   \                     ??zclSE_ProcessInCmd_LoadControl_LoadControlEve_4:
   \   00006A   6008         JZ      ??zclSE_ProcessInCmd_LoadControl_LoadControlEve_5
   \   00006C   C3           CLR     C
   \   00006D   EB           MOV     A,R3
   \   00006E   9480         SUBB    A,#-0x80
   \   000070   4002         JC      ??zclSE_ProcessInCmd_LoadControl_LoadControlEve_5
   1508              {
   1509                status = ZCL_STATUS_INVALID_FIELD;
   \   000072   7E85         MOV     R6,#-0x7b
   1510              }
   1511          
   1512              if ( cmd. heatingTemperatureSetPoint != SE_OPTIONAL_FIELD_TEMPERATURE_SET_POINT &&
   1513                   cmd. heatingTemperatureSetPoint > MAX_TEMPERATURE_SETPOINT_SE_LOAD_CONTROL )
   \                     ??zclSE_ProcessInCmd_LoadControl_LoadControlEve_5:
   \   000074   7413         MOV     A,#0x13
   \   000076   12....       LCALL   ?XSTACK_DISP0_8
   \   000079   12....       LCALL   ?Subroutine45 & 0xFFFF
   \                     ??CrossCallReturnLabel_72:
   \   00007C   7003         JNZ     ??zclSE_ProcessInCmd_LoadControl_LoadControlEve_6
   \   00007E   7480         MOV     A,#-0x80
   \   000080   69           XRL     A,R1
   \                     ??zclSE_ProcessInCmd_LoadControl_LoadControlEve_6:
   \   000081   6008         JZ      ??zclSE_ProcessInCmd_LoadControl_LoadControlEve_7
   \   000083   C3           CLR     C
   \   000084   E9           MOV     A,R1
   \   000085   9480         SUBB    A,#-0x80
   \   000087   4002         JC      ??zclSE_ProcessInCmd_LoadControl_LoadControlEve_7
   1514              {
   1515                status = ZCL_STATUS_INVALID_FIELD;
   \   000089   7E85         MOV     R6,#-0x7b
   1516              }
   1517              
   1518              if ( cmd.averageLoadAdjustmentPercentage != SE_OPTIONAL_FIELD_INT8 &&
   1519                  (cmd.averageLoadAdjustmentPercentage < MIN_AVERAGE_LOAD_ADJUSTMENT_PERCENTAGE_SE ||
   1520                   cmd.averageLoadAdjustmentPercentage > MAX_AVERAGE_LOAD_ADJUSTMENT_PERCENTAGE_SE ) )
   \                     ??zclSE_ProcessInCmd_LoadControl_LoadControlEve_7:
   \   00008B   7415         MOV     A,#0x15
   \   00008D   12....       LCALL   ?XSTACK_DISP0_8
   \   000090   E0           MOVX    A,@DPTR
   \   000091   FC           MOV     R4,A
   \   000092   7480         MOV     A,#-0x80
   \   000094   6C           XRL     A,R4
   \   000095   600A         JZ      ??zclSE_ProcessInCmd_LoadControl_LoadControlEve_8
   \   000097   7464         MOV     A,#0x64
   \   000099   2C           ADD     A,R4
   \   00009A   C3           CLR     C
   \   00009B   94C9         SUBB    A,#-0x37
   \   00009D   4002         JC      ??zclSE_ProcessInCmd_LoadControl_LoadControlEve_8
   1521              {
   1522                status = ZCL_STATUS_INVALID_FIELD;
   \   00009F   7E85         MOV     R6,#-0x7b
   1523              }
   1524              
   1525              if ( cmd. dutyCycle != SE_OPTIONAL_FIELD_UINT8 &&
   1526                   cmd. dutyCycle > MAX_DUTY_CYCLE_SE_LOAD_CONTROL )
   \                     ??zclSE_ProcessInCmd_LoadControl_LoadControlEve_8:
   \   0000A1   7416         MOV     A,#0x16
   \   0000A3   12....       LCALL   ?XSTACK_DISP0_8
   \   0000A6   E0           MOVX    A,@DPTR
   \   0000A7   FC           MOV     R4,A
   \   0000A8   74FF         MOV     A,#-0x1
   \   0000AA   6C           XRL     A,R4
   \   0000AB   6008         JZ      ??zclSE_ProcessInCmd_LoadControl_LoadControlEve_9
   \   0000AD   EC           MOV     A,R4
   \   0000AE   C3           CLR     C
   \   0000AF   9465         SUBB    A,#0x65
   \   0000B1   4002         JC      ??zclSE_ProcessInCmd_LoadControl_LoadControlEve_9
   1527              {
   1528                status = ZCL_STATUS_INVALID_FIELD; 
   \   0000B3   7E85         MOV     R6,#-0x7b
   1529              }
   1530                    
   1531              // If any of the four fields is optional, set them all to optional
   1532              if ( cmd.coolingTemperatureOffset == SE_OPTIONAL_FIELD_UINT8 ||
   1533                   cmd.heatingTemperatureOffset == SE_OPTIONAL_FIELD_UINT8 ||
   1534                   cmd.coolingTemperatureSetPoint == SE_OPTIONAL_FIELD_UINT16 ||
   1535                   cmd.heatingTemperatureSetPoint == SE_OPTIONAL_FIELD_UINT16 )
   \                     ??zclSE_ProcessInCmd_LoadControl_LoadControlEve_9:
   \   0000B5   740F         MOV     A,#0xf
   \   0000B7   12....       LCALL   ?XSTACK_DISP0_8
   \   0000BA   E0           MOVX    A,@DPTR
   \   0000BB   F4           CPL     A
   \   0000BC   601D         JZ      ??zclSE_ProcessInCmd_LoadControl_LoadControlEve_10
   \   0000BE   7410         MOV     A,#0x10
   \   0000C0   12....       LCALL   ?XSTACK_DISP0_8
   \   0000C3   E0           MOVX    A,@DPTR
   \   0000C4   F4           CPL     A
   \   0000C5   6014         JZ      ??zclSE_ProcessInCmd_LoadControl_LoadControlEve_10
   \   0000C7   74FF         MOV     A,#-0x1
   \   0000C9   6A           XRL     A,R2
   \   0000CA   7003         JNZ     ??zclSE_ProcessInCmd_LoadControl_LoadControlEve_11
   \   0000CC   74FF         MOV     A,#-0x1
   \   0000CE   6B           XRL     A,R3
   \                     ??zclSE_ProcessInCmd_LoadControl_LoadControlEve_11:
   \   0000CF   600A         JZ      ??zclSE_ProcessInCmd_LoadControl_LoadControlEve_10
   \   0000D1   74FF         MOV     A,#-0x1
   \   0000D3   68           XRL     A,R0
   \   0000D4   7003         JNZ     ??zclSE_ProcessInCmd_LoadControl_LoadControlEve_12
   \   0000D6   74FF         MOV     A,#-0x1
   \   0000D8   69           XRL     A,R1
   \                     ??zclSE_ProcessInCmd_LoadControl_LoadControlEve_12:
   \   0000D9   7024         JNZ     ??zclSE_ProcessInCmd_LoadControl_LoadControlEve_13
   1536              {
   1537                cmd.coolingTemperatureOffset = SE_OPTIONAL_FIELD_UINT8;
   \                     ??zclSE_ProcessInCmd_LoadControl_LoadControlEve_10:
   \   0000DB   740F         MOV     A,#0xf
   \   0000DD   12....       LCALL   ?XSTACK_DISP0_8
   \   0000E0   74FF         MOV     A,#-0x1
   \   0000E2   F0           MOVX    @DPTR,A
   1538                cmd.heatingTemperatureOffset = SE_OPTIONAL_FIELD_UINT8;
   \   0000E3   7410         MOV     A,#0x10
   \   0000E5   12....       LCALL   ?XSTACK_DISP0_8
   \   0000E8   74FF         MOV     A,#-0x1
   \   0000EA   F0           MOVX    @DPTR,A
   1539                cmd.coolingTemperatureSetPoint = SE_OPTIONAL_FIELD_UINT16;
   \   0000EB   7411         MOV     A,#0x11
   \   0000ED   12....       LCALL   ?XSTACK_DISP0_8
   \   0000F0   74FF         MOV     A,#-0x1
   \   0000F2   F0           MOVX    @DPTR,A
   \   0000F3   A3           INC     DPTR
   \   0000F4   F0           MOVX    @DPTR,A
   1540                cmd.heatingTemperatureSetPoint = SE_OPTIONAL_FIELD_UINT16;
   \   0000F5   7413         MOV     A,#0x13
   \   0000F7   12....       LCALL   ?XSTACK_DISP0_8
   \   0000FA   74FF         MOV     A,#-0x1
   \   0000FC   F0           MOVX    @DPTR,A
   \   0000FD   A3           INC     DPTR
   \   0000FE   F0           MOVX    @DPTR,A
   1541              }
   1542              
   1543              pCBs->pfnLoadControl_LoadControlEvent( &cmd, &(pInMsg->msg->srcAddr), status, pInMsg->hdr.transSeqNum );
   \                     ??zclSE_ProcessInCmd_LoadControl_LoadControlEve_13:
   \   0000FF                ; Setup parameters for indirect call
   \   0000FF   85..82       MOV     DPL,?V0 + 0
   \   000102   85..83       MOV     DPH,?V0 + 1
   \   000105   A3           INC     DPTR
   \   000106   A3           INC     DPTR
   \   000107   A3           INC     DPTR
   \   000108   A3           INC     DPTR
   \   000109   A3           INC     DPTR
   \   00010A   A3           INC     DPTR
   \   00010B   E0           MOVX    A,@DPTR
   \   00010C   F5..         MOV     ?V0 + 4,A
   \   00010E   78..         MOV     R0,#?V0 + 4
   \   000110   12....       LCALL   ?PUSH_XSTACK_I_ONE
   \   000113   EE           MOV     A,R6
   \   000114   F9           MOV     R1,A
   \   000115   85..82       MOV     DPL,?V0 + 0
   \   000118   85..83       MOV     DPH,?V0 + 1
   \   00011B   12....       LCALL   ?Subroutine93 & 0xFFFF
   \                     ??CrossCallReturnLabel_225:
   \   00011E   7401         MOV     A,#0x1
   \   000120   12....       LCALL   ?XSTACK_DISP0_8
   \   000123   AA82         MOV     R2,DPL
   \   000125   AB83         MOV     R3,DPH
   \   000127   85..82       MOV     DPL,?V0 + 2
   \   00012A   85..83       MOV     DPH,?V0 + 3
   \   00012D   12....       LCALL   ??Subroutine123_0 & 0xFFFF
   \                     ??CrossCallReturnLabel_269:
   \   000130   12....       LCALL   ?CALL_IND
   \   000133   7401         MOV     A,#0x1
   \   000135   12....       LCALL   ?DEALLOC_XSTACK8
   1544            
   1545              // The Load Control Event command has response, therefore, 
   1546              // inform zclto not to send default response.
   1547              return ZCL_STATUS_CMD_HAS_RSP;  
   \   000138   79FF         MOV     R1,#-0x1
   \   00013A   8002         SJMP    ??zclSE_ProcessInCmd_LoadControl_LoadControlEve_14
   1548            }
   1549            else
   1550              return ZFailure;  // Not supported
   \                     ??zclSE_ProcessInCmd_LoadControl_LoadControlEve_1:
   \   00013C   7901         MOV     R1,#0x1
   \                     ??zclSE_ProcessInCmd_LoadControl_LoadControlEve_14:
   \   00013E   7418         MOV     A,#0x18
   \   000140   12....       LCALL   ?DEALLOC_XSTACK8
   \   000143   7F05         MOV     R7,#0x5
   \   000145   02....       LJMP    ?BANKED_LEAVE_XDATA
   1551          }
   1552          
   1553          /*********************************************************************
   1554           * @fn      zclSE_ProcessInCmd_LoadControl_CancelLoadControlEvent
   1555           *
   1556           * @brief   Process in the received Cancel Load Control Event.
   1557           *
   1558           * @param   pInMsg - pointer to the incoming message
   1559           *
   1560           */
   1561          static ZStatus_t zclSE_ProcessInCmd_LoadControl_CancelLoadControlEvent( zclIncoming_t *pInMsg,
   1562                                                                                   zclSE_AppCallbacks_t *pCBs )
   1563          {
   1564            if ( pCBs->pfnLoadControl_CancelLoadControlEvent )
   1565            {
   1566              zclCCCancelLoadControlEvent_t cmd;
   1567              
   1568              zclSE_ParseInCmd_CancelLoadControlEvent( &cmd, &(pInMsg->pData[0]), pInMsg->pDataLen );
   1569                     
   1570              pCBs->pfnLoadControl_CancelLoadControlEvent( &cmd, &(pInMsg->msg->srcAddr), pInMsg->hdr.transSeqNum );
   1571              return ZSuccess;
   1572            }
   1573            else
   1574              return ZFailure;
   1575          }
   1576          
   1577          /*********************************************************************
   1578           * @fn      zclSE_ProcessInCmd_LoadControl_CancelAllLoadControlEvent
   1579           *
   1580           * @brief   Process in the received Cancel All Load Control Event.
   1581           *
   1582           * @param   pInMsg - pointer to the incoming message
   1583           *
   1584           */
   1585          static ZStatus_t zclSE_ProcessInCmd_LoadControl_CancelAllLoadControlEvents( zclIncoming_t *pInMsg,
   1586                                                                                       zclSE_AppCallbacks_t *pCBs )
   1587          {
   1588            if ( pCBs->pfnLoadControl_CancelAllLoadControlEvents )
   1589            {
   1590              zclCCCancelAllLoadControlEvents_t cmd;
   1591          
   1592              cmd.cancelControl = pInMsg->pData[0];
   1593                  
   1594              pCBs->pfnLoadControl_CancelAllLoadControlEvents( &cmd, &(pInMsg->msg->srcAddr), pInMsg->hdr.transSeqNum );
   1595              return ZSuccess;
   1596            }
   1597            else
   1598              return ZFailure;
   1599          }
   1600          
   1601          /*********************************************************************
   1602           * @fn      zclSE_ProcessInCmd_LoadControl_ReportEventStatus
   1603           *
   1604           * @brief   Process in the received Load Control Event.
   1605           *
   1606           * @param   pInMsg - pointer to the incoming message
   1607           *
   1608           */

   \                                 In  segment BANKED_CODE, align 1, keep-with-next
   1609          static ZStatus_t zclSE_ProcessInCmd_LoadControl_ReportEventStatus( zclIncoming_t *pInMsg,
   \                     zclSE_ProcessInCmd_LoadControl_ReportEventStatus:
   1610                                                                              zclSE_AppCallbacks_t *pCBs )
   1611          {   
   \   000000   74F6         MOV     A,#-0xa
   \   000002   12....       LCALL   ?BANKED_ENTER_XDATA
   \   000005                ; Saved register size: 10
   \   000005                ; Auto size: 60
   \   000005   74C4         MOV     A,#-0x3c
   \   000007   12....       LCALL   ?ALLOC_XSTACK8
   \   00000A   EA           MOV     A,R2
   \   00000B   FE           MOV     R6,A
   \   00000C   EB           MOV     A,R3
   \   00000D   FF           MOV     R7,A
   1612            if ( pCBs->pfnLoadControl_ReportEventStatus )
   \   00000E   EC           MOV     A,R4
   \   00000F   2420         ADD     A,#0x20
   \   000011   F5..         MOV     ?V0 + 0,A
   \   000013   ED           MOV     A,R5
   \   000014   3400         ADDC    A,#0x0
   \   000016   F5..         MOV     ?V0 + 1,A
   \   000018   85..82       MOV     DPL,?V0 + 0
   \   00001B   12....       LCALL   ??Subroutine121_0 & 0xFFFF
   \                     ??CrossCallReturnLabel_255:
   \   00001E   7003         JNZ     $+5
   \   000020   02....       LJMP    ??zclSE_ProcessInCmd_LoadControl_ReportEventSta_1 & 0xFFFF
   1613            {
   1614          
   1615              zclCCReportEventStatus_t cmd;
   1616              
   1617              zclSE_ParseInCmd_ReportEventStatus( &cmd, &(pInMsg->pData[0]), pInMsg->pDataLen );
   \   000023                ; Setup parameters for call to function zclSE_ParseInCmd_ReportEventStatus
   \   000023   12....       LCALL   ?Subroutine28 & 0xFFFF
   \                     ??CrossCallReturnLabel_45:
   \   000026   12....       LCALL   ??zclSE_ParseInCmd_ReportEventStatus?relay
   1618              
   1619              // Range Checking
   1620              if ( cmd.eventStatus != EVENT_STATUS_LOAD_CONTROL_EVENT_REJECTED &&
   1621                  (cmd.eventStatus == 0 ||
   1622                   cmd.eventStatus > EVENT_STATUS_LOAD_CONTROL_EVENT_SUPERSEDED ) )
   \   000029   7408         MOV     A,#0x8
   \   00002B   12....       LCALL   ?XSTACK_DISP0_8
   \   00002E   E0           MOVX    A,@DPTR
   \   00002F   F8           MOV     R0,A
   \   000030   74FE         MOV     A,#-0x2
   \   000032   68           XRL     A,R0
   \   000033   600C         JZ      ??zclSE_ProcessInCmd_LoadControl_ReportEventSta_2
   \   000035   E8           MOV     A,R0
   \   000036   6005         JZ      ??zclSE_ProcessInCmd_LoadControl_ReportEventSta_3
   \   000038   C3           CLR     C
   \   000039   9408         SUBB    A,#0x8
   \   00003B   4004         JC      ??zclSE_ProcessInCmd_LoadControl_ReportEventSta_2
   1623              {
   1624                return ZCL_STATUS_INVALID_FIELD;
   \                     ??zclSE_ProcessInCmd_LoadControl_ReportEventSta_3:
   \   00003D   7985         MOV     R1,#-0x7b
   \   00003F   8067         SJMP    ??zclSE_ProcessInCmd_LoadControl_ReportEventSta_4
   1625              }
   1626              
   1627              if ( cmd.criticalityLevelApplied > MAX_CRITICAL_LEVEL_SE_LOAD_CONTROL )
   \                     ??zclSE_ProcessInCmd_LoadControl_ReportEventSta_2:
   \   000041   7409         MOV     A,#0x9
   \   000043   12....       LCALL   ?XSTACK_DISP0_8
   \   000046   E0           MOVX    A,@DPTR
   \   000047   C3           CLR     C
   \   000048   9410         SUBB    A,#0x10
   \   00004A   50F1         JNC     ??zclSE_ProcessInCmd_LoadControl_ReportEventSta_3
   1628              {
   1629                return ZCL_STATUS_INVALID_FIELD;
   1630              }
   1631              
   1632              if ( cmd.coolingTemperatureSetPointApplied != SE_OPTIONAL_FIELD_TEMPERATURE_SET_POINT &&
   1633                   cmd.coolingTemperatureSetPointApplied > MAX_TEMPERATURE_SETPOINT_SE_LOAD_CONTROL )
   \   00004C   740A         MOV     A,#0xa
   \   00004E   12....       LCALL   ?XSTACK_DISP0_8
   \   000051   12....       LCALL   ?Subroutine45 & 0xFFFF
   \                     ??CrossCallReturnLabel_73:
   \   000054   7003         JNZ     ??zclSE_ProcessInCmd_LoadControl_ReportEventSta_5
   \   000056   7480         MOV     A,#-0x80
   \   000058   69           XRL     A,R1
   \                     ??zclSE_ProcessInCmd_LoadControl_ReportEventSta_5:
   \   000059   6006         JZ      ??zclSE_ProcessInCmd_LoadControl_ReportEventSta_6
   \   00005B   C3           CLR     C
   \   00005C   E9           MOV     A,R1
   \   00005D   9480         SUBB    A,#-0x80
   \   00005F   50DC         JNC     ??zclSE_ProcessInCmd_LoadControl_ReportEventSta_3
   1634              {
   1635                return ZCL_STATUS_INVALID_FIELD;
   1636              }
   1637          
   1638              if ( cmd.heatingTemperatureSetPointApplied != SE_OPTIONAL_FIELD_TEMPERATURE_SET_POINT &&
   1639                   cmd.heatingTemperatureSetPointApplied > MAX_TEMPERATURE_SETPOINT_SE_LOAD_CONTROL )
   \                     ??zclSE_ProcessInCmd_LoadControl_ReportEventSta_6:
   \   000061   740C         MOV     A,#0xc
   \   000063   12....       LCALL   ?XSTACK_DISP0_8
   \   000066   12....       LCALL   ?Subroutine45 & 0xFFFF
   \                     ??CrossCallReturnLabel_74:
   \   000069   7003         JNZ     ??zclSE_ProcessInCmd_LoadControl_ReportEventSta_7
   \   00006B   7480         MOV     A,#-0x80
   \   00006D   69           XRL     A,R1
   \                     ??zclSE_ProcessInCmd_LoadControl_ReportEventSta_7:
   \   00006E   6006         JZ      ??zclSE_ProcessInCmd_LoadControl_ReportEventSta_8
   \   000070   C3           CLR     C
   \   000071   E9           MOV     A,R1
   \   000072   9480         SUBB    A,#-0x80
   \   000074   50C7         JNC     ??zclSE_ProcessInCmd_LoadControl_ReportEventSta_3
   1640              {
   1641                return ZCL_STATUS_INVALID_FIELD;
   1642              }
   1643          
   1644              if ( cmd.averageLoadAdjustment != SE_OPTIONAL_FIELD_INT8 &&
   1645                  (cmd.averageLoadAdjustment < MIN_AVERAGE_LOAD_ADJUSTMENT_PERCENTAGE_SE ||
   1646                   cmd.averageLoadAdjustment > MAX_AVERAGE_LOAD_ADJUSTMENT_PERCENTAGE_SE ) )
   \                     ??zclSE_ProcessInCmd_LoadControl_ReportEventSta_8:
   \   000076   740E         MOV     A,#0xe
   \   000078   12....       LCALL   ?XSTACK_DISP0_8
   \   00007B   E0           MOVX    A,@DPTR
   \   00007C   F8           MOV     R0,A
   \   00007D   7480         MOV     A,#-0x80
   \   00007F   68           XRL     A,R0
   \   000080   6008         JZ      ??zclSE_ProcessInCmd_LoadControl_ReportEventSta_9
   \   000082   7464         MOV     A,#0x64
   \   000084   28           ADD     A,R0
   \   000085   C3           CLR     C
   \   000086   94C9         SUBB    A,#-0x37
   \   000088   50B3         JNC     ??zclSE_ProcessInCmd_LoadControl_ReportEventSta_3
   1647              {
   1648                return ZCL_STATUS_INVALID_FIELD;
   1649              }
   1650              
   1651              if ( cmd.dutyCycleApplied != SE_OPTIONAL_FIELD_UINT8 &&
   1652                   cmd.dutyCycleApplied > MAX_DUTY_CYCLE_SE_LOAD_CONTROL )
   \                     ??zclSE_ProcessInCmd_LoadControl_ReportEventSta_9:
   \   00008A   740F         MOV     A,#0xf
   \   00008C   12....       LCALL   ?XSTACK_DISP0_8
   \   00008F   E0           MOVX    A,@DPTR
   \   000090   F8           MOV     R0,A
   \   000091   74FF         MOV     A,#-0x1
   \   000093   68           XRL     A,R0
   \   000094   6006         JZ      ??zclSE_ProcessInCmd_LoadControl_ReportEventSta_10
   \   000096   E8           MOV     A,R0
   \   000097   C3           CLR     C
   \   000098   9465         SUBB    A,#0x65
   \   00009A   50A1         JNC     ??zclSE_ProcessInCmd_LoadControl_ReportEventSta_3
   1653              {
   1654                return ZCL_STATUS_INVALID_FIELD; 
   1655              }
   1656                  
   1657              pCBs->pfnLoadControl_ReportEventStatus( &cmd, &(pInMsg->msg->srcAddr), pInMsg->hdr.transSeqNum );
   \                     ??zclSE_ProcessInCmd_LoadControl_ReportEventSta_10:
   \   00009C                ; Setup parameters for indirect call
   \   00009C   12....       LCALL   ?Subroutine29 & 0xFFFF
   \                     ??CrossCallReturnLabel_47:
   \   00009F   12....       LCALL   ?CALL_IND
   1658              
   1659              return ZSuccess;
   \   0000A2   7900         MOV     R1,#0x0
   \   0000A4   8002         SJMP    ??zclSE_ProcessInCmd_LoadControl_ReportEventSta_4
   1660            }
   1661            else
   1662              return ZFailure;
   \                     ??zclSE_ProcessInCmd_LoadControl_ReportEventSta_1:
   \   0000A6   7901         MOV     R1,#0x1
   \                     ??zclSE_ProcessInCmd_LoadControl_ReportEventSta_4:
   \   0000A8   743C         MOV     A,#0x3c
   \   0000AA   80..         SJMP    ??Subroutine125_0
   1663          }
   1664          
   1665          /*********************************************************************
   1666           * @fn      zclSE_ProcessInCmd_LoadControl_GetScheduledEvents
   1667           *
   1668           * @brief   Process in the received Get Scheduled Event.
   1669           *
   1670           * @param   pInMsg - pointer to the incoming message
   1671           *
   1672           */
   1673          static ZStatus_t zclSE_ProcessInCmd_LoadControl_GetScheduledEvents( zclIncoming_t *pInMsg,
   1674                                                                              zclSE_AppCallbacks_t *pCBs )
   1675          {
   1676            if ( pCBs->pfnLoadControl_GetScheduledEvents )
   1677            {
   1678              zclCCGetScheduledEvent_t cmd;
   1679          
   1680              cmd.startTime = osal_build_uint32( pInMsg->pData, 4);
   1681              cmd.numEvents = pInMsg->pData[4];
   1682              
   1683              pCBs->pfnLoadControl_GetScheduledEvents( &cmd, &(pInMsg->msg->srcAddr), pInMsg->hdr.transSeqNum );
   1684              return ZSuccess;
   1685            }
   1686            else
   1687              return ZFailure;
   1688          }
   1689          
   1690          #endif
   1691          
   1692          #ifdef ZCL_PRICING
   1693          /*********************************************************************
   1694           * @fn      zclSE_ParseInCmd_PublishPrice
   1695           *
   1696           * @brief   Parse received Publish Price Command.
   1697           *
   1698           * @param   cmd - pointer to the output data struct
   1699           * @param   buf - pointer to the input data buffer
   1700           * @param   len - length of the input buffer
   1701           *
   1702           */

   \                                 In  segment BANKED_CODE, align 1, keep-with-next
   1703          ZStatus_t zclSE_ParseInCmd_PublishPrice( zclCCPublishPrice_t *cmd, uint8 *buf, uint8 len )
   \                     zclSE_ParseInCmd_PublishPrice:
   1704          {
   \   000000   74F0         MOV     A,#-0x10
   \   000002   12....       LCALL   ?BANKED_ENTER_XDATA
   \   000005                ; Saved register size: 16
   \   000005                ; Auto size: 0
   \   000005   8A..         MOV     ?V0 + 4,R2
   \   000007   8B..         MOV     ?V0 + 5,R3
   \   000009   EC           MOV     A,R4
   \   00000A   FE           MOV     R6,A
   \   00000B   ED           MOV     A,R5
   \   00000C   FF           MOV     R7,A
   1705            (void)len;  // Intentionally unreferenced parameter
   1706            
   1707            // Parse the command buffer
   1708            cmd->providerId = osal_build_uint32( buf, 4 );
   \   00000D                ; Setup parameters for call to function osal_build_uint32
   \   00000D   12....       LCALL   ?Subroutine69 & 0xFFFF
   \                     ??CrossCallReturnLabel_120:
   \   000010   12....       LCALL   ?XSTORE_R2345
   1709            buf += 4;
   \   000013   12....       LCALL   ?Subroutine57 & 0xFFFF
   1710              
   1711            // Notice that rate label is a variable length UTF-8 string
   1712            cmd->rateLabel.strLen = *buf++;
   \                     ??CrossCallReturnLabel_101:
   \   000016   F5..         MOV     ?V0 + 2,A
   \   000018   E5..         MOV     A,?V0 + 4
   \   00001A   2404         ADD     A,#0x4
   \   00001C   F5..         MOV     ?V0 + 6,A
   \   00001E   E5..         MOV     A,?V0 + 5
   \   000020   12....       LCALL   ?Subroutine60 & 0xFFFF
   \                     ??CrossCallReturnLabel_110:
   \   000023   E5..         MOV     A,?V0 + 2
   \   000025   12....       LCALL   ?Subroutine22 & 0xFFFF
   1713            if ( cmd->rateLabel.strLen == SE_OPTIONAL_FIELD_UINT8 )
   \                     ??CrossCallReturnLabel_32:
   \   000028   E5..         MOV     A,?V0 + 4
   \   00002A   2405         ADD     A,#0x5
   \   00002C   F5..         MOV     ?V0 + 0,A
   \   00002E   E5..         MOV     A,?V0 + 5
   \   000030   3400         ADDC    A,#0x0
   \   000032   F5..         MOV     ?V0 + 1,A
   \   000034   74FF         MOV     A,#-0x1
   \   000036   65..         XRL     A,?V0 + 2
   \   000038   6003         JZ      $+5
   \   00003A   02....       LJMP    ??zclSE_ParseInCmd_PublishPrice_0 & 0xFFFF
   1714            {
   1715              // If character count is 0xFF, set string length to 0
   1716              cmd->rateLabel.strLen = 0; 
   \   00003D   85..82       MOV     DPL,?V0 + 6
   \   000040   85..83       MOV     DPH,?V0 + 7
   \   000043   E4           CLR     A
   \   000044   F0           MOVX    @DPTR,A
   1717            }
   1718            
   1719            if ( cmd->rateLabel.strLen != 0 )
   1720            {
   1721              cmd->rateLabel.pStr = osal_mem_alloc( cmd->rateLabel.strLen );
   1722              if ( cmd->rateLabel.pStr == NULL )
   1723              {
   1724                return ZMemError;
   1725              }
   1726              osal_memcpy( cmd->rateLabel.pStr, buf, cmd->rateLabel.strLen );
   1727              buf += cmd->rateLabel.strLen;
   1728            }
   1729            else
   1730            {
   1731              cmd->rateLabel.pStr = NULL;
   \                     ??zclSE_ParseInCmd_PublishPrice_1:
   \   000045   85..82       MOV     DPL,?V0 + 0
   \   000048   85..83       MOV     DPH,?V0 + 1
   \   00004B   E4           CLR     A
   \   00004C   F0           MOVX    @DPTR,A
   \   00004D   A3           INC     DPTR
   \   00004E   F0           MOVX    @DPTR,A
   1732            }
   1733                
   1734            cmd->issuerEventId = osal_build_uint32( buf, 4 );
   \                     ??zclSE_ParseInCmd_PublishPrice_2:
   \   00004F                ; Setup parameters for call to function osal_build_uint32
   \   00004F   12....       LCALL   ?Subroutine69 & 0xFFFF
   \                     ??CrossCallReturnLabel_121:
   \   000052   A3           INC     DPTR
   \   000053   A3           INC     DPTR
   \   000054   A3           INC     DPTR
   \   000055   A3           INC     DPTR
   \   000056   A3           INC     DPTR
   \   000057   A3           INC     DPTR
   \   000058   A3           INC     DPTR
   \   000059   12....       LCALL   ?XSTORE_R2345
   1735            buf += 4;
   \   00005C   EE           MOV     A,R6
   \   00005D   2404         ADD     A,#0x4
   \   00005F   FE           MOV     R6,A
   \   000060   12....       LCALL   ?Subroutine58 & 0xFFFF
   1736              
   1737            cmd->currentTime = osal_build_uint32( buf, 4 );
   \                     ??CrossCallReturnLabel_105:
   \   000063   240B         ADD     A,#0xb
   \   000065   F582         MOV     DPL,A
   \   000067   E5..         MOV     A,?V0 + 5
   \   000069   12....       LCALL   ??Subroutine129_0 & 0xFFFF
   \                     ??CrossCallReturnLabel_291:
   \   00006C   12....       LCALL   ?XSTORE_R2345
   1738            buf += 4;
   \   00006F   12....       LCALL   ?Subroutine57 & 0xFFFF
   1739              
   1740            cmd->unitOfMeasure = *buf++;
   \                     ??CrossCallReturnLabel_102:
   \   000072   C0E0         PUSH    A
   \   000074   E5..         MOV     A,?V0 + 4
   \   000076   240F         ADD     A,#0xf
   \   000078   F582         MOV     DPL,A
   \   00007A   E5..         MOV     A,?V0 + 5
   \   00007C   12....       LCALL   ??Subroutine129_0 & 0xFFFF
   \                     ??CrossCallReturnLabel_292:
   \   00007F   D0E0         POP     A
   \   000081   12....       LCALL   ?Subroutine21 & 0xFFFF
   1741            cmd->currency = BUILD_UINT16( buf[0], buf[1] );
   \                     ??CrossCallReturnLabel_30:
   \   000084   FA           MOV     R2,A
   \   000085   A3           INC     DPTR
   \   000086   E0           MOVX    A,@DPTR
   \   000087   F9           MOV     R1,A
   \   000088   EA           MOV     A,R2
   \   000089   F8           MOV     R0,A
   \   00008A   E5..         MOV     A,?V0 + 4
   \   00008C   2410         ADD     A,#0x10
   \   00008E   F582         MOV     DPL,A
   \   000090   E5..         MOV     A,?V0 + 5
   \   000092   12....       LCALL   ??Subroutine136_0 & 0xFFFF
   1742            buf += 2;
   1743              
   1744            cmd->priceTralingDigit = *buf++;
   \                     ??CrossCallReturnLabel_329:
   \   000095   C0E0         PUSH    A
   \   000097   E5..         MOV     A,?V0 + 4
   \   000099   2412         ADD     A,#0x12
   \   00009B   F582         MOV     DPL,A
   \   00009D   E5..         MOV     A,?V0 + 5
   \   00009F   12....       LCALL   ??Subroutine129_0 & 0xFFFF
   \                     ??CrossCallReturnLabel_293:
   \   0000A2   D0E0         POP     A
   \   0000A4   12....       LCALL   ?Subroutine12 & 0xFFFF
   1745            cmd->startTime = osal_build_uint32( buf, 4 );
   \                     ??CrossCallReturnLabel_9:
   \   0000A7   2413         ADD     A,#0x13
   \   0000A9   F582         MOV     DPL,A
   \   0000AB   E5..         MOV     A,?V0 + 5
   \   0000AD   12....       LCALL   ??Subroutine129_0 & 0xFFFF
   \                     ??CrossCallReturnLabel_294:
   \   0000B0   12....       LCALL   ?XSTORE_R2345
   1746            buf += 4;
   \   0000B3   12....       LCALL   ?Subroutine50 & 0xFFFF
   1747              
   1748            cmd->durationInMinutes = BUILD_UINT16( buf[0], buf[1] );
   \                     ??CrossCallReturnLabel_313:
   \   0000B6   F8           MOV     R0,A
   \   0000B7   E5..         MOV     A,?V0 + 4
   \   0000B9   2417         ADD     A,#0x17
   \   0000BB   F582         MOV     DPL,A
   \   0000BD   E5..         MOV     A,?V0 + 5
   \   0000BF   12....       LCALL   ?Subroutine61 & 0xFFFF
   1749            buf += 2;
   \                     ??CrossCallReturnLabel_111:
   \   0000C2   EE           MOV     A,R6
   \   0000C3   2402         ADD     A,#0x2
   \   0000C5   0E           INC     R6
   \   0000C6   0E           INC     R6
   \   0000C7   12....       LCALL   ?Subroutine58 & 0xFFFF
   1750              
   1751            cmd->price = osal_build_uint32( buf, 4 );
   \                     ??CrossCallReturnLabel_106:
   \   0000CA   2419         ADD     A,#0x19
   \   0000CC   F582         MOV     DPL,A
   \   0000CE   E5..         MOV     A,?V0 + 5
   \   0000D0   12....       LCALL   ??Subroutine129_0 & 0xFFFF
   \                     ??CrossCallReturnLabel_295:
   \   0000D3   12....       LCALL   ?XSTORE_R2345
   1752            buf += 4;
   \   0000D6   12....       LCALL   ?Subroutine57 & 0xFFFF
   1753              
   1754            cmd->priceRatio = *buf++;
   \                     ??CrossCallReturnLabel_103:
   \   0000D9   C0E0         PUSH    A
   \   0000DB   E5..         MOV     A,?V0 + 4
   \   0000DD   241D         ADD     A,#0x1d
   \   0000DF   F582         MOV     DPL,A
   \   0000E1   E5..         MOV     A,?V0 + 5
   \   0000E3   12....       LCALL   ??Subroutine129_0 & 0xFFFF
   \                     ??CrossCallReturnLabel_296:
   \   0000E6   D0E0         POP     A
   \   0000E8   12....       LCALL   ?Subroutine12 & 0xFFFF
   1755            cmd->generationPrice = osal_build_uint32( buf, 4 );
   \                     ??CrossCallReturnLabel_10:
   \   0000EB   241E         ADD     A,#0x1e
   \   0000ED   F582         MOV     DPL,A
   \   0000EF   E5..         MOV     A,?V0 + 5
   \   0000F1   12....       LCALL   ??Subroutine129_0 & 0xFFFF
   \                     ??CrossCallReturnLabel_297:
   \   0000F4   12....       LCALL   ?XSTORE_R2345
   1756            buf += 4;
   \   0000F7   12....       LCALL   ?Subroutine57 & 0xFFFF
   1757              
   1758            cmd->generationPriceRatio = *buf++;
   \                     ??CrossCallReturnLabel_104:
   \   0000FA   C0E0         PUSH    A
   \   0000FC   E5..         MOV     A,?V0 + 4
   \   0000FE   2422         ADD     A,#0x22
   \   000100   F582         MOV     DPL,A
   \   000102   E5..         MOV     A,?V0 + 5
   \   000104   12....       LCALL   ??Subroutine129_0 & 0xFFFF
   \                     ??CrossCallReturnLabel_298:
   \   000107   D0E0         POP     A
   \   000109   12....       LCALL   ?Subroutine23 & 0xFFFF
   1759            cmd->priceTier = *buf;
   \                     ??CrossCallReturnLabel_34:
   \   00010C   E0           MOVX    A,@DPTR
   \   00010D   C0E0         PUSH    A
   \   00010F   E5..         MOV     A,?V0 + 4
   \   000111   2423         ADD     A,#0x23
   \   000113   F582         MOV     DPL,A
   \   000115   E5..         MOV     A,?V0 + 5
   \   000117   12....       LCALL   ??Subroutine129_0 & 0xFFFF
   \                     ??CrossCallReturnLabel_299:
   \   00011A   D0E0         POP     A
   \   00011C   F0           MOVX    @DPTR,A
   1760                
   1761            return ZSuccess;
   \   00011D   7900         MOV     R1,#0x0
   \                     ??zclSE_ParseInCmd_PublishPrice_3:
   \   00011F   02....       LJMP    ??Subroutine110_0 & 0xFFFF
   \                     ??zclSE_ParseInCmd_PublishPrice_0:
   \   000122   E5..         MOV     A,?V0 + 2
   \   000124   7003         JNZ     $+5
   \   000126   02....       LJMP    ??zclSE_ParseInCmd_PublishPrice_1 & 0xFFFF
   \   000129                ; Setup parameters for call to function osal_mem_alloc
   \   000129   FA           MOV     R2,A
   \   00012A   7B00         MOV     R3,#0x0
   \   00012C   12....       LCALL   ??osal_mem_alloc?relay
   \   00012F   85..82       MOV     DPL,?V0 + 0
   \   000132   85..83       MOV     DPH,?V0 + 1
   \   000135   12....       LCALL   ??Subroutine127_0 & 0xFFFF
   \                     ??CrossCallReturnLabel_278:
   \   000138   85..82       MOV     DPL,?V0 + 0
   \   00013B   85..83       MOV     DPH,?V0 + 1
   \   00013E   E0           MOVX    A,@DPTR
   \   00013F   FA           MOV     R2,A
   \   000140   4B           ORL     A,R3
   \   000141   7004         JNZ     ??zclSE_ParseInCmd_PublishPrice_4
   \   000143   7910         MOV     R1,#0x10
   \   000145   80D8         SJMP    ??zclSE_ParseInCmd_PublishPrice_3
   \                     ??zclSE_ParseInCmd_PublishPrice_4:
   \   000147                ; Setup parameters for call to function osal_memcpy
   \   000147   8E..         MOV     ?V0 + 0,R6
   \   000149   8F..         MOV     ?V0 + 1,R7
   \   00014B   75..00       MOV     ?V0 + 2,#0x0
   \   00014E   78..         MOV     R0,#?V0 + 0
   \   000150   12....       LCALL   ?PUSH_XSTACK_I_THREE
   \   000153   12....       LCALL   ?Subroutine35 & 0xFFFF
   \                     ??CrossCallReturnLabel_159:
   \   000156   12....       LCALL   ?DEALLOC_XSTACK8
   \   000159   85..82       MOV     DPL,?V0 + 6
   \   00015C   85..83       MOV     DPH,?V0 + 7
   \   00015F   E0           MOVX    A,@DPTR
   \   000160   F8           MOV     R0,A
   \   000161   EE           MOV     A,R6
   \   000162   28           ADD     A,R0
   \   000163   FE           MOV     R6,A
   \   000164   EF           MOV     A,R7
   \   000165   3400         ADDC    A,#0x0
   \   000167   FF           MOV     R7,A
   \   000168   02....       LJMP    ??zclSE_ParseInCmd_PublishPrice_2 & 0xFFFF
   1762          }

   \                                 In  segment BANKED_CODE, align 1, keep-with-next
   \                     ?Subroutine69:
   \   000000   7904         MOV     R1,#0x4
   \   000002   EE           MOV     A,R6
   \   000003   FA           MOV     R2,A
   \   000004   EF           MOV     A,R7
   \   000005   FB           MOV     R3,A
   \   000006   12....       LCALL   ??osal_build_uint32?relay
   \   000009   85..82       MOV     DPL,?V0 + 4
   \   00000C   85..83       MOV     DPH,?V0 + 5
   \   00000F   22           RET

   \                                 In  segment BANKED_CODE, align 1, keep-with-next
   \                     ?Subroutine58:
   \   000000   12....       LCALL   ?Subroutine89 & 0xFFFF
   \                     ??CrossCallReturnLabel_135:
   \   000003   12....       LCALL   ??osal_build_uint32?relay
   \   000006   E5..         MOV     A,?V0 + 4
   \   000008   22           RET

   \                                 In  segment BANKED_CODE, align 1, keep-with-next
   \                     ?Subroutine57:
   \   000000   12....       LCALL   ?Subroutine87 & 0xFFFF
   \                     ??CrossCallReturnLabel_345:
   \   000003   E0           MOVX    A,@DPTR
   \   000004   22           RET

   \                                 In  segment BANKED_CODE, align 1, keep-with-next
   \                     ?Subroutine87:
   \   000000   EE           MOV     A,R6
   \   000001   2404         ADD     A,#0x4
   \   000003   FE           MOV     R6,A
   \   000004                REQUIRE ??Subroutine130_0
   \   000004                ; // Fall through to label ??Subroutine130_0

   \                                 In  segment BANKED_CODE, align 1, keep-with-next
   \                     ??Subroutine130_0:
   \   000000   EF           MOV     A,R7
   \   000001   3400         ADDC    A,#0x0
   \   000003   FF           MOV     R7,A
   \   000004   8E82         MOV     DPL,R6
   \   000006   8F83         MOV     DPH,R7
   \   000008   22           RET

   \                                 In  segment BANKED_CODE, align 1, keep-with-next
   \                     ?Subroutine50:
   \   000000   12....       LCALL   ?Subroutine87 & 0xFFFF
   \                     ??CrossCallReturnLabel_346:
   \   000003                REQUIRE ??Subroutine131_0
   \   000003                ; // Fall through to label ??Subroutine131_0

   \                                 In  segment BANKED_CODE, align 1, keep-with-next
   \                     ?Subroutine12:
   \   000000   12....       LCALL   ?Subroutine99 & 0xFFFF
   \                     ??CrossCallReturnLabel_145:
   \   000003                ; Setup parameters for call to function osal_build_uint32
   \   000003                ; Setup parameters for call to function osal_build_uint32
   \   000003   7904         MOV     R1,#0x4
   \   000005   EE           MOV     A,R6
   \   000006   FA           MOV     R2,A
   \   000007   EF           MOV     A,R7
   \   000008   FB           MOV     R3,A
   \   000009   12....       LCALL   ??osal_build_uint32?relay
   \   00000C   E5..         MOV     A,?V0 + 4
   \   00000E   22           RET

   \                                 In  segment BANKED_CODE, align 1, keep-with-next
   \                     ?Subroutine61:
   \   000000   12....       LCALL   ??Subroutine107_0 & 0xFFFF
   \                     ??CrossCallReturnLabel_332:
   \   000003   E8           MOV     A,R0
   \   000004   F0           MOVX    @DPTR,A
   \   000005   A3           INC     DPTR
   \   000006   E9           MOV     A,R1
   \   000007   F0           MOVX    @DPTR,A
   \   000008   22           RET

   \                                 In  segment BANKED_CODE, align 1, keep-with-next
   \                     ?Subroutine89:
   \   000000   EF           MOV     A,R7
   \   000001   3400         ADDC    A,#0x0
   \   000003   FF           MOV     R7,A
   \   000004                ; Setup parameters for call to function osal_build_uint32
   \   000004                ; Setup parameters for call to function osal_build_uint32
   \   000004                ; Setup parameters for call to function osal_build_uint32
   \   000004   7904         MOV     R1,#0x4
   \   000006   EE           MOV     A,R6
   \   000007   FA           MOV     R2,A
   \   000008   EF           MOV     A,R7
   \   000009   FB           MOV     R3,A
   \   00000A   22           RET

   \                                 In  segment BANKED_CODE, align 1, keep-with-next
   \                     ?Subroutine21:
   \   000000   12....       LCALL   ?Subroutine75 & 0xFFFF
   \                     ??CrossCallReturnLabel_126:
   \   000003   E0           MOVX    A,@DPTR
   \   000004   22           RET

   \                                 In  segment BANKED_CODE, align 1, keep-with-next
   \                     ??Subroutine136_0:
   \   000000   12....       LCALL   ??Subroutine107_0 & 0xFFFF
   \                     ??CrossCallReturnLabel_337:
   \   000003   E8           MOV     A,R0
   \   000004   12....       LCALL   ?Subroutine72 & 0xFFFF
   \                     ??CrossCallReturnLabel_330:
   \   000007   22           RET

   \                                 In  segment BANKED_CODE, align 1, keep-with-next
   \                     ?Subroutine72:
   \   000000   F0           MOVX    @DPTR,A
   \   000001   A3           INC     DPTR
   \   000002   E9           MOV     A,R1
   \   000003   F0           MOVX    @DPTR,A
   \   000004   EE           MOV     A,R6
   \   000005   2402         ADD     A,#0x2
   \   000007   0E           INC     R6
   \   000008   0E           INC     R6
   \   000009   EF           MOV     A,R7
   \   00000A   3400         ADDC    A,#0x0
   \   00000C   FF           MOV     R7,A
   \   00000D   8E82         MOV     DPL,R6
   \   00000F   8F83         MOV     DPH,R7
   \   000011   E0           MOVX    A,@DPTR
   \   000012   22           RET

   \                                 In  segment BANKED_CODE, align 1, keep-with-next
   \                     ?Subroutine23:
   \   000000   12....       LCALL   ?Subroutine102 & 0xFFFF
   \                     ??CrossCallReturnLabel_147:
   \   000003   22           RET

   \                                 In  segment BANKED_CODE, align 1, keep-with-next
   \                     ?Subroutine102:
   \   000000   F0           MOVX    @DPTR,A
   \   000001   8E82         MOV     DPL,R6
   \   000003   8F83         MOV     DPH,R7
   \   000005   A3           INC     DPTR
   \   000006   22           RET

   \                                 In  segment BANKED_CODE, align 1, keep-with-next
   \                     ?Subroutine22:
   \   000000   12....       LCALL   ?Subroutine75 & 0xFFFF
   \                     ??CrossCallReturnLabel_127:
   \   000003   22           RET

   \                                 In  segment BANKED_CODE, align 1, keep-with-next
   \                     ?Subroutine75:
   \   000000   12....       LCALL   ?Subroutine102 & 0xFFFF
   \                     ??CrossCallReturnLabel_148:
   \   000003   AE82         MOV     R6,DPL
   \   000005   AF83         MOV     R7,DPH
   \   000007   22           RET

   \                                 In  segment BANKED_CODE, align 1, keep-with-next
   \                     ?Subroutine99:
   \   000000   12....       LCALL   ?Subroutine102 & 0xFFFF
   \                     ??CrossCallReturnLabel_149:
   \   000003   0E           INC     R6
   \   000004   AF83         MOV     R7,DPH
   \   000006   22           RET
   1763          #endif
   1764          
   1765          #ifdef ZCL_MESSAGE
   1766          /*********************************************************************
   1767           * @fn      zclSE_ParseInCmd_DisplayMessage
   1768           *
   1769           * @brief   Parse received Display Message Command.
   1770           *
   1771           * @param   cmd - pointer to the output data struct
   1772           * @param   buf - pointer to the input data buffer
   1773           * @param   len - length of the input buffer
   1774           *
   1775           * @return  ZStatus_t - ZSuccess or ZFailure due to memory allocation failure
   1776           */

   \                                 In  segment BANKED_CODE, align 1, keep-with-next
   1777          ZStatus_t zclSE_ParseInCmd_DisplayMessage( zclCCDisplayMessage_t *cmd, uint8 *buf, uint8 len )
   \                     zclSE_ParseInCmd_DisplayMessage:
   1778          {  
   \   000000   74F1         MOV     A,#-0xf
   \   000002   12....       LCALL   ?BANKED_ENTER_XDATA
   \   000005                ; Saved register size: 15
   \   000005                ; Auto size: 0
   \   000005   EA           MOV     A,R2
   \   000006   FE           MOV     R6,A
   \   000007   EB           MOV     A,R3
   \   000008   FF           MOV     R7,A
   \   000009   8C..         MOV     ?V0 + 0,R4
   \   00000B   8D..         MOV     ?V0 + 1,R5
   1779            (void)len;  // Intentionally unreferenced parameter
   1780            
   1781            cmd->messageId = osal_build_uint32( buf, 4 );
   \   00000D                ; Setup parameters for call to function osal_build_uint32
   \   00000D   7904         MOV     R1,#0x4
   \   00000F   AA..         MOV     R2,?V0 + 0
   \   000011   AB..         MOV     R3,?V0 + 1
   \   000013   12....       LCALL   ?Subroutine68 & 0xFFFF
   \                     ??CrossCallReturnLabel_118:
   \   000016   12....       LCALL   ?XSTORE_R2345
   1782            
   1783            // Message control bitmap
   1784            cmd->messageCtrl.transmissionMode = buf[4] & 0x03;    // bit 0&1
   \   000019   E5..         MOV     A,?V0 + 0
   \   00001B   2404         ADD     A,#0x4
   \   00001D   F8           MOV     R0,A
   \   00001E   E5..         MOV     A,?V0 + 1
   \   000020   12....       LCALL   ?Subroutine90 & 0xFFFF
   \                     ??CrossCallReturnLabel_198:
   \   000023   5403         ANL     A,#0x3
   \   000025   8E82         MOV     DPL,R6
   \   000027   8F83         MOV     DPH,R7
   \   000029   12....       LCALL   ?Subroutine25 & 0xFFFF
   1785            cmd->messageCtrl.importance = ( buf[4] >> SE_PROFILE_MSGCTRL_IMPORTANCE ) & 0x03; // bit 2&3
   \                     ??CrossCallReturnLabel_316:
   \   00002C   E0           MOVX    A,@DPTR
   \   00002D   13           RRC     A
   \   00002E   13           RRC     A
   \   00002F   543F         ANL     A,#0x3f
   \   000031   5403         ANL     A,#0x3
   \   000033   8E82         MOV     DPL,R6
   \   000035   8F83         MOV     DPH,R7
   \   000037   A3           INC     DPTR
   \   000038   12....       LCALL   ?Subroutine25 & 0xFFFF
   1786            cmd->messageCtrl.confirmationRequired = (buf[4] >> SE_PROFILE_MSGCTRL_CONFREQUIRED ) & 0x01;  // bit 7
   \                     ??CrossCallReturnLabel_317:
   \   00003B   E0           MOVX    A,@DPTR
   \   00003C   A2E7         MOV     C,0xE0 /* A   */.7
   \   00003E   E4           CLR     A
   \   00003F   33           RLC     A
   \   000040   8E82         MOV     DPL,R6
   \   000042   8F83         MOV     DPH,R7
   \   000044   A3           INC     DPTR
   \   000045   A3           INC     DPTR
   \   000046   A3           INC     DPTR
   \   000047   A3           INC     DPTR
   \   000048   A3           INC     DPTR
   \   000049   A3           INC     DPTR
   \   00004A   F0           MOVX    @DPTR,A
   1787             
   1788            cmd->startTime = osal_build_uint32( &(buf[5]), 4 );
   \   00004B                ; Setup parameters for call to function osal_build_uint32
   \   00004B   7904         MOV     R1,#0x4
   \   00004D   E5..         MOV     A,?V0 + 0
   \   00004F   2405         ADD     A,#0x5
   \   000051   FA           MOV     R2,A
   \   000052   E5..         MOV     A,?V0 + 1
   \   000054   3400         ADDC    A,#0x0
   \   000056   FB           MOV     R3,A
   \   000057   12....       LCALL   ?Subroutine68 & 0xFFFF
   \                     ??CrossCallReturnLabel_119:
   \   00005A   A3           INC     DPTR
   \   00005B   A3           INC     DPTR
   \   00005C   A3           INC     DPTR
   \   00005D   A3           INC     DPTR
   \   00005E   A3           INC     DPTR
   \   00005F   A3           INC     DPTR
   \   000060   A3           INC     DPTR
   \   000061   12....       LCALL   ?XSTORE_R2345
   1789            cmd->durationInMinutes = BUILD_UINT16( buf[9], buf[10] );
   \   000064   85..82       MOV     DPL,?V0 + 0
   \   000067   85..83       MOV     DPH,?V0 + 1
   \   00006A   A3           INC     DPTR
   \   00006B   A3           INC     DPTR
   \   00006C   A3           INC     DPTR
   \   00006D   A3           INC     DPTR
   \   00006E   A3           INC     DPTR
   \   00006F   A3           INC     DPTR
   \   000070   A3           INC     DPTR
   \   000071   A3           INC     DPTR
   \   000072   A3           INC     DPTR
   \   000073   E0           MOVX    A,@DPTR
   \   000074   FA           MOV     R2,A
   \   000075   85..82       MOV     DPL,?V0 + 0
   \   000078   85..83       MOV     DPH,?V0 + 1
   \   00007B   A3           INC     DPTR
   \   00007C   A3           INC     DPTR
   \   00007D   A3           INC     DPTR
   \   00007E   A3           INC     DPTR
   \   00007F   A3           INC     DPTR
   \   000080   A3           INC     DPTR
   \   000081   A3           INC     DPTR
   \   000082   A3           INC     DPTR
   \   000083   A3           INC     DPTR
   \   000084   A3           INC     DPTR
   \   000085   E0           MOVX    A,@DPTR
   \   000086   F9           MOV     R1,A
   \   000087   EA           MOV     A,R2
   \   000088   F8           MOV     R0,A
   \   000089   EE           MOV     A,R6
   \   00008A   240B         ADD     A,#0xb
   \   00008C   F582         MOV     DPL,A
   \   00008E   EF           MOV     A,R7
   \   00008F   12....       LCALL   ?Subroutine61 & 0xFFFF
   1790            cmd->msgString.strLen = buf[11];
   \                     ??CrossCallReturnLabel_112:
   \   000092   E5..         MOV     A,?V0 + 0
   \   000094   240B         ADD     A,#0xb
   \   000096   12....       LCALL   ??Subroutine128_0 & 0xFFFF
   \                     ??CrossCallReturnLabel_300:
   \   000099   E0           MOVX    A,@DPTR
   \   00009A   F5..         MOV     ?V0 + 4,A
   \   00009C   EE           MOV     A,R6
   \   00009D   240D         ADD     A,#0xd
   \   00009F   12....       LCALL   ?Subroutine64 & 0xFFFF
   \                     ??CrossCallReturnLabel_214:
   \   0000A2   85..82       MOV     DPL,?V0 + 2
   \   0000A5   F583         MOV     DPH,A
   \   0000A7   E5..         MOV     A,?V0 + 4
   \   0000A9   F0           MOVX    @DPTR,A
   1791              
   1792            // Copy the message string
   1793            if( cmd->msgString.strLen != 0 )
   \   0000AA   EE           MOV     A,R6
   \   0000AB   240E         ADD     A,#0xe
   \   0000AD   FE           MOV     R6,A
   \   0000AE   EF           MOV     A,R7
   \   0000AF   3400         ADDC    A,#0x0
   \   0000B1   FF           MOV     R7,A
   \   0000B2   E5..         MOV     A,?V0 + 4
   \   0000B4   603E         JZ      ??zclSE_ParseInCmd_DisplayMessage_0
   1794            {
   1795              cmd->msgString.pStr = osal_mem_alloc( cmd->msgString.strLen );
   \   0000B6                ; Setup parameters for call to function osal_mem_alloc
   \   0000B6   FA           MOV     R2,A
   \   0000B7   7B00         MOV     R3,#0x0
   \   0000B9   12....       LCALL   ??osal_mem_alloc?relay
   \   0000BC   8E82         MOV     DPL,R6
   \   0000BE   8F83         MOV     DPH,R7
   \   0000C0   EA           MOV     A,R2
   \   0000C1   F0           MOVX    @DPTR,A
   \   0000C2   A3           INC     DPTR
   \   0000C3   EB           MOV     A,R3
   \   0000C4   12....       LCALL   ?Subroutine26 & 0xFFFF
   1796              if ( cmd->msgString.pStr == NULL )
   \                     ??CrossCallReturnLabel_42:
   \   0000C7   FA           MOV     R2,A
   \   0000C8   4B           ORL     A,R3
   \   0000C9   7004         JNZ     ??zclSE_ParseInCmd_DisplayMessage_1
   1797                return ZMemError;
   \   0000CB   7910         MOV     R1,#0x10
   \   0000CD   802F         SJMP    ??zclSE_ParseInCmd_DisplayMessage_2
   1798              osal_memcpy( cmd->msgString.pStr, &(buf[12]), cmd->msgString.strLen ); 
   \                     ??zclSE_ParseInCmd_DisplayMessage_1:
   \   0000CF                ; Setup parameters for call to function osal_memcpy
   \   0000CF   E5..         MOV     A,?V0 + 0
   \   0000D1   240C         ADD     A,#0xc
   \   0000D3   F5..         MOV     ?V0 + 0,A
   \   0000D5   E5..         MOV     A,?V0 + 1
   \   0000D7   3400         ADDC    A,#0x0
   \   0000D9   85....       MOV     ?V0 + 4,?V0 + 0
   \   0000DC   F5..         MOV     ?V0 + 5,A
   \   0000DE   75..00       MOV     ?V0 + 6,#0x0
   \   0000E1   78..         MOV     R0,#?V0 + 4
   \   0000E3   12....       LCALL   ?PUSH_XSTACK_I_THREE
   \   0000E6   85..82       MOV     DPL,?V0 + 2
   \   0000E9   85..83       MOV     DPH,?V0 + 3
   \   0000EC   12....       LCALL   ??Subroutine105_0 & 0xFFFF
   1799            }
   \                     ??CrossCallReturnLabel_161:
   \   0000EF   12....       LCALL   ?DEALLOC_XSTACK8
   \   0000F2   8008         SJMP    ??zclSE_ParseInCmd_DisplayMessage_3
   1800            else
   1801            {
   1802              cmd->msgString.pStr = NULL;
   \                     ??zclSE_ParseInCmd_DisplayMessage_0:
   \   0000F4   8E82         MOV     DPL,R6
   \   0000F6   8F83         MOV     DPH,R7
   \   0000F8   E4           CLR     A
   \   0000F9   F0           MOVX    @DPTR,A
   \   0000FA   A3           INC     DPTR
   \   0000FB   F0           MOVX    @DPTR,A
   1803            }
   1804            return ZSuccess;
   \                     ??zclSE_ParseInCmd_DisplayMessage_3:
   \   0000FC   7900         MOV     R1,#0x0
   \                     ??zclSE_ParseInCmd_DisplayMessage_2:
   \   0000FE   02....       LJMP    ??Subroutine137_0 & 0xFFFF
   1805          }    

   \                                 In  segment BANKED_CODE, align 1, keep-with-next
   \                     ?Subroutine25:
   \   000000   A3           INC     DPTR
   \   000001   A3           INC     DPTR
   \   000002   A3           INC     DPTR
   \   000003                REQUIRE ??Subroutine132_0
   \   000003                ; // Fall through to label ??Subroutine132_0
   1806          #endif
   1807          
   1808          #ifdef ZCL_LOAD_CONTROL
   1809          /*********************************************************************
   1810           * @fn      zclSE_ParseInCmd_LoadControlEvent
   1811           *
   1812           * @brief   Parse received Load Control Event.
   1813           *
   1814           * @param   cmd - pointer to the output data struct
   1815           * @param   buf - pointer to the input data buffer
   1816           * @param   len - length of the input buffer
   1817           *
   1818           */

   \                                 In  segment BANKED_CODE, align 1, keep-with-next
   1819          void zclSE_ParseInCmd_LoadControlEvent( zclCCLoadControlEvent_t *cmd, uint8 *buf, uint8 len )
   \                     zclSE_ParseInCmd_LoadControlEvent:
   1820          {
   \   000000   74F6         MOV     A,#-0xa
   \   000002   12....       LCALL   ?BANKED_ENTER_XDATA
   \   000005                ; Saved register size: 10
   \   000005                ; Auto size: 0
   \   000005   12....       LCALL   ?Subroutine67 & 0xFFFF
   1821            (void)len;  // Intentionally unreferenced parameter
   1822            
   1823            // Maybe add checking for buffer length later
   1824            // Skipped right now to leave MT input to guarantee 
   1825            // proper buffer length
   1826            cmd->issuerEvent = osal_build_uint32( buf, 4 );
   \                     ??CrossCallReturnLabel_320:
   \   000008   12....       LCALL   ?XSTORE_R2345
   1827            buf += 4;
   \   00000B   12....       LCALL   ?Subroutine56 & 0xFFFF
   1828            
   1829            cmd->deviceGroupClass = osal_build_uint32( buf, 3 );
   \                     ??CrossCallReturnLabel_99:
   \   00000E   12....       LCALL   ?XSTORE_R2345
   1830            buf += 3;
   \   000011   EE           MOV     A,R6
   \   000012   2403         ADD     A,#0x3
   \   000014   0E           INC     R6
   \   000015   0E           INC     R6
   \   000016   0E           INC     R6
   \   000017   12....       LCALL   ?Subroutine89 & 0xFFFF
   1831            
   1832            cmd->startTime = osal_build_uint32( buf, 4 );
   \                     ??CrossCallReturnLabel_136:
   \   00001A   12....       LCALL   ?Subroutine66 & 0xFFFF
   \                     ??CrossCallReturnLabel_115:
   \   00001D   12....       LCALL   ?XSTORE_R2345
   1833            buf += 4;
   \   000020   12....       LCALL   ?Subroutine50 & 0xFFFF
   1834            
   1835            cmd->durationInMinutes = BUILD_UINT16( buf[0], buf[1] );
   \                     ??CrossCallReturnLabel_314:
   \   000023   F8           MOV     R0,A
   \   000024   E5..         MOV     A,?V0 + 0
   \   000026   12....       LCALL   ?Subroutine10 & 0xFFFF
   1836            buf += 2;
   1837            
   1838            cmd->criticalityLevel = *buf++;
   \                     ??CrossCallReturnLabel_326:
   \   000029   C0E0         PUSH    A
   \   00002B   E5..         MOV     A,?V0 + 0
   \   00002D   240E         ADD     A,#0xe
   \   00002F   12....       LCALL   ??Subroutine128_0 & 0xFFFF
   \                     ??CrossCallReturnLabel_301:
   \   000032   D0E0         POP     A
   \   000034   12....       LCALL   ?Subroutine21 & 0xFFFF
   1839            cmd->coolingTemperatureOffset = *buf++;
   \                     ??CrossCallReturnLabel_31:
   \   000037   C0E0         PUSH    A
   \   000039   E5..         MOV     A,?V0 + 0
   \   00003B   240F         ADD     A,#0xf
   \   00003D   12....       LCALL   ??Subroutine128_0 & 0xFFFF
   \                     ??CrossCallReturnLabel_302:
   \   000040   D0E0         POP     A
   \   000042   12....       LCALL   ?Subroutine18 & 0xFFFF
   1840            cmd->heatingTemperatureOffset = *buf++;
   \                     ??CrossCallReturnLabel_19:
   \   000045   C0E0         PUSH    A
   \   000047   12....       LCALL   ?Subroutine62 & 0xFFFF
   \                     ??CrossCallReturnLabel_311:
   \   00004A   D0E0         POP     A
   \   00004C   12....       LCALL   ?Subroutine17 & 0xFFFF
   1841            
   1842            cmd->coolingTemperatureSetPoint = BUILD_UINT16( buf[0], buf[1] );
   \                     ??CrossCallReturnLabel_17:
   \   00004F   F8           MOV     R0,A
   \   000050   E5..         MOV     A,?V0 + 0
   \   000052   2411         ADD     A,#0x11
   \   000054   12....       LCALL   ??Subroutine128_0 & 0xFFFF
   \                     ??CrossCallReturnLabel_303:
   \   000057   E8           MOV     A,R0
   \   000058   12....       LCALL   ?Subroutine9 & 0xFFFF
   1843            buf += 2;
   1844            
   1845            cmd->heatingTemperatureSetPoint = BUILD_UINT16( buf[0], buf[1] );
   \                     ??CrossCallReturnLabel_5:
   \   00005B   2413         ADD     A,#0x13
   \   00005D   12....       LCALL   ??Subroutine135_0 & 0xFFFF
   1846            buf += 2;
   1847            
   1848            cmd->averageLoadAdjustmentPercentage = *buf++;
   \                     ??CrossCallReturnLabel_328:
   \   000060   C0E0         PUSH    A
   \   000062   E5..         MOV     A,?V0 + 0
   \   000064   2415         ADD     A,#0x15
   \   000066   12....       LCALL   ??Subroutine128_0 & 0xFFFF
   \                     ??CrossCallReturnLabel_304:
   \   000069   D0E0         POP     A
   \   00006B   12....       LCALL   ?Subroutine18 & 0xFFFF
   1849            cmd->dutyCycle = *buf++;
   \                     ??CrossCallReturnLabel_20:
   \   00006E   C0E0         PUSH    A
   \   000070   E5..         MOV     A,?V0 + 0
   \   000072   2416         ADD     A,#0x16
   \   000074   12....       LCALL   ??Subroutine128_0 & 0xFFFF
   \                     ??CrossCallReturnLabel_305:
   \   000077   D0E0         POP     A
   \   000079   12....       LCALL   ?Subroutine23 & 0xFFFF
   1850            cmd->eventControl = *buf++;
   \                     ??CrossCallReturnLabel_35:
   \   00007C   E0           MOVX    A,@DPTR
   \   00007D   C0E0         PUSH    A
   \   00007F   E5..         MOV     A,?V0 + 0
   \   000081   2417         ADD     A,#0x17
   \   000083   12....       LCALL   ??Subroutine128_0 & 0xFFFF
   \                     ??CrossCallReturnLabel_306:
   \   000086   D0E0         POP     A
   \   000088   F0           MOVX    @DPTR,A
   1851              
   1852            return;
   \   000089   02....       LJMP    ??Subroutine126_0 & 0xFFFF
   1853            
   1854          }

   \                                 In  segment BANKED_CODE, align 1, keep-with-next
   \                     ?Subroutine67:
   \   000000   8A..         MOV     ?V0 + 0,R2
   \   000002   8B..         MOV     ?V0 + 1,R3
   \   000004   EC           MOV     A,R4
   \   000005   FE           MOV     R6,A
   \   000006   ED           MOV     A,R5
   \   000007   FF           MOV     R7,A
   \   000008                ; Setup parameters for call to function osal_build_uint32
   \   000008                ; Setup parameters for call to function osal_build_uint32
   \   000008                ; Setup parameters for call to function osal_build_uint32
   \   000008                REQUIRE ??Subroutine134_0
   \   000008                ; // Fall through to label ??Subroutine134_0

   \                                 In  segment BANKED_CODE, align 1, keep-with-next
   \                     ??Subroutine134_0:
   \   000000   7904         MOV     R1,#0x4
   \   000002   EE           MOV     A,R6
   \   000003   FA           MOV     R2,A
   \   000004   EF           MOV     A,R7
   \   000005   FB           MOV     R3,A
   \   000006   12....       LCALL   ?Subroutine101 & 0xFFFF
   \                     ??CrossCallReturnLabel_324:
   \   000009   22           RET

   \                                 In  segment BANKED_CODE, align 1, keep-with-next
   \                     ?Subroutine101:
   \   000000   12....       LCALL   ??osal_build_uint32?relay
   \   000003   85..82       MOV     DPL,?V0 + 0
   \   000006   85..83       MOV     DPH,?V0 + 1
   \   000009   22           RET

   \                                 In  segment BANKED_CODE, align 1, keep-with-next
   \                     ?Subroutine10:
   \   000000   240C         ADD     A,#0xc
   \   000002                REQUIRE ??Subroutine135_0
   \   000002                ; // Fall through to label ??Subroutine135_0

   \                                 In  segment BANKED_CODE, align 1, keep-with-next
   \                     ??Subroutine135_0:
   \   000000   F582         MOV     DPL,A
   \   000002   E5..         MOV     A,?V0 + 1
   \   000004                REQUIRE ??Subroutine136_0
   \   000004                ; // Fall through to label ??Subroutine136_0

   \                                 In  segment BANKED_CODE, align 1, keep-with-next
   \                     ?Subroutine66:
   \   000000   12....       LCALL   ?Subroutine92 & 0xFFFF
   \                     ??CrossCallReturnLabel_139:
   \   000003   A3           INC     DPTR
   \   000004   A3           INC     DPTR
   \   000005   A3           INC     DPTR
   \   000006   A3           INC     DPTR
   \   000007   22           RET

   \                                 In  segment BANKED_CODE, align 1, keep-with-next
   \                     ?Subroutine56:
   \   000000   12....       LCALL   ?Subroutine88 & 0xFFFF
   \                     ??CrossCallReturnLabel_134:
   \   000003                ; Setup parameters for call to function osal_build_uint32
   \   000003                ; Setup parameters for call to function osal_build_uint32
   \   000003   7903         MOV     R1,#0x3
   \   000005   EE           MOV     A,R6
   \   000006   FA           MOV     R2,A
   \   000007   EF           MOV     A,R7
   \   000008   FB           MOV     R3,A
   \   000009   12....       LCALL   ?Subroutine92 & 0xFFFF
   \                     ??CrossCallReturnLabel_140:
   \   00000C   22           RET

   \                                 In  segment BANKED_CODE, align 1, keep-with-next
   \                     ?Subroutine92:
   \   000000   12....       LCALL   ?Subroutine101 & 0xFFFF
   \                     ??CrossCallReturnLabel_325:
   \   000003   A3           INC     DPTR
   \   000004   A3           INC     DPTR
   \   000005   A3           INC     DPTR
   \   000006   A3           INC     DPTR
   \   000007   22           RET

   \                                 In  segment BANKED_CODE, align 1, keep-with-next
   \                     ?Subroutine18:
   \   000000   12....       LCALL   ?Subroutine74 & 0xFFFF
   \                     ??CrossCallReturnLabel_124:
   \   000003   22           RET

   \                                 In  segment BANKED_CODE, align 1, keep-with-next
   \                     ?Subroutine74:
   \   000000   12....       LCALL   ?Subroutine99 & 0xFFFF
   \                     ??CrossCallReturnLabel_146:
   \   000003   E0           MOVX    A,@DPTR
   \   000004   22           RET

   \                                 In  segment BANKED_CODE, align 1, keep-with-next
   \                     ?Subroutine17:
   \   000000   12....       LCALL   ?Subroutine74 & 0xFFFF
   \                     ??CrossCallReturnLabel_125:
   \   000003   FA           MOV     R2,A
   \   000004   A3           INC     DPTR
   \   000005   E0           MOVX    A,@DPTR
   \   000006   F9           MOV     R1,A
   \   000007   EA           MOV     A,R2
   \   000008   22           RET

   \                                 In  segment BANKED_CODE, align 1, keep-with-next
   \                     ?Subroutine9:
   \   000000   12....       LCALL   ?Subroutine72 & 0xFFFF
   \                     ??CrossCallReturnLabel_331:
   \   000003   FA           MOV     R2,A
   \   000004   A3           INC     DPTR
   \   000005   E0           MOVX    A,@DPTR
   \   000006   F9           MOV     R1,A
   \   000007   EA           MOV     A,R2
   \   000008   F8           MOV     R0,A
   \   000009   E5..         MOV     A,?V0 + 0
   \   00000B   22           RET
   1855          
   1856          /*********************************************************************
   1857           * @fn      zclSE_ParseInCmd_CancelLoadControlEvent
   1858           *
   1859           * @brief   Parse received Cancel Load Control Event Command.
   1860           *
   1861           * @param   cmd - pointer to the output data struct
   1862           * @param   buf - pointer to the input data buffer
   1863           * @param   len - length of the input buffer
   1864           *
   1865           */

   \                                 In  segment BANKED_CODE, align 1, keep-with-next
   1866          void zclSE_ParseInCmd_CancelLoadControlEvent( zclCCCancelLoadControlEvent_t *cmd, uint8 *buf, uint8 len )
   \                     zclSE_ParseInCmd_CancelLoadControlEvent:
   1867          {
   \   000000   74F6         MOV     A,#-0xa
   \   000002   12....       LCALL   ?BANKED_ENTER_XDATA
   \   000005                ; Saved register size: 10
   \   000005                ; Auto size: 0
   \   000005   12....       LCALL   ?Subroutine67 & 0xFFFF
   1868            (void)len;  // Intentionally unreferenced parameter
   1869            
   1870            // Maybe add checking for buffer length later
   1871            // Skipped right now to leave MT input to guarantee 
   1872            // proper buffer length
   1873            cmd->issuerEventID = osal_build_uint32( buf, 4 );
   \                     ??CrossCallReturnLabel_321:
   \   000008   12....       LCALL   ?XSTORE_R2345
   1874            buf += 4;
   \   00000B   12....       LCALL   ?Subroutine56 & 0xFFFF
   1875            
   1876            cmd->deviceGroupClass = osal_build_uint32( buf, 3 );
   \                     ??CrossCallReturnLabel_100:
   \   00000E   12....       LCALL   ?XSTORE_R2345
   1877            buf += 3;
   \   000011   EE           MOV     A,R6
   \   000012   2403         ADD     A,#0x3
   \   000014   0E           INC     R6
   \   000015   0E           INC     R6
   \   000016   0E           INC     R6
   \   000017   12....       LCALL   ??Subroutine138_0 & 0xFFFF
   1878            
   1879            cmd->cancelControl = *buf++;
   \                     ??CrossCallReturnLabel_340:
   \   00001A   12....       LCALL   ?Subroutine23 & 0xFFFF
   1880            cmd->effectiveTime = osal_build_uint32( buf, 4 );
   \                     ??CrossCallReturnLabel_36:
   \   00001D                ; Setup parameters for call to function osal_build_uint32
   \   00001D   7904         MOV     R1,#0x4
   \   00001F   AA82         MOV     R2,DPL
   \   000021   AB83         MOV     R3,DPH
   \   000023   12....       LCALL   ?Subroutine66 & 0xFFFF
   \                     ??CrossCallReturnLabel_116:
   \   000026   A3           INC     DPTR
   \   000027   12....       LCALL   ?XSTORE_R2345
   1881             
   1882            return;
   \   00002A   02....       LJMP    ??Subroutine126_0 & 0xFFFF
   1883            
   1884          }

   \                                 In  segment BANKED_CODE, align 1, keep-with-next
   \                     ??Subroutine138_0:
   \   000000   12....       LCALL   ??Subroutine130_0 & 0xFFFF
   \                     ??CrossCallReturnLabel_347:
   \   000003   12....       LCALL   ?Subroutine81 & 0xFFFF
   \                     ??CrossCallReturnLabel_342:
   \   000006   A3           INC     DPTR
   \   000007   A3           INC     DPTR
   \   000008   A3           INC     DPTR
   \   000009   22           RET
   1885          
   1886          /*********************************************************************
   1887           * @fn      zclSE_ParseInCmd_ReportEventStatus
   1888           *
   1889           * @brief   Parse received Report Event Status.
   1890           *
   1891           * @param   cmd - pointer to the output data struct
   1892           * @param   buf - pointer to the input data buffer
   1893           * @param   len - length of the input buffer
   1894           *
   1895           */

   \                                 In  segment BANKED_CODE, align 1, keep-with-next
   1896          void zclSE_ParseInCmd_ReportEventStatus( zclCCReportEventStatus_t *cmd, uint8 *buf, uint8 len )
   \                     zclSE_ParseInCmd_ReportEventStatus:
   1897          {
   \   000000   74F1         MOV     A,#-0xf
   \   000002   12....       LCALL   ?BANKED_ENTER_XDATA
   \   000005                ; Saved register size: 15
   \   000005                ; Auto size: 0
   \   000005   12....       LCALL   ?Subroutine67 & 0xFFFF
   1898            (void)len;  // Intentionally unreferenced parameter
   1899            
   1900            // Maybe add checking for buffer length later
   1901            // Skipped right now to leave MT input to guarantee 
   1902            // proper buffer length
   1903            cmd->issuerEventID = osal_build_uint32( buf, 4 );
   \                     ??CrossCallReturnLabel_322:
   \   000008   12....       LCALL   ?XSTORE_R2345
   1904            buf += 4;
   \   00000B   12....       LCALL   ?Subroutine33 & 0xFFFF
   1905            
   1906            cmd->eventStatus = *buf++;
   \                     ??CrossCallReturnLabel_338:
   \   00000E   12....       LCALL   ?Subroutine22 & 0xFFFF
   1907            
   1908            cmd->eventStartTime = osal_build_uint32( buf, 4 );
   \                     ??CrossCallReturnLabel_33:
   \   000011                ; Setup parameters for call to function osal_build_uint32
   \   000011   12....       LCALL   ??Subroutine134_0 & 0xFFFF
   \                     ??CrossCallReturnLabel_323:
   \   000014   A3           INC     DPTR
   \   000015   A3           INC     DPTR
   \   000016   A3           INC     DPTR
   \   000017   A3           INC     DPTR
   \   000018   12....       LCALL   ?XSTORE_R2345
   1909            buf += 4;
   \   00001B   12....       LCALL   ?Subroutine33 & 0xFFFF
   1910            
   1911            cmd->criticalityLevelApplied = *buf++;
   \                     ??CrossCallReturnLabel_339:
   \   00001E   A3           INC     DPTR
   \   00001F   12....       LCALL   ?Subroutine17 & 0xFFFF
   1912            cmd->coolingTemperatureSetPointApplied = BUILD_UINT16( buf[0], buf[1] );
   \                     ??CrossCallReturnLabel_18:
   \   000022   85..82       MOV     DPL,?V0 + 0
   \   000025   85..83       MOV     DPH,?V0 + 1
   \   000028   A3           INC     DPTR
   \   000029   A3           INC     DPTR
   \   00002A   A3           INC     DPTR
   \   00002B   A3           INC     DPTR
   \   00002C   A3           INC     DPTR
   \   00002D   A3           INC     DPTR
   \   00002E   A3           INC     DPTR
   \   00002F   A3           INC     DPTR
   \   000030   A3           INC     DPTR
   \   000031   A3           INC     DPTR
   \   000032   12....       LCALL   ?Subroutine9 & 0xFFFF
   1913            buf += 2;
   1914            
   1915            cmd->heatingTemperatureSetPointApplied = BUILD_UINT16( buf[0], buf[1] );
   \                     ??CrossCallReturnLabel_6:
   \   000035   12....       LCALL   ?Subroutine10 & 0xFFFF
   1916            buf += 2;
   1917            
   1918            cmd->averageLoadAdjustment = *buf++;
   \                     ??CrossCallReturnLabel_327:
   \   000038   C0E0         PUSH    A
   \   00003A   E5..         MOV     A,?V0 + 0
   \   00003C   240E         ADD     A,#0xe
   \   00003E   12....       LCALL   ??Subroutine128_0 & 0xFFFF
   \                     ??CrossCallReturnLabel_307:
   \   000041   D0E0         POP     A
   \   000043   12....       LCALL   ?Subroutine18 & 0xFFFF
   1919            cmd->dutyCycleApplied = *buf++;
   \                     ??CrossCallReturnLabel_21:
   \   000046   C0E0         PUSH    A
   \   000048   E5..         MOV     A,?V0 + 0
   \   00004A   240F         ADD     A,#0xf
   \   00004C   12....       LCALL   ??Subroutine128_0 & 0xFFFF
   \                     ??CrossCallReturnLabel_308:
   \   00004F   D0E0         POP     A
   \   000051   12....       LCALL   ?Subroutine18 & 0xFFFF
   1920            cmd->eventControl = *buf++;
   \                     ??CrossCallReturnLabel_22:
   \   000054   C0E0         PUSH    A
   \   000056   12....       LCALL   ?Subroutine62 & 0xFFFF
   \                     ??CrossCallReturnLabel_312:
   \   000059   D0E0         POP     A
   \   00005B   12....       LCALL   ?Subroutine18 & 0xFFFF
   1921            cmd->signatureType = *buf++;
   \                     ??CrossCallReturnLabel_23:
   \   00005E   C0E0         PUSH    A
   \   000060   E5..         MOV     A,?V0 + 0
   \   000062   2411         ADD     A,#0x11
   \   000064   12....       LCALL   ??Subroutine128_0 & 0xFFFF
   \                     ??CrossCallReturnLabel_309:
   \   000067   D0E0         POP     A
   \   000069   12....       LCALL   ?Subroutine23 & 0xFFFF
   \                     ??CrossCallReturnLabel_37:
   \   00006C   0E           INC     R6
   \   00006D   AF83         MOV     R7,DPH
   1922            
   1923            osal_memcpy( cmd->signature, buf, SE_PROFILE_SIGNATURE_LENGTH );
   \   00006F                ; Setup parameters for call to function osal_memcpy
   \   00006F   8E..         MOV     ?V0 + 4,R6
   \   000071   8F..         MOV     ?V0 + 5,R7
   \   000073   75..00       MOV     ?V0 + 6,#0x0
   \   000076   78..         MOV     R0,#?V0 + 4
   \   000078   12....       LCALL   ?PUSH_XSTACK_I_THREE
   \   00007B   7C2A         MOV     R4,#0x2a
   \   00007D   7D00         MOV     R5,#0x0
   \   00007F   E5..         MOV     A,?V0 + 0
   \   000081   2412         ADD     A,#0x12
   \   000083   FA           MOV     R2,A
   \   000084   E5..         MOV     A,?V0 + 1
   \   000086   3400         ADDC    A,#0x0
   \   000088   FB           MOV     R3,A
   \   000089   12....       LCALL   ??osal_memcpy?relay
   \   00008C   7403         MOV     A,#0x3
   \   00008E                REQUIRE ?Subroutine0
   \   00008E                ; // Fall through to label ?Subroutine0
   1924            
   1925            return;
   1926            
   1927          }

   \                                 In  segment BANKED_CODE, align 1, keep-with-next
   \                     ?Subroutine33:
   \   000000   EE           MOV     A,R6
   \   000001   2404         ADD     A,#0x4
   \   000003   FE           MOV     R6,A
   \   000004                REQUIRE ??Subroutine138_0
   \   000004                ; // Fall through to label ??Subroutine138_0

   \                                 In  segment BANK_RELAYS, align 1
   \                     ??zclSE_SimpleMetering_Send_GetProfileCmd?relay:
   \   000000   12....       LCALL   ?BDISPATCH
   \   000003   ......       DC24    zclSE_SimpleMetering_Send_GetProfileCmd

   \                                 In  segment BANK_RELAYS, align 1
   \                     ??zclSE_SimpleMetering_Send_GetProfileRsp?relay:
   \   000000   12....       LCALL   ?BDISPATCH
   \   000003   ......       DC24    zclSE_SimpleMetering_Send_GetProfileRsp

   \                                 In  segment BANK_RELAYS, align 1
   \                     ??zclSE_SimpleMetering_Send_ReqMirrorRsp?relay:
   \   000000   12....       LCALL   ?BDISPATCH
   \   000003   ......       DC24    zclSE_SimpleMetering_Send_ReqMirrorRsp

   \                                 In  segment BANK_RELAYS, align 1
   \                     ??zclSE_SimpleMetering_Send_RemMirrorRsp?relay:
   \   000000   12....       LCALL   ?BDISPATCH
   \   000003   ......       DC24    zclSE_SimpleMetering_Send_RemMirrorRsp

   \                                 In  segment BANK_RELAYS, align 1
   \                     ??zclSE_Pricing_Send_GetScheduledPrice?relay:
   \   000000   12....       LCALL   ?BDISPATCH
   \   000003   ......       DC24    zclSE_Pricing_Send_GetScheduledPrice

   \                                 In  segment BANK_RELAYS, align 1
   \                     ??zclSE_Pricing_Send_PublishPrice?relay:
   \   000000   12....       LCALL   ?BDISPATCH
   \   000003   ......       DC24    zclSE_Pricing_Send_PublishPrice

   \                                 In  segment BANK_RELAYS, align 1
   \                     ??zclSE_Message_Send_DisplayMessage?relay:
   \   000000   12....       LCALL   ?BDISPATCH
   \   000003   ......       DC24    zclSE_Message_Send_DisplayMessage

   \                                 In  segment BANK_RELAYS, align 1
   \                     ??zclSE_Message_Send_CancelMessage?relay:
   \   000000   12....       LCALL   ?BDISPATCH
   \   000003   ......       DC24    zclSE_Message_Send_CancelMessage

   \                                 In  segment BANK_RELAYS, align 1
   \                     ??zclSE_Message_Send_MessageConfirmation?relay:
   \   000000   12....       LCALL   ?BDISPATCH
   \   000003   ......       DC24    zclSE_Message_Send_MessageConfirmation

   \                                 In  segment BANK_RELAYS, align 1
   \                     ??zclSE_LoadControl_Send_LoadControlEvent?relay:
   \   000000   12....       LCALL   ?BDISPATCH
   \   000003   ......       DC24    zclSE_LoadControl_Send_LoadControlEvent

   \                                 In  segment BANK_RELAYS, align 1
   \                     ??zclSE_LoadControl_Send_CancelLoadControlEvent:
   \   000000   12....       LCALL   ?BDISPATCH
   \   000003   ......       DC24    zclSE_LoadControl_Send_CancelLoadControlEvent

   \                                 In  segment BANK_RELAYS, align 1
   \                     ??zclSE_LoadControl_Send_ReportEventStatus?rela:
   \   000000   12....       LCALL   ?BDISPATCH
   \   000003   ......       DC24    zclSE_LoadControl_Send_ReportEventStatus

   \                                 In  segment BANK_RELAYS, align 1
   \                     ??zclSE_LoadControl_Send_GetScheduledEvent?rela:
   \   000000   12....       LCALL   ?BDISPATCH
   \   000003   ......       DC24    zclSE_LoadControl_Send_GetScheduledEvent

   \                                 In  segment BANK_RELAYS, align 1
   \                     ??zclSE_RegisterCmdCallbacks?relay:
   \   000000   12....       LCALL   ?BDISPATCH
   \   000003   ......       DC24    zclSE_RegisterCmdCallbacks

   \                                 In  segment BANK_RELAYS, align 1
   \                     ??zclSE_HdlIncoming?relay:
   \   000000   12....       LCALL   ?BDISPATCH
   \   000003   ......       DC24    zclSE_HdlIncoming

   \                                 In  segment BANK_RELAYS, align 1
   \                     ??zclSE_HdlInSpecificCommands?relay:
   \   000000   12....       LCALL   ?BDISPATCH
   \   000003   ......       DC24    zclSE_HdlInSpecificCommands

   \                                 In  segment BANK_RELAYS, align 1
   \                     ??zclSE_ProcessInSimpleMeteringCmds?relay:
   \   000000   12....       LCALL   ?BDISPATCH
   \   000003   ......       DC24    zclSE_ProcessInSimpleMeteringCmds

   \                                 In  segment BANK_RELAYS, align 1
   \                     ??zclSE_ProcessInCmd_SimpleMeter_GetProfileRsp?:
   \   000000   12....       LCALL   ?BDISPATCH
   \   000003   ......       DC24    zclSE_ProcessInCmd_SimpleMeter_GetProfileRsp

   \                                 In  segment BANK_RELAYS, align 1
   \                     ??zclSE_ProcessInPricingCmds?relay:
   \   000000   12....       LCALL   ?BDISPATCH
   \   000003   ......       DC24    zclSE_ProcessInPricingCmds

   \                                 In  segment BANK_RELAYS, align 1
   \                     ??zclSE_ProcessInCmd_Pricing_PublishPrice?relay:
   \   000000   12....       LCALL   ?BDISPATCH
   \   000003   ......       DC24    zclSE_ProcessInCmd_Pricing_PublishPrice

   \                                 In  segment BANK_RELAYS, align 1
   \                     ??zclSE_ProcessInMessageCmds?relay:
   \   000000   12....       LCALL   ?BDISPATCH
   \   000003   ......       DC24    zclSE_ProcessInMessageCmds

   \                                 In  segment BANK_RELAYS, align 1
   \                     ??zclSE_ProcessInCmd_Message_DisplayMessage?rel:
   \   000000   12....       LCALL   ?BDISPATCH
   \   000003   ......       DC24    zclSE_ProcessInCmd_Message_DisplayMessage

   \                                 In  segment BANK_RELAYS, align 1
   \                     ??zclSE_ProcessInLoadControlCmds?relay:
   \   000000   12....       LCALL   ?BDISPATCH
   \   000003   ......       DC24    zclSE_ProcessInLoadControlCmds

   \                                 In  segment BANK_RELAYS, align 1
   \                     ??zclSE_ProcessInCmd_LoadControl_LoadControlEve:
   \   000000   12....       LCALL   ?BDISPATCH
   \   000003   ......       DC24    zclSE_ProcessInCmd_LoadControl_LoadControlEvent

   \                                 In  segment BANK_RELAYS, align 1
   \                     ??zclSE_ProcessInCmd_LoadControl_ReportEventSta:
   \   000000   12....       LCALL   ?BDISPATCH
   \   000003   ......       DC24    zclSE_ProcessInCmd_LoadControl_ReportEventStatus

   \                                 In  segment BANK_RELAYS, align 1
   \                     ??zclSE_ParseInCmd_PublishPrice?relay:
   \   000000   12....       LCALL   ?BDISPATCH
   \   000003   ......       DC24    zclSE_ParseInCmd_PublishPrice

   \                                 In  segment BANK_RELAYS, align 1
   \                     ??zclSE_ParseInCmd_DisplayMessage?relay:
   \   000000   12....       LCALL   ?BDISPATCH
   \   000003   ......       DC24    zclSE_ParseInCmd_DisplayMessage

   \                                 In  segment BANK_RELAYS, align 1
   \                     ??zclSE_ParseInCmd_LoadControlEvent?relay:
   \   000000   12....       LCALL   ?BDISPATCH
   \   000003   ......       DC24    zclSE_ParseInCmd_LoadControlEvent

   \                                 In  segment BANK_RELAYS, align 1
   \                     ??zclSE_ParseInCmd_CancelLoadControlEvent?relay:
   \   000000   12....       LCALL   ?BDISPATCH
   \   000003   ......       DC24    zclSE_ParseInCmd_CancelLoadControlEvent

   \                                 In  segment BANK_RELAYS, align 1
   \                     ??zclSE_ParseInCmd_ReportEventStatus?relay:
   \   000000   12....       LCALL   ?BDISPATCH
   \   000003   ......       DC24    zclSE_ParseInCmd_ReportEventStatus
   1928          #endif
   1929          /********************************************************************************************
   1930          *********************************************************************************************/

   Maximum stack usage in bytes:

     Function                       ISTACK PSTACK XSTACK
     --------                       ------ ------ ------
     zclSE_HdlInSpecificCommands        0      0     10
       -> zclSE_ProcessInSimpleMeteringCmds
                                        0      0     20
       -> zclSE_ProcessInPricingCmds
                                        0      0     20
       -> zclSE_ProcessInMessageCmds
                                        0      0     20
       -> zclSE_ProcessInLoadControlCmds
                                        0      0     20
     zclSE_HdlIncoming                  2      0      0
       -> zclSE_HdlInSpecificCommands
                                        4      0      0
     zclSE_LoadControl_Send_CancelLoadControlEvent
                                        1      0     40
       -> osal_buffer_uint32            0      0     64
       -> osal_buffer_uint24            0      0     64
       -> osal_buffer_uint32            0      0     64
       -> zcl_SendCommand               0      0     76
     zclSE_LoadControl_Send_GetScheduledEvent
                                        1      0     33
       -> osal_buffer_uint32            0      0     50
       -> zcl_SendCommand               0      0     62
     zclSE_LoadControl_Send_LoadControlEvent
                                        1      0     29
       -> osal_mem_alloc                0      0     34
       -> osal_buffer_uint32            0      0     42
       -> osal_buffer_uint24            0      0     42
       -> osal_buffer_uint32            0      0     42
       -> zcl_SendCommand               0      0     54
       -> osal_mem_free                 0      0     34
     zclSE_LoadControl_Send_ReportEventStatus
                                        1      0     29
       -> osal_mem_alloc                0      0     34
       -> osal_buffer_uint32            0      0     42
       -> osal_buffer_uint32            0      0     42
       -> zclGeneral_KeyEstablishment_ECDSASign
                                        0      0     34
       -> zcl_SendCommand               0      0     54
       -> osal_mem_free                 0      0     34
     zclSE_Message_Send_CancelMessage
                                        1      0     36
       -> osal_buffer_uint32            0      0     50
       -> zcl_SendCommand               0      0     62
     zclSE_Message_Send_DisplayMessage
                                        1      0     29
       -> osal_mem_alloc                0      0     34
       -> osal_buffer_uint32            0      0     42
       -> osal_buffer_uint32            0      0     42
       -> osal_memcpy                   0      0     40
       -> zcl_SendCommand               0      0     54
       -> osal_mem_free                 0      0     34
     zclSE_Message_Send_MessageConfirmation
                                        1      0     45
       -> osal_buffer_uint32            0      0     62
       -> osal_buffer_uint32            0      0     62
       -> zcl_SendCommand               0      0     74
     zclSE_ParseInCmd_CancelLoadControlEvent
                                        1      0     43
       -> osal_build_uint32             0      0     20
       -> osal_build_uint32             0      0     20
       -> osal_build_uint32             0      0     20
     zclSE_ParseInCmd_DisplayMessage
                                        1      0     44
       -> osal_build_uint32             0      0     30
       -> osal_build_uint32             0      0     30
       -> osal_mem_alloc                0      0     30
       -> osal_memcpy                   0      0     36
     zclSE_ParseInCmd_LoadControlEvent
                                        1      0     47
       -> osal_build_uint32             0      0     20
       -> osal_build_uint32             0      0     20
       -> osal_build_uint32             0      0     20
     zclSE_ParseInCmd_PublishPrice      1      0     65
       -> osal_build_uint32             0      0     32
       -> osal_build_uint32             0      0     32
       -> osal_build_uint32             0      0     32
       -> osal_build_uint32             0      0     32
       -> osal_build_uint32             0      0     32
       -> osal_build_uint32             0      0     32
       -> osal_mem_alloc                0      0     32
       -> osal_memcpy                   0      0     38
     zclSE_ParseInCmd_ReportEventStatus
                                        1      0     88
       -> osal_build_uint32             0      0     30
       -> osal_build_uint32             0      0     30
       -> osal_memcpy                   0      0     36
     zclSE_Pricing_Send_GetScheduledPrice
                                        1      0     33
       -> osal_buffer_uint32            0      0     50
       -> zcl_SendCommand               0      0     62
     zclSE_Pricing_Send_PublishPrice
                                        1      0     31
       -> osal_mem_alloc                0      0     38
       -> osal_buffer_uint32            0      0     46
       -> osal_memcpy                   0      0     44
       -> osal_buffer_uint32            0      0     46
       -> osal_buffer_uint32            0      0     46
       -> osal_buffer_uint32            0      0     46
       -> osal_buffer_uint32            0      0     46
       -> osal_buffer_uint32            0      0     46
       -> zcl_SendCommand               0      0     58
       -> osal_mem_free                 0      0     38
     zclSE_ProcessInCmd_LoadControl_LoadControlEvent
                                        0      0     71
       -> zclSE_ParseInCmd_LoadControlEvent
                                        0      0     74
     zclSE_ProcessInCmd_LoadControl_ReportEventStatus
                                        0      0    103
       -> zclSE_ParseInCmd_ReportEventStatus
                                        0      0    140
     zclSE_ProcessInCmd_Message_DisplayMessage
                                        0      0     55
       -> zclSE_ParseInCmd_DisplayMessage
                                        0      0     52
       -> osal_mem_free                 0      0     52
     zclSE_ProcessInCmd_Pricing_PublishPrice
                                        0      0     66
       -> zclSE_ParseInCmd_PublishPrice
                                        0      0     92
       -> osal_mem_free                 0      0     92
       -> osal_mem_free                 0      0     92
     zclSE_ProcessInCmd_SimpleMeter_GetProfileRsp
                                        1      0     47
       -> osal_build_uint32             0      0     50
       -> osal_mem_alloc                0      0     50
       -> osal_build_uint32             0      0     50
       -> osal_mem_free                 0      0     50
     zclSE_ProcessInLoadControlCmds     1      0     43
       -> zclSE_ProcessInCmd_LoadControl_ReportEventStatus
                                        0      0     66
       -> osal_build_uint32             0      0     66
       -> zclSE_ProcessInCmd_LoadControl_LoadControlEvent
                                        0      0     66
       -> zclSE_ParseInCmd_CancelLoadControlEvent
                                        0      0     66
     zclSE_ProcessInMessageCmds         1      0     39
       -> osal_build_uint32             0      0     58
       -> osal_build_uint32             0      0     58
       -> zclSE_ProcessInCmd_Message_DisplayMessage
                                        0      0     58
       -> osal_build_uint32             0      0     58
     zclSE_ProcessInPricingCmds         1      0     30
       -> osal_build_uint32             0      0     40
       -> zclSE_ProcessInCmd_Pricing_PublishPrice
                                        0      0     40
     zclSE_ProcessInSimpleMeteringCmds
                                        1      0     32
       -> osal_build_uint32             0      0     44
       -> zclSE_ProcessInCmd_SimpleMeter_GetProfileRsp
                                        0      0     44
     zclSE_RegisterCmdCallbacks         1      0     14
       -> zcl_registerPlugin            0      0     28
       -> osal_mem_alloc                0      0     24
     zclSE_SimpleMetering_Send_GetProfileCmd
                                        1      0     39
       -> osal_buffer_uint32            0      0     54
       -> zcl_SendCommand               0      0     66
     zclSE_SimpleMetering_Send_GetProfileRsp
                                        1      0     41
       -> osal_mem_alloc                0      0     44
       -> osal_buffer_uint32            0      0     52
       -> osal_buffer_uint24            0      0     52
       -> zcl_SendCommand               0      0     64
       -> osal_mem_free                 0      0     44
     zclSE_SimpleMetering_Send_RemMirrorRsp
                                        1      0     24
       -> zcl_SendCommand               0      0     44
     zclSE_SimpleMetering_Send_ReqMirrorRsp
                                        1      0     24
       -> zcl_SendCommand               0      0     44


   Segment part sizes:

     Function/Label                                  Bytes
     --------------                                  -----
     zclSECBs                                           2
     zclSEPluginRegisted                                1
     zclSE_SimpleMetering_Send_GetProfileCmd
                                                      166
     ?Subroutine97                                      6
     ?Subroutine52                                      4
     ??Subroutine113_0                                  6
     ?Subroutine41                                     11
     ?Subroutine76                                      6
     ??Subroutine127_0                                  6
     ?Subroutine0                                       3
     ??Subroutine137_0                                  5
     zclSE_SimpleMetering_Send_GetProfileRsp
                                                      282
     ?Subroutine65                                      6
     ??Subroutine103_0                                  6
     ?Subroutine42                                      4
     ?Subroutine81                                      5
     ?Subroutine94                                     12
     ??Subroutine109_0                                  3
     ??Subroutine110_0                                  5
     ?Subroutine38                                      8
     ?Subroutine48                                      4
     ?Subroutine53                                     13
     ?Subroutine88                                      9
     zclSE_SimpleMetering_Send_ReqMirrorRsp
                                                       89
     ?Subroutine8                                       1
     ??Subroutine104_0                                 16
     ?Subroutine40                                     13
     ?Subroutine55                                      1
     ??Subroutine112_0                                  6
     ?Subroutine2                                      18
     ??Subroutine125_0                                  3
     ??Subroutine126_0                                  5
     zclSE_SimpleMetering_Send_RemMirrorRsp
                                                       92
     zclSE_Pricing_Send_GetScheduledPrice
                                                      136
     ?Subroutine1                                       8
     ??Subroutine108_0                                  8
     ?Subroutine16                                     16
     zclSE_Pricing_Send_PublishPrice
                                                      313
     ?Subroutine35                                      6
     ??Subroutine105_0                                 10
     ?Subroutine15                                      3
     ??Subroutine106_0                                  5
     ?Subroutine100                                     3
     ??Subroutine107_0                                  5
     ?Subroutine54                                     16
     ?Subroutine46                                      6
     ?Subroutine43                                     13
     ?Subroutine24                                      9
     ?Subroutine20                                      4
     ?Subroutine71                                      3
     ??Subroutine111_0                                  9
     ?Subroutine7                                      21
     ?Subroutine82                                      9
     ?Subroutine49                                      7
     ?Subroutine96                                      7
     ?Subroutine19                                      5
     ?Subroutine73                                     19
     ?Subroutine4                                       1
     ??Subroutine114_0                                 22
     ??Subroutine129_0                                  4
     ?Subroutine60                                     10
     ?Subroutine90                                      9
     zclSE_Message_Send_DisplayMessage
                                                      260
     ?Subroutine14                                      7
     ?Subroutine3                                       8
     zclSE_Message_Send_CancelMessage
                                                      133
     zclSE_Message_Send_MessageConfirmation
                                                      180
     zclSE_LoadControl_Send_LoadControlEvent
                                                      230
     ?Subroutine6                                      18
     zclSE_LoadControl_Send_CancelLoadControlEvent
                                                      184
     zclSE_LoadControl_Send_ReportEventStatus
                                                      216
     zclSE_LoadControl_Send_GetScheduledEvent
                                                      136
     zclSE_RegisterCmdCallbacks                       143
     ?Subroutine36                                      6
     ??Subroutine132_0                                  1
     ??Subroutine133_0                                  6
     zclSE_HdlIncoming                                 37
     zclSE_HdlInSpecificCommands                      118
     ?Subroutine45                                      4
     ?Subroutine83                                      7
     zclSE_ProcessInSimpleMeteringCmds
                                                      352
     ?Subroutine64                                      3
     ??Subroutine115_0                                  5
     ?Subroutine30                                      3
     ??Subroutine116_0                                  4
     ?Subroutine77                                     14
     ?Subroutine51                                     10
     ?Subroutine44                                      9
     ?Subroutine37                                     14
     ??Subroutine118_0                                 10
     ?Subroutine84                                      7
     ??Subroutine120_0                                  4
     ?Subroutine95                                      7
     ??Subroutine122_0                                  5
     ?Subroutine93                                     10
     ??Subroutine123_0                                  4
     ??Subroutine124_0                                  9
     ??Subroutine131_0                                  7
     zclSE_ProcessInCmd_SimpleMeter_GetProfileRsp
                                                      284
     ?Subroutine39                                     10
     ??Subroutine119_0                                  4
     ?Subroutine79                                      6
     ?Subroutine98                                     12
     ??Subroutine121_0                                  2
     ?Subroutine86                                      7
     ?Subroutine68                                      8
     ?Subroutine26                                      7
     zclSE_ProcessInPricingCmds                       124
     ?Subroutine5                                      10
     ??Subroutine117_0                                 10
     ?Subroutine31                                      6
     ?Subroutine27                                     10
     ?Subroutine63                                     12
     ?Subroutine59                                     14
     ?Subroutine91                                     11
     ?Subroutine47                                     14
     ?Subroutine11                                      6
     ?Subroutine70                                     14
     ?Subroutine32                                     10
     ?Subroutine80                                      6
     zclSE_ProcessInCmd_Pricing_PublishPrice
                                                      118
     ?Subroutine28                                     15
     ?Subroutine85                                      6
     ?Subroutine78                                     24
     ?Subroutine62                                      4
     ??Subroutine128_0                                  4
     zclSE_ProcessInMessageCmds                       253
     ?Subroutine34                                      6
     ?Subroutine13                                     11
     zclSE_ProcessInCmd_Message_DisplayMessage
                                                       71
     ?Subroutine29                                     14
     zclSE_ProcessInLoadControlCmds                   199
     zclSE_ProcessInCmd_LoadControl_LoadControlEvent
                                                      328
     zclSE_ProcessInCmd_LoadControl_ReportEventStatus
                                                      172
     zclSE_ParseInCmd_PublishPrice                    363
     ?Subroutine69                                     16
     ?Subroutine58                                      9
     ?Subroutine57                                      5
     ?Subroutine87                                      4
     ??Subroutine130_0                                  9
     ?Subroutine50                                      3
     ?Subroutine12                                     15
     ?Subroutine61                                      9
     ?Subroutine89                                     11
     ?Subroutine21                                      5
     ??Subroutine136_0                                  8
     ?Subroutine72                                     19
     ?Subroutine23                                      4
     ?Subroutine102                                     7
     ?Subroutine22                                      4
     ?Subroutine75                                      8
     ?Subroutine99                                      7
     zclSE_ParseInCmd_DisplayMessage
                                                      257
     ?Subroutine25                                      3
     zclSE_ParseInCmd_LoadControlEvent
                                                      140
     ?Subroutine67                                      8
     ??Subroutine134_0                                 10
     ?Subroutine101                                    10
     ?Subroutine10                                      2
     ??Subroutine135_0                                  4
     ?Subroutine66                                      8
     ?Subroutine56                                     13
     ?Subroutine92                                      8
     ?Subroutine18                                      4
     ?Subroutine74                                      5
     ?Subroutine17                                      9
     ?Subroutine9                                      12
     zclSE_ParseInCmd_CancelLoadControlEvent
                                                       45
     ??Subroutine138_0                                 10
     zclSE_ParseInCmd_ReportEventStatus
                                                      142
     ?Subroutine33                                      4
     ??zclSE_SimpleMetering_Send_GetProfileCmd?relay    6
     ??zclSE_SimpleMetering_Send_GetProfileRsp?relay    6
     ??zclSE_SimpleMetering_Send_ReqMirrorRsp?relay     6
     ??zclSE_SimpleMetering_Send_RemMirrorRsp?relay     6
     ??zclSE_Pricing_Send_GetScheduledPrice?relay       6
     ??zclSE_Pricing_Send_PublishPrice?relay            6
     ??zclSE_Message_Send_DisplayMessage?relay          6
     ??zclSE_Message_Send_CancelMessage?relay           6
     ??zclSE_Message_Send_MessageConfirmation?relay     6
     ??zclSE_LoadControl_Send_LoadControlEvent?relay    6
     ??zclSE_LoadControl_Send_CancelLoadControlEvent    6
     ??zclSE_LoadControl_Send_ReportEventStatus?rela    6
     ??zclSE_LoadControl_Send_GetScheduledEvent?rela    6
     ??zclSE_RegisterCmdCallbacks?relay                 6
     ??zclSE_HdlIncoming?relay                          6
     ??zclSE_HdlInSpecificCommands?relay                6
     ??zclSE_ProcessInSimpleMeteringCmds?relay          6
     ??zclSE_ProcessInCmd_SimpleMeter_GetProfileRsp?    6
     ??zclSE_ProcessInPricingCmds?relay                 6
     ??zclSE_ProcessInCmd_Pricing_PublishPrice?relay    6
     ??zclSE_ProcessInMessageCmds?relay                 6
     ??zclSE_ProcessInCmd_Message_DisplayMessage?rel    6
     ??zclSE_ProcessInLoadControlCmds?relay             6
     ??zclSE_ProcessInCmd_LoadControl_LoadControlEve    6
     ??zclSE_ProcessInCmd_LoadControl_ReportEventSta    6
     ??zclSE_ParseInCmd_PublishPrice?relay              6
     ??zclSE_ParseInCmd_DisplayMessage?relay            6
     ??zclSE_ParseInCmd_LoadControlEvent?relay          6
     ??zclSE_ParseInCmd_CancelLoadControlEvent?relay    6
     ??zclSE_ParseInCmd_ReportEventStatus?relay         6

 
 6 684 bytes in segment BANKED_CODE
   180 bytes in segment BANK_RELAYS
     3 bytes in segment XDATA_Z
 
 6 864 bytes of CODE  memory
     3 bytes of XDATA memory

Errors: none
Warnings: none
