###############################################################################
#                                                                             #
# IAR C/C++ Compiler V8.10.1.10194/W32 for 8051         18/May/2026  13:23:26 #
# Copyright 2004-2011 IAR Systems AB.                                         #
#                                                                             #
#    Core               =  plain                                              #
#    Code model         =  banked                                             #
#    Data model         =  large                                              #
#    Calling convention =  xdata reentrant                                    #
#    Constant location  =  data_rom                                           #
#    Dptr setup         =  1,16                                               #
#    Source file        =  D:\BaiduNetdiskDownload\ZIGBEE¿ª·¢Ì×¼þWiFiÄ£¿éMQTT #
#                          ×ÊÁÏV3.0\3.µ½»õ²âÊÔ´úÂë\Z-StackÍ¸´«\Projects\zstac #
#                          k\Utilities\SerialApp\Source\SerialApp.c           #
#    Command line       =  -f D:\BaiduNetdiskDownload\ZIGBEE¿ª·¢Ì×¼þWiFiÄ£¿éM #
#                          QTT×ÊÁÏV3.0\3.µ½»õ²âÊÔ´úÂë\Z-StackÍ¸´«\Projects\zs #
#                          tack\Utilities\SerialApp\CC2530DB\..\..\..\Tools\C #
#                          C2530DB\f8wCoord.cfg (-DCPU32MHZ                   #
#                          -DROOT=__near_func -DMAC_CFG_APP_PENDING_QUEUE=TRU #
#                          E -DZDO_COORDINATOR -DRTR_NWK -DBLINK_LEDS) -f     #
#                          D:\BaiduNetdiskDownload\ZIGBEE¿ª·¢Ì×¼þWiFiÄ£¿éMQTT #
#                          ×ÊÁÏV3.0\3.µ½»õ²âÊÔ´úÂë\Z-StackÍ¸´«\Projects\zstac #
#                          k\Utilities\SerialApp\CC2530DB\..\..\..\Tools\CC25 #
#                          30DB\f8wConfig.cfg (-DSECURE=0                     #
#                          -DZG_SECURE_DYNAMIC=0 -DREFLECTOR                  #
#                          -DDEFAULT_CHANLIST=0x00000800                      #
#                          -DZDAPP_CONFIG_PAN_ID=0x1223                       #
#                          -DNWK_START_DELAY=100 -DEXTENDED_JOINING_RANDOM_MA #
#                          SK=0x007F -DBEACON_REQUEST_DELAY=100               #
#                          -DBEACON_REQ_DELAY_MASK=0x00FF                     #
#                          -DROUTE_EXPIRY_TIME=30 -DAPSC_ACK_WAIT_DURATION_PO #
#                          LLED=3000 -DNWK_INDIRECT_MSG_TIMEOUT=7             #
#                          -DMAX_RREQ_ENTRIES=8 -DAPSC_MAX_FRAME_RETRIES=3    #
#                          -DNWK_MAX_DATA_RETRIES=2                           #
#                          -DMAX_POLL_FAILURE_RETRIES=2 -DMAX_BCAST=9         #
#                          -DAPS_MAX_GROUPS=16 -DMAX_RTG_ENTRIES=40           #
#                          -DNWK_MAX_BINDING_ENTRIES=4                        #
#                          -DMAX_BINDING_CLUSTER_IDS=4 "-DDEFAULT_KEY={0x01,  #
#                          0x03, 0x05, 0x07, 0x09, 0x0B, 0x0D, 0x0F, 0x00,    #
#                          0x02, 0x04, 0x06, 0x08, 0x0A, 0x0C, 0x0D}"         #
#                          -DMAC_MAX_FRAME_SIZE=116 "-DCONST=const __code"    #
#                          -DGENERIC=__generic -DRFD_RCVC_ALWAYS_ON=FALSE     #
#                          -DPOLL_RATE=1000 -DQUEUED_POLL_RATE=100            #
#                          -DRESPONSE_POLL_RATE=100) -DREJOIN_POLL_RATE=440   #
#                          D:\BaiduNetdiskDownload\ZIGBEE¿ª·¢Ì×¼þWiFiÄ£¿éMQTT #
#                          ×ÊÁÏV3.0\3.µ½»õ²âÊÔ´úÂë\Z-StackÍ¸´«\Projects\zstac #
#                          k\Utilities\SerialApp\Source\SerialApp.c -D        #
#                          ZIGBEEPRO -D HAL_UART=TRUE -D SERIAL_APP_PORT=0    #
#                          -D LCD_SUPPORTED -lC D:\BaiduNetdiskDownload\ZIGBE #
#                          E¿ª·¢Ì×¼þWiFiÄ£¿éMQTT×ÊÁÏV3.0\3.µ½»õ²âÊÔ´úÂë\Z-Sta #
#                          ckÍ¸´«\Projects\zstack\Utilities\SerialApp\CC2530D #
#                          B\CoordinatorEB-Pro\List\ -lA                      #
#                          D:\BaiduNetdiskDownload\ZIGBEE¿ª·¢Ì×¼þWiFiÄ£¿éMQTT #
#                          ×ÊÁÏV3.0\3.µ½»õ²âÊÔ´úÂë\Z-StackÍ¸´«\Projects\zstac #
#                          k\Utilities\SerialApp\CC2530DB\CoordinatorEB-Pro\L #
#                          ist\ --diag_suppress Pe001,Pa010 -o                #
#                          D:\BaiduNetdiskDownload\ZIGBEE¿ª·¢Ì×¼þWiFiÄ£¿éMQTT #
#                          ×ÊÁÏV3.0\3.µ½»õ²âÊÔ´úÂë\Z-StackÍ¸´«\Projects\zstac #
#                          k\Utilities\SerialApp\CC2530DB\CoordinatorEB-Pro\O #
#                          bj\ -e --debug --core=plain --dptr=16,1            #
#                          --data_model=large --code_model=banked             #
#                          --calling_convention=xdata_reentrant               #
#                          --place_constants=data_rom --nr_virtual_regs 8 -I  #
#                          D:\BaiduNetdiskDownload\ZIGBEE¿ª·¢Ì×¼þWiFiÄ£¿éMQTT #
#                          ×ÊÁÏV3.0\3.µ½»õ²âÊÔ´úÂë\Z-StackÍ¸´«\Projects\zstac #
#                          k\Utilities\SerialApp\CC2530DB\ -I                 #
#                          D:\BaiduNetdiskDownload\ZIGBEE¿ª·¢Ì×¼þWiFiÄ£¿éMQTT #
#                          ×ÊÁÏV3.0\3.µ½»õ²âÊÔ´úÂë\Z-StackÍ¸´«\Projects\zstac #
#                          k\Utilities\SerialApp\CC2530DB\..\SOURCE\ -I       #
#                          D:\BaiduNetdiskDownload\ZIGBEE¿ª·¢Ì×¼þWiFiÄ£¿éMQTT #
#                          ×ÊÁÏV3.0\3.µ½»õ²âÊÔ´úÂë\Z-StackÍ¸´«\Projects\zstac #
#                          k\Utilities\SerialApp\CC2530DB\..\..\..\ZMAIN\TI25 #
#                          30DB\ -I D:\BaiduNetdiskDownload\ZIGBEE¿ª·¢Ì×¼þWiF #
#                          iÄ£¿éMQTT×ÊÁÏV3.0\3.µ½»õ²âÊÔ´úÂë\Z-StackÍ¸´«\Proje #
#                          cts\zstack\Utilities\SerialApp\CC2530DB\..\..\..\. #
#                          .\..\COMPONENTS\MT\ -I D:\BaiduNetdiskDownload\ZIG #
#                          BEE¿ª·¢Ì×¼þWiFiÄ£¿éMQTT×ÊÁÏV3.0\3.µ½»õ²âÊÔ´úÂë\Z-S #
#                          tackÍ¸´«\Projects\zstack\Utilities\SerialApp\CC253 #
#                          0DB\..\..\..\..\..\COMPONENTS\HAL\INCLUDE\ -I      #
#                          D:\BaiduNetdiskDownload\ZIGBEE¿ª·¢Ì×¼þWiFiÄ£¿éMQTT #
#                          ×ÊÁÏV3.0\3.µ½»õ²âÊÔ´úÂë\Z-StackÍ¸´«\Projects\zstac #
#                          k\Utilities\SerialApp\CC2530DB\..\..\..\..\..\COMP #
#                          ONENTS\HAL\TARGET\CC2530EB\ -I                     #
#                          D:\BaiduNetdiskDownload\ZIGBEE¿ª·¢Ì×¼þWiFiÄ£¿éMQTT #
#                          ×ÊÁÏV3.0\3.µ½»õ²âÊÔ´úÂë\Z-StackÍ¸´«\Projects\zstac #
#                          k\Utilities\SerialApp\CC2530DB\..\..\..\..\..\COMP #
#                          ONENTS\OSAL\MCU\CCSOC\ -I                          #
#                          D:\BaiduNetdiskDownload\ZIGBEE¿ª·¢Ì×¼þWiFiÄ£¿éMQTT #
#                          ×ÊÁÏV3.0\3.µ½»õ²âÊÔ´úÂë\Z-StackÍ¸´«\Projects\zstac #
#                          k\Utilities\SerialApp\CC2530DB\..\..\..\..\..\COMP #
#                          ONENTS\OSAL\INCLUDE\ -I D:\BaiduNetdiskDownload\ZI #
#                          GBEE¿ª·¢Ì×¼þWiFiÄ£¿éMQTT×ÊÁÏV3.0\3.µ½»õ²âÊÔ´úÂë\Z- #
#                          StackÍ¸´«\Projects\zstack\Utilities\SerialApp\CC25 #
#                          30DB\..\..\..\..\..\COMPONENTS\STACK\AF\ -I        #
#                          D:\BaiduNetdiskDownload\ZIGBEE¿ª·¢Ì×¼þWiFiÄ£¿éMQTT #
#                          ×ÊÁÏV3.0\3.µ½»õ²âÊÔ´úÂë\Z-StackÍ¸´«\Projects\zstac #
#                          k\Utilities\SerialApp\CC2530DB\..\..\..\..\..\COMP #
#                          ONENTS\STACK\NWK\ -I D:\BaiduNetdiskDownload\ZIGBE #
#                          E¿ª·¢Ì×¼þWiFiÄ£¿éMQTT×ÊÁÏV3.0\3.µ½»õ²âÊÔ´úÂë\Z-Sta #
#                          ckÍ¸´«\Projects\zstack\Utilities\SerialApp\CC2530D #
#                          B\..\..\..\..\..\COMPONENTS\STACK\SEC\ -I          #
#                          D:\BaiduNetdiskDownload\ZIGBEE¿ª·¢Ì×¼þWiFiÄ£¿éMQTT #
#                          ×ÊÁÏV3.0\3.µ½»õ²âÊÔ´úÂë\Z-StackÍ¸´«\Projects\zstac #
#                          k\Utilities\SerialApp\CC2530DB\..\..\..\..\..\COMP #
#                          ONENTS\STACK\SAPI\ -I D:\BaiduNetdiskDownload\ZIGB #
#                          EE¿ª·¢Ì×¼þWiFiÄ£¿éMQTT×ÊÁÏV3.0\3.µ½»õ²âÊÔ´úÂë\Z-St #
#                          ackÍ¸´«\Projects\zstack\Utilities\SerialApp\CC2530 #
#                          DB\..\..\..\..\..\COMPONENTS\STACK\SYS\ -I         #
#                          D:\BaiduNetdiskDownload\ZIGBEE¿ª·¢Ì×¼þWiFiÄ£¿éMQTT #
#                          ×ÊÁÏV3.0\3.µ½»õ²âÊÔ´úÂë\Z-StackÍ¸´«\Projects\zstac #
#                          k\Utilities\SerialApp\CC2530DB\..\..\..\..\..\COMP #
#                          ONENTS\STACK\ZDO\ -I D:\BaiduNetdiskDownload\ZIGBE #
#                          E¿ª·¢Ì×¼þWiFiÄ£¿éMQTT×ÊÁÏV3.0\3.µ½»õ²âÊÔ´úÂë\Z-Sta #
#                          ckÍ¸´«\Projects\zstack\Utilities\SerialApp\CC2530D #
#                          B\..\..\..\..\..\COMPONENTS\ZMAC\F8W\ -I           #
#                          D:\BaiduNetdiskDownload\ZIGBEE¿ª·¢Ì×¼þWiFiÄ£¿éMQTT #
#                          ×ÊÁÏV3.0\3.µ½»õ²âÊÔ´úÂë\Z-StackÍ¸´«\Projects\zstac #
#                          k\Utilities\SerialApp\CC2530DB\..\..\..\..\..\COMP #
#                          ONENTS\ZMAC\ -I D:\BaiduNetdiskDownload\ZIGBEE¿ª·¢ #
#                          Ì×¼þWiFiÄ£¿éMQTT×ÊÁÏV3.0\3.µ½»õ²âÊÔ´úÂë\Z-StackÍ¸´ #
#                          «\Projects\zstack\Utilities\SerialApp\CC2530DB\..\ #
#                          ..\..\..\..\COMPONENTS\SERVICES\SADDR\ -I          #
#                          D:\BaiduNetdiskDownload\ZIGBEE¿ª·¢Ì×¼þWiFiÄ£¿éMQTT #
#                          ×ÊÁÏV3.0\3.µ½»õ²âÊÔ´úÂë\Z-StackÍ¸´«\Projects\zstac #
#                          k\Utilities\SerialApp\CC2530DB\..\..\..\..\..\COMP #
#                          ONENTS\SERVICES\SDATA\ -I                          #
#                          D:\BaiduNetdiskDownload\ZIGBEE¿ª·¢Ì×¼þWiFiÄ£¿éMQTT #
#                          ×ÊÁÏV3.0\3.µ½»õ²âÊÔ´úÂë\Z-StackÍ¸´«\Projects\zstac #
#                          k\Utilities\SerialApp\CC2530DB\..\..\..\..\..\COMP #
#                          ONENTS\MAC\INCLUDE\ -I D:\BaiduNetdiskDownload\ZIG #
#                          BEE¿ª·¢Ì×¼þWiFiÄ£¿éMQTT×ÊÁÏV3.0\3.µ½»õ²âÊÔ´úÂë\Z-S #
#                          tackÍ¸´«\Projects\zstack\Utilities\SerialApp\CC253 #
#                          0DB\..\..\..\..\..\COMPONENTS\MAC\HIGH_LEVEL\ -I   #
#                          D:\BaiduNetdiskDownload\ZIGBEE¿ª·¢Ì×¼þWiFiÄ£¿éMQTT #
#                          ×ÊÁÏV3.0\3.µ½»õ²âÊÔ´úÂë\Z-StackÍ¸´«\Projects\zstac #
#                          k\Utilities\SerialApp\CC2530DB\..\..\..\..\..\COMP #
#                          ONENTS\MAC\LOW_LEVEL\srf04\ -I                     #
#                          D:\BaiduNetdiskDownload\ZIGBEE¿ª·¢Ì×¼þWiFiÄ£¿éMQTT #
#                          ×ÊÁÏV3.0\3.µ½»õ²âÊÔ´úÂë\Z-StackÍ¸´«\Projects\zstac #
#                          k\Utilities\SerialApp\CC2530DB\..\..\..\..\..\COMP #
#                          ONENTS\MAC\LOW_LEVEL\srf04\SINGLE_CHIP\ -Ohz       #
#                          --require_prototypes                               #
#    List file          =  D:\BaiduNetdiskDownload\ZIGBEE¿ª·¢Ì×¼þWiFiÄ£¿éMQTT #
#                          ×ÊÁÏV3.0\3.µ½»õ²âÊÔ´úÂë\Z-StackÍ¸´«\Projects\zstac #
#                          k\Utilities\SerialApp\CC2530DB\CoordinatorEB-Pro\L #
#                          ist\SerialApp.lst                                  #
#    Object file        =  D:\BaiduNetdiskDownload\ZIGBEE¿ª·¢Ì×¼þWiFiÄ£¿éMQTT #
#                          ×ÊÁÏV3.0\3.µ½»õ²âÊÔ´úÂë\Z-StackÍ¸´«\Projects\zstac #
#                          k\Utilities\SerialApp\CC2530DB\CoordinatorEB-Pro\O #
#                          bj\SerialApp.r51                                   #
#                                                                             #
#                                                                             #
###############################################################################

D:\BaiduNetdiskDownload\ZIGBEE¿ª·¢Ì×¼þWiFiÄ£¿éMQTT×ÊÁÏV3.0\3.µ½»õ²âÊÔ´úÂë\Z-StackÍ¸´«\Projects\zstack\Utilities\SerialApp\Source\SerialApp.c
      1          /*********************************************************************
      2           * INCLUDES
      3           */
      4          
      5          #include <stdio.h>
      6          #include <string.h>
      7          #include <stdarg.h>
      8          #include "AF.h"
      9          #include "OnBoard.h"
     10          #include "OSAL_Tasks.h"
     11          #include "SerialApp.h"
     12          #include "ZDApp.h"
     13          #include "ZDObject.h"
     14          #include "ZDProfile.h"
     15          
     16          #include "hal_drivers.h"
     17          #include "hal_key.h"
     18          #include "hal_adc.h"
     19          #if defined ( LCD_SUPPORTED )
     20            #include "hal_lcd.h"
     21          #endif
     22          #include "hal_led.h"
     23          #include "hal_uart.h"
     24          
     25          #include "DebugUtils.h"

  #ifndef DEBUGUTILS_H
                     ^
"D:\BaiduNetdiskDownload\ZIGBEE¿ª·¢Ì×¼þWiFiÄ£¿éMQTT×ÊÁÏV3.0\3.µ½»õ²âÊÔ´úÂë\Z-StackÍ¸´«\Projects\zstack\Utilities\SerialApp\Source\DebugUtils.h",1  Warning[Pa050]: 
          non-native end of line sequence detected (this diagnostic is only
          issued once)
     26          #include "SensorConfig.h"
     27          
     28          /*********************************************************************
     29           * MACROS
     30           */
     31          
     32          /*********************************************************************
     33           * CONSTANTS
     34           */
     35          
     36          #if !defined( SERIAL_APP_PORT )
     37          #define SERIAL_APP_PORT  0
     38          #endif
     39          
     40          #if !defined( SERIAL_APP_BAUD )
     41            //#define SERIAL_APP_BAUD  HAL_UART_BR_38400
     42            #define SERIAL_APP_BAUD  HAL_UART_BR_9600
     43          #endif
     44          
     45          // When the Rx buf space is less than this threshold, invoke the Rx callback.
     46          #if !defined( SERIAL_APP_THRESH )
     47          #define SERIAL_APP_THRESH  64
     48          #endif
     49          
     50          #if !defined( SERIAL_APP_RX_SZ )
     51          #define SERIAL_APP_RX_SZ  128
     52          #endif
     53          
     54          #if !defined( SERIAL_APP_TX_SZ )
     55          #define SERIAL_APP_TX_SZ  128
     56          #endif
     57          
     58          // Millisecs of idle time after a byte is received before invoking Rx callback.
     59          #if !defined( SERIAL_APP_IDLE )
     60          #define SERIAL_APP_IDLE  6
     61          #endif
     62          
     63          // Loopback Rx bytes to Tx for throughput testing.
     64          #if !defined( SERIAL_APP_LOOPBACK )
     65          #define SERIAL_APP_LOOPBACK  FALSE
     66          #endif
     67          
     68          // This is the max byte count per OTA message.
     69          #if !defined( SERIAL_APP_TX_MAX )
     70          #define SERIAL_APP_TX_MAX  80
     71          #endif
     72          
     73          #define SERIAL_APP_RSP_CNT  4
     74          
     75          // Sensor Configuration
     76          #define SENSOR_ADC_CHANNEL      HAL_ADC_CHANNEL_0
     77          #define SENSOR_ADC_RESOLUTION    HAL_ADC_RESOLUTION_12
     78          #define SENSOR_ADC_INTERVAL      5000
     79          #define SENSOR_DATA_EVT          0x0004
     80          
     81          // MQ-2 Configuration
     82          #define MQ2_ADC_CHANNEL          HAL_ADC_CHANNEL_5
     83          #define MQ2_ADC_RESOLUTION       HAL_ADC_RESOLUTION_12
     84          
     85          // Flame Sensor Configuration
     86          #define FLAME_ADC_CHANNEL        HAL_ADC_CHANNEL_6
     87          #define FLAME_ADC_RESOLUTION     HAL_ADC_RESOLUTION_12
     88          
     89          // PMS7003 Configuration
     90          #define PMS7003_HEADER           0x42
     91          #define PMS7003_HEADER_SECOND    0x4D
     92          #define PMS7003_FRAME_LENGTH     32
     93          
     94          // ===== TERMINAL SENSOR CONFIG (toggle before burning) =====
     95          //#define TERMINAL_PMS7003_ONLY    // Uncomment: PMS7003+ADC0 only (no MQ2/Flame)
     96                                               // Comment out: all sensors (PMS7003+ADC0+MQ2+Flame)
     97          
     98          // Sensor Data Format
     99          #define SENSOR_TYPE_PMS7003      0x01
    100          #define SENSOR_TYPE_ADC          0x02
    101          #define SENSOR_TYPE_MQ2          0x03
    102          #define SENSOR_TYPE_FLAME        0x04
    103          #define SENSOR_TYPE_COMBINED     0x05
    104          
    105          // This list should be filled with Application specific Cluster IDs.

   \                                 In  segment XDATA_ROM_C, align 1
    106          const cId_t SerialApp_ClusterList[SERIALAPP_MAX_CLUSTERS] =
   \                     SerialApp_ClusterList:
   \   000000   0100         DW 1
   \   000002   0200         DW 2
   \   000004   0300         DW 3
   \   000006   0400         DW 4
    107          {
    108            SERIALAPP_CLUSTERID1,
    109            SERIALAPP_CLUSTERID2,
    110            SERIALAPP_CONNECTREQ_CLUSTER,            
    111            SERIALAPP_CONNECTRSP_CLUSTER             
    112          };
    113          

   \                                 In  segment XDATA_ROM_C, align 1
    114          const SimpleDescriptionFormat_t SerialApp_SimpleDesc =
   \                     SerialApp_SimpleDesc:
   \   000000   0B           DB 11
   \   000001   050F         DW 3845
   \   000003   0100         DW 1
   \   000005   00           DB 0
   \   000006   04           DB 4
   \   000007   ....         DW SerialApp_ClusterList
   \   000009   04           DB 4
   \   00000A   ....         DW SerialApp_ClusterList
    115          {
    116            SERIALAPP_ENDPOINT,              //  int   Endpoint;
    117            SERIALAPP_PROFID,                //  uint16 AppProfId[2];
    118            SERIALAPP_DEVICEID,              //  uint16 AppDeviceId[2];
    119            SERIALAPP_DEVICE_VERSION,        //  int   AppDevVer:4;
    120            SERIALAPP_FLAGS,                 //  int   AppFlags:4;
    121            SERIALAPP_MAX_CLUSTERS,          //  byte  AppNumInClusters;
    122            (cId_t *)SerialApp_ClusterList,  //  byte *pAppInClusterList;
    123            SERIALAPP_MAX_CLUSTERS,          //  byte  AppNumOutClusters;
    124            (cId_t *)SerialApp_ClusterList   //  byte *pAppOutClusterList;
    125          };
    126          

   \                                 In  segment XDATA_I, align 1, keep-with-next
    127          endPointDesc_t SerialApp_epDesc =
   \                     SerialApp_epDesc:
   \   000000                DS 6
   \   000006                REQUIRE `?<Initializer for SerialApp_epDesc>`
   \   000006                REQUIRE __INIT_XDATA_I
    128          {
    129            SERIALAPP_ENDPOINT,
    130           &SerialApp_TaskID,
    131            (SimpleDescriptionFormat_t *)&SerialApp_SimpleDesc,
    132            noLatencyReqs
    133          };
    134          
    135          /*********************************************************************
    136           * TYPEDEFS
    137           */
    138          
    139          /*********************************************************************
    140           * GLOBAL VARIABLES
    141           */

   \                                 In  segment XDATA_Z, align 1, keep-with-next
    142          devStates_t SampleApp_NwkState;   
   \                     SampleApp_NwkState:
   \   000000                DS 1
   \   000001                REQUIRE __INIT_XDATA_Z

   \                                 In  segment XDATA_Z, align 1, keep-with-next
    143          uint8 SerialApp_TaskID;           // Task ID for internal task/event processing.
   \                     SerialApp_TaskID:
   \   000000                DS 1
   \   000001                REQUIRE __INIT_XDATA_Z
    144          
    145          /*********************************************************************
    146           * EXTERNAL VARIABLES
    147           */
    148          
    149          /*********************************************************************
    150           * EXTERNAL FUNCTIONS
    151           */
    152          
    153          /*********************************************************************
    154           * LOCAL VARIABLES
    155           */
    156          

   \                                 In  segment XDATA_Z, align 1, keep-with-next
    157          static uint8 SerialApp_MsgID;
   \                     SerialApp_MsgID:
   \   000000                DS 1
   \   000001                REQUIRE __INIT_XDATA_Z
    158          

   \                                 In  segment XDATA_Z, align 1, keep-with-next
    159          static afAddrType_t SerialApp_TxAddr;
   \                     SerialApp_TxAddr:
   \   000000                DS 12
   \   00000C                REQUIRE __INIT_XDATA_Z

   \                                 In  segment XDATA_Z, align 1, keep-with-next
    160          static uint8 SerialApp_TxSeq;
   \                     SerialApp_TxSeq:
   \   000000                DS 1
   \   000001                REQUIRE __INIT_XDATA_Z

   \                                 In  segment XDATA_Z, align 1, keep-with-next
    161          static uint8 SerialApp_TxBuf[SERIAL_APP_TX_MAX+1];
   \                     SerialApp_TxBuf:
   \   000000                DS 81
   \   000051                REQUIRE __INIT_XDATA_Z

   \                                 In  segment XDATA_Z, align 1, keep-with-next
    162          static uint8 SerialApp_TxLen;
   \                     SerialApp_TxLen:
   \   000000                DS 1
   \   000001                REQUIRE __INIT_XDATA_Z
    163          

   \                                 In  segment XDATA_Z, align 1, keep-with-next
    164          static afAddrType_t SerialApp_RxAddr;
   \                     SerialApp_RxAddr:
   \   000000                DS 12
   \   00000C                REQUIRE __INIT_XDATA_Z

   \                                 In  segment XDATA_Z, align 1, keep-with-next
    165          static uint8 SerialApp_RxSeq;
   \                     SerialApp_RxSeq:
   \   000000                DS 1
   \   000001                REQUIRE __INIT_XDATA_Z

   \                                 In  segment XDATA_Z, align 1, keep-with-next
    166          static uint8 SerialApp_RspBuf[SERIAL_APP_RSP_CNT];
   \                     SerialApp_RspBuf:
   \   000000                DS 4
   \   000004                REQUIRE __INIT_XDATA_Z
    167          
    168          // Sensor Variables

   \                                 In  segment XDATA_Z, align 1, keep-with-next
    169          static uint8 pms7003Buffer[64];
   \                     pms7003Buffer:
   \   000000                DS 64
   \   000040                REQUIRE __INIT_XDATA_Z

   \                                 In  segment XDATA_Z, align 1, keep-with-next
    170          static uint8 pms7003Index = 0;
   \                     pms7003Index:
   \   000000                DS 1
   \   000001                REQUIRE __INIT_XDATA_Z

   \                                 In  segment XDATA_Z, align 1, keep-with-next
    171          static uint8 pms7003State = 0;
   \                     pms7003State:
   \   000000                DS 1
   \   000001                REQUIRE __INIT_XDATA_Z

   \                                 In  segment XDATA_Z, align 1, keep-with-next
    172          static uint16 lastAdcValue = 0;
   \                     lastAdcValue:
   \   000000                DS 2
   \   000002                REQUIRE __INIT_XDATA_Z

   \                                 In  segment XDATA_Z, align 1, keep-with-next
    173          static uint16 mq2Value = 0;
   \                     mq2Value:
   \   000000                DS 2
   \   000002                REQUIRE __INIT_XDATA_Z

   \                                 In  segment XDATA_Z, align 1, keep-with-next
    174          static uint16 flameValue = 0;
   \                     flameValue:
   \   000000                DS 2
   \   000002                REQUIRE __INIT_XDATA_Z

   \                                 In  segment XDATA_Z, align 1, keep-with-next
    175          static uint8 sensorDataBuffer[32];
   \                     sensorDataBuffer:
   \   000000                DS 32
   \   000020                REQUIRE __INIT_XDATA_Z
    176          
    177          // UART Variables
    178          // Coordinator: Cached sensor values for unified output

   \                                 In  segment XDATA_Z, align 1, keep-with-next
    179          static uint16 coAdc0Value = 0;
   \                     coAdc0Value:
   \   000000                DS 2
   \   000002                REQUIRE __INIT_XDATA_Z

   \                                 In  segment XDATA_Z, align 1, keep-with-next
    180          static uint16 coPm1Value = 0;
   \                     coPm1Value:
   \   000000                DS 2
   \   000002                REQUIRE __INIT_XDATA_Z

   \                                 In  segment XDATA_Z, align 1, keep-with-next
    181          static uint16 coPm25Value = 0;
   \                     coPm25Value:
   \   000000                DS 2
   \   000002                REQUIRE __INIT_XDATA_Z

   \                                 In  segment XDATA_Z, align 1, keep-with-next
    182          static uint16 coPm10Value = 0;
   \                     coPm10Value:
   \   000000                DS 2
   \   000002                REQUIRE __INIT_XDATA_Z

   \                                 In  segment XDATA_Z, align 1, keep-with-next
    183          static uint16 coMq2Value = 0;
   \                     coMq2Value:
   \   000000                DS 2
   \   000002                REQUIRE __INIT_XDATA_Z

   \                                 In  segment XDATA_Z, align 1, keep-with-next
    184          static uint16 coFlameValue = 0;
   \                     coFlameValue:
   \   000000                DS 2
   \   000002                REQUIRE __INIT_XDATA_Z
    185          

   \                                 In  segment XDATA_Z, align 1, keep-with-next
    186          static uint8 uartTxInProgress = FALSE;
   \                     uartTxInProgress:
   \   000000                DS 1
   \   000001                REQUIRE __INIT_XDATA_Z
    187          
    188          // Ring buffer for UART reception
    189          #define UART_RING_BUFFER_SIZE 256

   \                                 In  segment XDATA_Z, align 1, keep-with-next
    190          static uint8 uartRingBuffer[UART_RING_BUFFER_SIZE];
   \                     uartRingBuffer:
   \   000000                DS 256
   \   000100                REQUIRE __INIT_XDATA_Z

   \                                 In  segment XDATA_Z, align 1, keep-with-next
    191          static uint16 uartRingBufferHead = 0;
   \                     uartRingBufferHead:
   \   000000                DS 2
   \   000002                REQUIRE __INIT_XDATA_Z

   \                                 In  segment XDATA_Z, align 1, keep-with-next
    192          static uint16 uartRingBufferTail = 0;
   \                     uartRingBufferTail:
   \   000000                DS 2
   \   000002                REQUIRE __INIT_XDATA_Z
    193          
    194          /*********************************************************************
    195           * LOCAL FUNCTIONS
    196           */
    197          
    198          static void SerialApp_ProcessMSGCmd( afIncomingMSGPacket_t *pkt );
    199          static void SerialApp_Send(void);
    200          static void SerialApp_Resp(void);
    201          static void SerialApp_CallBack(uint8 port, uint8 event); 
    202          static void SerialApp_DeviceConnect(void);              
    203          static void SerialApp_DeviceConnectRsp(uint8*);         
    204          static void SerialApp_ConnectReqProcess(uint8*);
    205          
    206          // Sensor Functions
    207          static void SerialApp_ProcessPMS7003Data(void);
    208          static void SerialApp_ReadADCSensor(void);
    209          static void SerialApp_SendSensorData(uint8 sensorType, uint8 *data, uint8 len);
    210          static void SerialApp_ProcessSensorEvent(void);
    211          
    212          // UART Functions
    213          static uint8 SerialApp_SafeUARTWrite(uint8 port, const uint8 *data, uint16 len);
    214          static void SerialApp_ProcessUARTBuffer(void);
    215          
    216          /*********************************************************************
    217           * @fn      SerialApp_Init
    218           *
    219           * @brief   This is called during OSAL tasks' initialization.
    220           *
    221           * @param   task_id - the Task ID assigned by OSAL.
    222           *
    223           * @return  none
    224           */

   \                                 In  segment BANKED_CODE, align 1, keep-with-next
    225          void SerialApp_Init( uint8 task_id )
   \                     SerialApp_Init:
    226          {
   \   000000   74F7         MOV     A,#-0x9
   \   000002   12....       LCALL   ?BANKED_ENTER_XDATA
   \   000005                ; Saved register size: 9
   \   000005                ; Auto size: 63
   \   000005   74C1         MOV     A,#-0x3f
   \   000007   12....       LCALL   ?ALLOC_XSTACK8
   \   00000A   E9           MOV     A,R1
   \   00000B   FE           MOV     R6,A
    227            halUARTCfg_t uartConfig;
    228          
    229            SerialApp_TaskID = task_id;
   \   00000C   90....       MOV     DPTR,#SerialApp_TaskID
   \   00000F   F0           MOVX    @DPTR,A
    230            SerialApp_RxSeq = 0xC3;
   \   000010   90....       MOV     DPTR,#SerialApp_RxSeq
   \   000013   74C3         MOV     A,#-0x3d
   \   000015   F0           MOVX    @DPTR,A
    231            SampleApp_NwkState = DEV_INIT;       
   \   000016   90....       MOV     DPTR,#SampleApp_NwkState
   \   000019   7401         MOV     A,#0x1
   \   00001B   F0           MOVX    @DPTR,A
    232          
    233            afRegister( (endPointDesc_t *)&SerialApp_epDesc );
   \   00001C                ; Setup parameters for call to function afRegister
   \   00001C   7A..         MOV     R2,#SerialApp_epDesc & 0xff
   \   00001E   7B..         MOV     R3,#(SerialApp_epDesc >> 8) & 0xff
   \   000020   12....       LCALL   ??afRegister?relay
    234          
    235            RegisterForKeys( task_id );
   \   000023                ; Setup parameters for call to function RegisterForKeys
   \   000023   EE           MOV     A,R6
   \   000024   F9           MOV     R1,A
   \   000025   12....       LCALL   ??RegisterForKeys?relay
    236          
    237            uartConfig.configured           = TRUE;              // 2x30 don't care - see uart driver.
   \   000028   85..82       MOV     DPL,?XSP + 0
   \   00002B   85..83       MOV     DPH,?XSP + 1
   \   00002E   7401         MOV     A,#0x1
   \   000030   F0           MOVX    @DPTR,A
    238            uartConfig.baudRate             = SERIAL_APP_BAUD;   // 9600 baud
   \   000031   12....       LCALL   ?XSTACK_DISP0_8
   \   000034   E4           CLR     A
   \   000035   F0           MOVX    @DPTR,A
    239            uartConfig.flowControl          = FALSE;             // No flow control
   \   000036   7402         MOV     A,#0x2
   \   000038   12....       LCALL   ?XSTACK_DISP0_8
   \   00003B   E4           CLR     A
   \   00003C   F0           MOVX    @DPTR,A
    240            uartConfig.flowControlThreshold = SERIAL_APP_THRESH; // 2x30 don't care - see uart driver.
   \   00003D   7403         MOV     A,#0x3
   \   00003F   12....       LCALL   ?XSTACK_DISP0_8
   \   000042   7440         MOV     A,#0x40
   \   000044   12....       LCALL   ??Subroutine31_0 & 0xFFFF
    241            uartConfig.rx.maxBufSize        = SERIAL_APP_RX_SZ;  // 2x30 don't care - see uart driver.
   \                     ??CrossCallReturnLabel_53:
   \   000047   740A         MOV     A,#0xa
   \   000049   12....       LCALL   ?XSTACK_DISP0_8
   \   00004C   7480         MOV     A,#-0x80
   \   00004E   12....       LCALL   ??Subroutine31_0 & 0xFFFF
    242            uartConfig.tx.maxBufSize        = SERIAL_APP_TX_SZ;  // 2x30 don't care - see uart driver.
   \                     ??CrossCallReturnLabel_54:
   \   000051   7412         MOV     A,#0x12
   \   000053   12....       LCALL   ?XSTACK_DISP0_8
   \   000056   7480         MOV     A,#-0x80
   \   000058   12....       LCALL   ??Subroutine31_0 & 0xFFFF
    243            uartConfig.idleTimeout          = SERIAL_APP_IDLE;   // 2x30 don't care - see uart driver.
   \                     ??CrossCallReturnLabel_55:
   \   00005B   7405         MOV     A,#0x5
   \   00005D   12....       LCALL   ?XSTACK_DISP0_8
   \   000060   7406         MOV     A,#0x6
   \   000062   F0           MOVX    @DPTR,A
    244            uartConfig.intEnable            = TRUE;              // 2x30 don't care - see uart driver.
   \   000063   7416         MOV     A,#0x16
   \   000065   12....       LCALL   ?XSTACK_DISP0_8
   \   000068   7401         MOV     A,#0x1
   \   00006A   F0           MOVX    @DPTR,A
    245            uartConfig.callBackFunc         = SerialApp_CallBack;
   \   00006B   741B         MOV     A,#0x1b
   \   00006D   12....       LCALL   ?XSTACK_DISP0_8
   \   000070   74..         MOV     A,#??SerialApp_CallBack?relay & 0xff
   \   000072   F0           MOVX    @DPTR,A
   \   000073   A3           INC     DPTR
   \   000074   74..         MOV     A,#(??SerialApp_CallBack?relay >> 8) & 0xff
   \   000076   F0           MOVX    @DPTR,A
    246            HalUARTOpen (SERIAL_APP_PORT, &uartConfig);
   \   000077                ; Setup parameters for call to function HalUARTOpen
   \   000077   85..82       MOV     DPL,?XSP + 0
   \   00007A   85..83       MOV     DPH,?XSP + 1
   \   00007D   AA82         MOV     R2,DPL
   \   00007F   AB83         MOV     R3,DPH
   \   000081   7900         MOV     R1,#0x0
   \   000083   12....       LCALL   ??HalUARTOpen?relay
    247          
    248            HalAdcInit();
   \   000086                ; Setup parameters for call to function HalAdcInit
   \   000086   12....       LCALL   ??HalAdcInit?relay
    249          
    250          #if defined ( LCD_SUPPORTED )
    251            HalLcdInit();
   \   000089                ; Setup parameters for call to function HalLcdInit
   \   000089   12....       LCALL   ??HalLcdInit?relay
    252            HalLcdWriteString( "SerialApp", HAL_LCD_LINE_2 );
   \   00008C                ; Setup parameters for call to function HalLcdWriteString
   \   00008C   7902         MOV     R1,#0x2
   \   00008E   7A..         MOV     R2,#`?<Constant "SerialApp">` & 0xff
   \   000090   7B..         MOV     R3,#(`?<Constant "SerialApp">` >> 8) & 0xff
   \   000092   12....       LCALL   ??HalLcdWriteString?relay
    253            HalLcdWriteString( "Initializing...", HAL_LCD_LINE_3 );
   \   000095                ; Setup parameters for call to function HalLcdWriteString
   \   000095   7903         MOV     R1,#0x3
   \   000097   7A..         MOV     R2,#`?<Constant "Initializing...">` & 0xff
   \   000099   7B..         MOV     R3,#(`?<Constant "Initializing...">` >> 8) & 0xff
   \   00009B   12....       LCALL   ??HalLcdWriteString?relay
    254            
    255            // Keep LCD on by writing initial sensor data
    256            char initBuffer1[17] = "PM2.5:--";
   \   00009E   742E         MOV     A,#0x2e
   \   0000A0   12....       LCALL   ?XSTACK_DISP0_8
   \   0000A3   AC82         MOV     R4,DPL
   \   0000A5   AD83         MOV     R5,DPH
   \   0000A7   7583..       MOV     DPH,#(`?<Constant "PM2.5:--">` >> 8) & 0xff
   \   0000AA   7582..       MOV     DPL,#`?<Constant "PM2.5:--">` & 0xff
   \   0000AD   7411         MOV     A,#0x11
   \   0000AF   12....       LCALL   ?MOVE_LONG8_XDATA_XDATA
    257            char initBuffer2[17] = "PM10:--";
   \   0000B2   741D         MOV     A,#0x1d
   \   0000B4   12....       LCALL   ?XSTACK_DISP0_8
   \   0000B7   AC82         MOV     R4,DPL
   \   0000B9   AD83         MOV     R5,DPH
   \   0000BB   7583..       MOV     DPH,#(`?<Constant "PM10:--">` >> 8) & 0xff
   \   0000BE   7582..       MOV     DPL,#`?<Constant "PM10:--">` & 0xff
   \   0000C1   7411         MOV     A,#0x11
   \   0000C3   12....       LCALL   ?MOVE_LONG8_XDATA_XDATA
    258            HalLcdWriteScreen(initBuffer1, initBuffer2);
   \   0000C6                ; Setup parameters for call to function HalLcdWriteScreen
   \   0000C6   741D         MOV     A,#0x1d
   \   0000C8   12....       LCALL   ?XSTACK_DISP0_8
   \   0000CB   AC82         MOV     R4,DPL
   \   0000CD   AD83         MOV     R5,DPH
   \   0000CF   742E         MOV     A,#0x2e
   \   0000D1   12....       LCALL   ?XSTACK_DISP0_8
   \   0000D4   AA82         MOV     R2,DPL
   \   0000D6   AB83         MOV     R3,DPH
   \   0000D8   12....       LCALL   ??HalLcdWriteScreen?relay
    259          #endif
    260            
    261            ZDO_RegisterForZDOMsg( SerialApp_TaskID, End_Device_Bind_rsp );
   \   0000DB                ; Setup parameters for call to function ZDO_RegisterForZDOMsg
   \   0000DB   7A20         MOV     R2,#0x20
   \   0000DD   7B80         MOV     R3,#-0x80
   \   0000DF   90....       MOV     DPTR,#SerialApp_TaskID
   \   0000E2   E0           MOVX    A,@DPTR
   \   0000E3   F9           MOV     R1,A
   \   0000E4   12....       LCALL   ??ZDO_RegisterForZDOMsg?relay
    262            ZDO_RegisterForZDOMsg( SerialApp_TaskID, Match_Desc_rsp );
   \   0000E7                ; Setup parameters for call to function ZDO_RegisterForZDOMsg
   \   0000E7   7A06         MOV     R2,#0x6
   \   0000E9   7B80         MOV     R3,#-0x80
   \   0000EB   90....       MOV     DPTR,#SerialApp_TaskID
   \   0000EE   E0           MOVX    A,@DPTR
   \   0000EF   F9           MOV     R1,A
   \   0000F0   12....       LCALL   ??ZDO_RegisterForZDOMsg?relay
    263            
    264            // Start UART processing timer (1000ms)
    265            osal_start_timerEx(SerialApp_TaskID, SERIALAPP_PROCESS_EVT, 1000);
   \   0000F3                ; Setup parameters for call to function osal_start_timerEx
   \   0000F3   12....       LCALL   ?Subroutine9 & 0xFFFF
    266            
    267            // Debug: Initialization complete
    268            (void)SerialApp_SafeUARTWrite(0, (uint8*)"[INIT] SerialApp started, waiting for network...\r\n", 47);
   \                     ??CrossCallReturnLabel_47:
   \   0000F6                ; Setup parameters for call to function SerialApp_SafeUARTWrite
   \   0000F6   7C2F         MOV     R4,#0x2f
   \   0000F8   7D00         MOV     R5,#0x0
   \   0000FA   7A..         MOV     R2,#`?<Constant "[INIT] SerialApp star...">` & 0xff
   \   0000FC   7B..         MOV     R3,#(`?<Constant "[INIT] SerialApp star...">` >> 8) & 0xff
   \   0000FE   7900         MOV     R1,#0x0
   \   000100   12....       LCALL   ??SerialApp_SafeUARTWrite?relay
    269            
    270          #if defined ( LCD_SUPPORTED )
    271            (void)SerialApp_SafeUARTWrite(0, (uint8*)"[INIT] LCD initialized and displaying\r\n", 38);
   \   000103                ; Setup parameters for call to function SerialApp_SafeUARTWrite
   \   000103   7C26         MOV     R4,#0x26
   \   000105   7D00         MOV     R5,#0x0
   \   000107   7A..         MOV     R2,#`?<Constant "[INIT] LCD initialize...">` & 0xff
   \   000109   7B..         MOV     R3,#(`?<Constant "[INIT] LCD initialize...">` >> 8) & 0xff
   \   00010B   7900         MOV     R1,#0x0
   \   00010D   12....       LCALL   ??SerialApp_SafeUARTWrite?relay
    272          #endif
    273            
    274            osal_start_timerEx( SerialApp_TaskID, SENSOR_DATA_EVT, SENSOR_ADC_INTERVAL );
   \   000110                ; Setup parameters for call to function osal_start_timerEx
   \   000110   7C88         MOV     R4,#-0x78
   \   000112   7D13         MOV     R5,#0x13
   \   000114   7A04         MOV     R2,#0x4
   \   000116   12....       LCALL   ??Subroutine29_0 & 0xFFFF
    275          }
   \                     ??CrossCallReturnLabel_49:
   \   000119   743F         MOV     A,#0x3f
   \   00011B   12....       LCALL   ?DEALLOC_XSTACK8
   \   00011E   7F01         MOV     R7,#0x1
   \   000120   02....       LJMP    ?BANKED_LEAVE_XDATA

   \                                 In  segment BANKED_CODE, align 1, keep-with-next
   \                     ?Subroutine9:
   \   000000   7CE8         MOV     R4,#-0x18
   \   000002   7D03         MOV     R5,#0x3
   \   000004   7A08         MOV     R2,#0x8
   \   000006                REQUIRE ??Subroutine29_0
   \   000006                ; // Fall through to label ??Subroutine29_0

   \                                 In  segment BANKED_CODE, align 1, keep-with-next
   \                     ??Subroutine29_0:
   \   000000   7B00         MOV     R3,#0x0
   \   000002   90....       MOV     DPTR,#SerialApp_TaskID
   \   000005   E0           MOVX    A,@DPTR
   \   000006   F9           MOV     R1,A
   \   000007   12....       LCALL   ??osal_start_timerEx?relay
   \   00000A   22           RET

   \                                 In  segment BANKED_CODE, align 1, keep-with-next
   \                     ??Subroutine31_0:
   \   000000   F0           MOVX    @DPTR,A
   \   000001   A3           INC     DPTR
   \   000002   E4           CLR     A
   \   000003   F0           MOVX    @DPTR,A
   \   000004   22           RET
    276          
    277          /*********************************************************************
    278           * @fn      SerialApp_ProcessEvent
    279           *
    280           * @brief   Generic Application Task event processor.
    281           *
    282           * @param   task_id  - The OSAL assigned task ID.
    283           * @param   events   - Bit map of events to process.
    284           *
    285           * @return  Event flags of all unprocessed events.
    286           */

   \                                 In  segment BANKED_CODE, align 1, keep-with-next
    287          UINT16 SerialApp_ProcessEvent( uint8 task_id, UINT16 events )
   \                     SerialApp_ProcessEvent:
    288          {
   \   000000   74F2         MOV     A,#-0xe
   \   000002   12....       LCALL   ?BANKED_ENTER_XDATA
   \   000005                ; Saved register size: 14
   \   000005                ; Auto size: 40
   \   000005   74D8         MOV     A,#-0x28
   \   000007   12....       LCALL   ?ALLOC_XSTACK8
   \   00000A   EA           MOV     A,R2
   \   00000B   FE           MOV     R6,A
   \   00000C   EB           MOV     A,R3
   \   00000D   FF           MOV     R7,A
    289            (void)task_id;  // Intentionally unreferenced parameter
    290            
    291            if ( events & SYS_EVENT_MSG )
   \   00000E   5480         ANL     A,#0x80
   \   000010   7066         JNZ     ??SerialApp_ProcessEvent_0
    292            {
    293              afIncomingMSGPacket_t *MSGpkt;
    294          
    295              while ( (MSGpkt = (afIncomingMSGPacket_t *)osal_msg_receive( SerialApp_TaskID )) )
    296              {
    297                switch ( MSGpkt->hdr.event )
    298                {
    299                case AF_INCOMING_MSG_CMD:
    300                  SerialApp_ProcessMSGCmd( MSGpkt );
    301                  break;
    302                  
    303                case ZDO_STATE_CHANGE:
    304                  SampleApp_NwkState = (devStates_t)(MSGpkt->hdr.status);
    305                  
    306                  if ( (SampleApp_NwkState == DEV_ZB_COORD)
    307                      || (SampleApp_NwkState == DEV_ROUTER)
    308                      || (SampleApp_NwkState == DEV_END_DEVICE) )
    309                  {
    310                      HalLedSet(HAL_LED_1, HAL_LED_MODE_ON);
    311                      
    312                      if (SampleApp_NwkState == DEV_ZB_COORD)
    313                      {
    314                        (void)SerialApp_SafeUARTWrite(0, (uint8*)"[COORD] Network established\r\n", 30);
    315                      }
    316                      else
    317                      {
    318                        uint16 selfAddr = NLME_GetShortAddr();
    319                        char deviceBuffer[40];
    320                        sprintf(deviceBuffer, "[END0x%04X] Network established\r\n", selfAddr);
    321                        (void)SerialApp_SafeUARTWrite(0, (uint8*)deviceBuffer, strlen(deviceBuffer));
    322                      }
    323                      
    324                      if(SampleApp_NwkState != DEV_ZB_COORD)
    325                        SerialApp_DeviceConnect();              
    326                  }
    327                  else
    328                  {
    329                    HalLedSet(HAL_LED_1, HAL_LED_MODE_OFF);
    330                  }
    331                  break;
    332          
    333                default:
    334                  break;
    335                }
    336          
    337                osal_msg_deallocate( (uint8 *)MSGpkt );
    338              }
    339          
    340              return ( events ^ SYS_EVENT_MSG );
    341            }
    342          
    343            if ( events & SERIALAPP_SEND_EVT )
   \   000012   EE           MOV     A,R6
   \   000013   A2E0         MOV     C,0xE0 /* A   */.0
   \   000015   4003         JC      $+5
   \   000017   02....       LJMP    ??SerialApp_ProcessEvent_1 & 0xFFFF
    344            {
    345              SerialApp_Send();
   \   00001A   90....       MOV     DPTR,#SerialApp_TxLen
   \   00001D   E0           MOVX    A,@DPTR
   \   00001E   7003         JNZ     $+5
   \   000020   02....       LJMP    ??SerialApp_ProcessEvent_2 & 0xFFFF
   \   000023                ; Setup parameters for call to function AF_DataRequest
   \   000023   75..1E       MOV     ?V0 + 0,#0x1e
   \   000026   78..         MOV     R0,#?V0 + 0
   \   000028   12....       LCALL   ?PUSH_XSTACK_I_ONE
   \   00002B   75....       MOV     ?V0 + 0,#SerialApp_MsgID & 0xff
   \   00002E   75....       MOV     ?V0 + 1,#(SerialApp_MsgID >> 8) & 0xff
   \   000031   78..         MOV     R0,#?V0 + 0
   \   000033   12....       LCALL   ?PUSH_XSTACK_I_TWO
   \   000036   75....       MOV     ?V0 + 0,#SerialApp_TxBuf & 0xff
   \   000039   75....       MOV     ?V0 + 1,#(SerialApp_TxBuf >> 8) & 0xff
   \   00003C   78..         MOV     R0,#?V0 + 0
   \   00003E   12....       LCALL   ?PUSH_XSTACK_I_TWO
   \   000041   90....       MOV     DPTR,#SerialApp_TxLen
   \   000044   E0           MOVX    A,@DPTR
   \   000045   12....       LCALL   ?Subroutine18 & 0xFFFF
   \                     ??CrossCallReturnLabel_29:
   \   000048   12....       LCALL   ?PUSH_XSTACK_I_TWO
   \   00004B   75..01       MOV     ?V0 + 0,#0x1
   \   00004E   75..00       MOV     ?V0 + 1,#0x0
   \   000051   78..         MOV     R0,#?V0 + 0
   \   000053   12....       LCALL   ?PUSH_XSTACK_I_TWO
   \   000056   12....       LCALL   ?Subroutine20 & 0xFFFF
   \                     ??CrossCallReturnLabel_59:
   \   000059   12....       LCALL   ?DEALLOC_XSTACK8
   \   00005C   E9           MOV     A,R1
   \   00005D   7003         JNZ     $+5
   \   00005F   02....       LJMP    ??SerialApp_ProcessEvent_3 & 0xFFFF
   \   000062                ; Setup parameters for call to function osal_set_event
   \   000062   7A01         MOV     R2,#0x1
   \   000064   12....       LCALL   ?Subroutine14 & 0xFFFF
   \                     ??CrossCallReturnLabel_44:
   \   000067   02....       LJMP    ??SerialApp_ProcessEvent_2 & 0xFFFF
   \                     ??SerialApp_ProcessEvent_4:
   \   00006A                ; Setup parameters for call to function HalLedSet
   \   00006A   7A00         MOV     R2,#0x0
   \   00006C   7901         MOV     R1,#0x1
   \   00006E   12....       LCALL   ??HalLedSet?relay
   \                     ??SerialApp_ProcessEvent_5:
   \   000071                ; Setup parameters for call to function osal_msg_deallocate
   \   000071   AA..         MOV     R2,?V0 + 0
   \   000073   AB..         MOV     R3,?V0 + 1
   \   000075   12....       LCALL   ??osal_msg_deallocate?relay
   \                     ??SerialApp_ProcessEvent_0:
   \   000078                ; Setup parameters for call to function osal_msg_receive
   \   000078   90....       MOV     DPTR,#SerialApp_TaskID
   \   00007B   E0           MOVX    A,@DPTR
   \   00007C   F9           MOV     R1,A
   \   00007D   12....       LCALL   ??osal_msg_receive?relay
   \   000080   8A..         MOV     ?V0 + 0,R2
   \   000082   8B..         MOV     ?V0 + 1,R3
   \   000084   EA           MOV     A,R2
   \   000085   45..         ORL     A,?V0 + 1
   \   000087   6066         JZ      ??SerialApp_ProcessEvent_6
   \   000089   8A82         MOV     DPL,R2
   \   00008B   8B83         MOV     DPH,R3
   \   00008D   E0           MOVX    A,@DPTR
   \   00008E   24E6         ADD     A,#-0x1a
   \   000090   6006         JZ      ??SerialApp_ProcessEvent_7
   \   000092   2449         ADD     A,#0x49
   \   000094   6007         JZ      ??SerialApp_ProcessEvent_8
   \   000096   80D9         SJMP    ??SerialApp_ProcessEvent_5
   \                     ??SerialApp_ProcessEvent_7:
   \   000098                ; Setup parameters for call to function SerialApp_ProcessMSGCmd
   \   000098   12....       LCALL   ??SerialApp_ProcessMSGCmd?relay
   \   00009B   80D4         SJMP    ??SerialApp_ProcessEvent_5
   \                     ??SerialApp_ProcessEvent_8:
   \   00009D   A3           INC     DPTR
   \   00009E   E0           MOVX    A,@DPTR
   \   00009F   90....       MOV     DPTR,#SampleApp_NwkState
   \   0000A2   F0           MOVX    @DPTR,A
   \   0000A3   6409         XRL     A,#0x9
   \   0000A5   600A         JZ      ??SerialApp_ProcessEvent_9
   \   0000A7   E0           MOVX    A,@DPTR
   \   0000A8   6407         XRL     A,#0x7
   \   0000AA   6005         JZ      ??SerialApp_ProcessEvent_9
   \   0000AC   E0           MOVX    A,@DPTR
   \   0000AD   6406         XRL     A,#0x6
   \   0000AF   70B9         JNZ     ??SerialApp_ProcessEvent_4
   \                     ??SerialApp_ProcessEvent_9:
   \   0000B1                ; Setup parameters for call to function HalLedSet
   \   0000B1   7A01         MOV     R2,#0x1
   \   0000B3   7901         MOV     R1,#0x1
   \   0000B5   12....       LCALL   ??HalLedSet?relay
   \   0000B8   90....       MOV     DPTR,#SampleApp_NwkState
   \   0000BB   E0           MOVX    A,@DPTR
   \   0000BC   6409         XRL     A,#0x9
   \   0000BE   700F         JNZ     ??SerialApp_ProcessEvent_10
   \   0000C0                ; Setup parameters for call to function SerialApp_SafeUARTWrite
   \   0000C0   7C1E         MOV     R4,#0x1e
   \   0000C2   7D00         MOV     R5,#0x0
   \   0000C4   7A..         MOV     R2,#`?<Constant "[COORD] Network estab...">` & 0xff
   \   0000C6   7B..         MOV     R3,#(`?<Constant "[COORD] Network estab...">` >> 8) & 0xff
   \                     ??SerialApp_ProcessEvent_11:
   \   0000C8   7900         MOV     R1,#0x0
   \   0000CA   12....       LCALL   ??SerialApp_SafeUARTWrite?relay
   \   0000CD   80A2         SJMP    ??SerialApp_ProcessEvent_5
   \                     ??SerialApp_ProcessEvent_10:
   \   0000CF                ; Setup parameters for call to function NLME_GetShortAddr
   \   0000CF   12....       LCALL   ??NLME_GetShortAddr?relay
   \   0000D2   8A..         MOV     ?V0 + 2,R2
   \   0000D4   8B..         MOV     ?V0 + 3,R3
   \   0000D6                ; Setup parameters for call to function sprintf
   \   0000D6   78..         MOV     R0,#?V0 + 2
   \   0000D8   12....       LCALL   ?PUSH_XSTACK_I_TWO
   \   0000DB   7C..         MOV     R4,#`?<Constant "[END0x%04X] Network e...">` & 0xff
   \   0000DD   7D..         MOV     R5,#(`?<Constant "[END0x%04X] Network e...">` >> 8) & 0xff
   \   0000DF   7402         MOV     A,#0x2
   \   0000E1   12....       LCALL   ?XSTACK_DISP0_8
   \   0000E4   12....       LCALL   ?Subroutine16 & 0xFFFF
   \                     ??CrossCallReturnLabel_19:
   \   0000E7   12....       LCALL   ?DEALLOC_XSTACK8
   \   0000EA                ; Setup parameters for call to function SerialApp_SafeUARTWrite
   \   0000EA                ; Setup parameters for call to function strlen
   \   0000EA   12....       LCALL   ?Subroutine15 & 0xFFFF
   \                     ??CrossCallReturnLabel_17:
   \   0000ED   80D9         SJMP    ??SerialApp_ProcessEvent_11
   \                     ??SerialApp_ProcessEvent_6:
   \   0000EF   EE           MOV     A,R6
   \   0000F0   FA           MOV     R2,A
   \   0000F1   EF           MOV     A,R7
   \   0000F2   6480         XRL     A,#0x80
   \                     ??SerialApp_ProcessEvent_12:
   \   0000F4   FB           MOV     R3,A
   \   0000F5   02....       LJMP    ??SerialApp_ProcessEvent_13 & 0xFFFF
   \                     ??SerialApp_ProcessEvent_3:
   \   0000F8   90....       MOV     DPTR,#SerialApp_TxLen
   \   0000FB   E4           CLR     A
   \   0000FC   F0           MOVX    @DPTR,A
    346              return ( events ^ SERIALAPP_SEND_EVT );
   \                     ??SerialApp_ProcessEvent_2:
   \   0000FD   EE           MOV     A,R6
   \   0000FE   6401         XRL     A,#0x1
   \                     ??SerialApp_ProcessEvent_14:
   \   000100   FA           MOV     R2,A
   \   000101   EF           MOV     A,R7
   \   000102   80F0         SJMP    ??SerialApp_ProcessEvent_12
    347            }
    348          
    349            if ( events & SERIALAPP_RESP_EVT )
   \                     ??SerialApp_ProcessEvent_1:
   \   000104   5402         ANL     A,#0x2
   \   000106   604E         JZ      ??SerialApp_ProcessEvent_15
    350            {
    351              SerialApp_Resp();
   \   000108                ; Setup parameters for call to function AF_DataRequest
   \   000108   75..1E       MOV     ?V0 + 0,#0x1e
   \   00010B   78..         MOV     R0,#?V0 + 0
   \   00010D   12....       LCALL   ?PUSH_XSTACK_I_ONE
   \   000110   75....       MOV     ?V0 + 0,#SerialApp_MsgID & 0xff
   \   000113   75....       MOV     ?V0 + 1,#(SerialApp_MsgID >> 8) & 0xff
   \   000116   78..         MOV     R0,#?V0 + 0
   \   000118   12....       LCALL   ?PUSH_XSTACK_I_TWO
   \   00011B   75....       MOV     ?V0 + 0,#SerialApp_RspBuf & 0xff
   \   00011E   75....       MOV     ?V0 + 1,#(SerialApp_RspBuf >> 8) & 0xff
   \   000121   78..         MOV     R0,#?V0 + 0
   \   000123   12....       LCALL   ?PUSH_XSTACK_I_TWO
   \   000126   75..04       MOV     ?V0 + 0,#0x4
   \   000129   75..00       MOV     ?V0 + 1,#0x0
   \   00012C   78..         MOV     R0,#?V0 + 0
   \   00012E   12....       LCALL   ?PUSH_XSTACK_I_TWO
   \   000131   75..02       MOV     ?V0 + 0,#0x2
   \   000134   78..         MOV     R0,#?V0 + 0
   \   000136   12....       LCALL   ?PUSH_XSTACK_I_TWO
   \   000139   7900         MOV     R1,#0x0
   \   00013B   7C..         MOV     R4,#SerialApp_epDesc & 0xff
   \   00013D   7D..         MOV     R5,#(SerialApp_epDesc >> 8) & 0xff
   \   00013F   7A..         MOV     R2,#SerialApp_RxAddr & 0xff
   \   000141   7B..         MOV     R3,#(SerialApp_RxAddr >> 8) & 0xff
   \   000143   12....       LCALL   ??Subroutine32_0 & 0xFFFF
   \                     ??CrossCallReturnLabel_62:
   \   000146   12....       LCALL   ?DEALLOC_XSTACK8
   \   000149   E9           MOV     A,R1
   \   00014A   6005         JZ      ??CrossCallReturnLabel_45
   \   00014C                ; Setup parameters for call to function osal_set_event
   \   00014C   7A02         MOV     R2,#0x2
   \   00014E   12....       LCALL   ?Subroutine14 & 0xFFFF
    352              return ( events ^ SERIALAPP_RESP_EVT );
   \                     ??CrossCallReturnLabel_45:
   \   000151   EE           MOV     A,R6
   \   000152   6402         XRL     A,#0x2
   \                     ??SerialApp_ProcessEvent_16:
   \   000154   80AA         SJMP    ??SerialApp_ProcessEvent_14
    353            }
    354          
    355            if ( events & SENSOR_DATA_EVT )
   \                     ??SerialApp_ProcessEvent_15:
   \   000156   EE           MOV     A,R6
   \   000157   5404         ANL     A,#0x4
   \   000159   6011         JZ      ??SerialApp_ProcessEvent_17
    356            {
    357              SerialApp_ProcessSensorEvent();
   \   00015B                ; Setup parameters for call to function SerialApp_ReadADCSensor
   \   00015B   12....       LCALL   ??SerialApp_ReadADCSensor?relay
   \   00015E                ; Setup parameters for call to function osal_start_timerEx
   \   00015E   7C88         MOV     R4,#-0x78
   \   000160   7D13         MOV     R5,#0x13
   \   000162   7A04         MOV     R2,#0x4
   \   000164   12....       LCALL   ??Subroutine29_0 & 0xFFFF
    358              return ( events ^ SENSOR_DATA_EVT );
   \                     ??CrossCallReturnLabel_50:
   \   000167   EE           MOV     A,R6
   \   000168   6404         XRL     A,#0x4
   \   00016A   8094         SJMP    ??SerialApp_ProcessEvent_14
    359            }
    360          
    361            if ( events & SERIALAPP_PROCESS_EVT )
   \                     ??SerialApp_ProcessEvent_17:
   \   00016C   EE           MOV     A,R6
   \   00016D   5408         ANL     A,#0x8
   \   00016F   600B         JZ      ??SerialApp_ProcessEvent_18
    362            {
    363              SerialApp_ProcessUARTBuffer();
   \   000171                ; Setup parameters for call to function SerialApp_ProcessPMS7003Data
   \   000171   12....       LCALL   ??SerialApp_ProcessPMS7003Data?relay
    364              // Restart timer for next processing
    365              osal_start_timerEx(SerialApp_TaskID, SERIALAPP_PROCESS_EVT, 1000);
   \   000174                ; Setup parameters for call to function osal_start_timerEx
   \   000174   12....       LCALL   ?Subroutine9 & 0xFFFF
    366              return ( events ^ SERIALAPP_PROCESS_EVT );
   \                     ??CrossCallReturnLabel_48:
   \   000177   EE           MOV     A,R6
   \   000178   6408         XRL     A,#0x8
   \   00017A   8084         SJMP    ??SerialApp_ProcessEvent_14
    367            }
    368          
    369            return ( 0 );  // Discard unknown events.
   \                     ??SerialApp_ProcessEvent_18:
   \   00017C   7A00         MOV     R2,#0x0
   \   00017E   7B00         MOV     R3,#0x0
   \                     ??SerialApp_ProcessEvent_13:
   \   000180   7428         MOV     A,#0x28
   \   000182   12....       LCALL   ?DEALLOC_XSTACK8
   \   000185   7F06         MOV     R7,#0x6
   \   000187   02....       LJMP    ?BANKED_LEAVE_XDATA
    370          }

   \                                 In  segment BANKED_CODE, align 1, keep-with-next
   \                     ?Subroutine15:
   \   000000   12....       LCALL   ?Subroutine26 & 0xFFFF
   \                     ??CrossCallReturnLabel_40:
   \   000003   AA82         MOV     R2,DPL
   \   000005   AB83         MOV     R3,DPH
   \   000007   22           RET

   \                                 In  segment BANKED_CODE, align 1, keep-with-next
   \                     ?Subroutine26:
   \   000000   85..82       MOV     DPL,?XSP + 0
   \   000003   85..83       MOV     DPH,?XSP + 1
   \   000006   AA82         MOV     R2,DPL
   \   000008   AB83         MOV     R3,DPH
   \   00000A   12....       LCALL   ??strlen?relay
   \   00000D   EA           MOV     A,R2
   \   00000E   FC           MOV     R4,A
   \   00000F   EB           MOV     A,R3
   \   000010   FD           MOV     R5,A
   \   000011   85..82       MOV     DPL,?XSP + 0
   \   000014   85..83       MOV     DPH,?XSP + 1
   \   000017   22           RET

   \                                 In  segment BANKED_CODE, align 1, keep-with-next
   \                     ?Subroutine16:
   \   000000   AA82         MOV     R2,DPL
   \   000002   AB83         MOV     R3,DPH
   \   000004   12....       LCALL   ??sprintf?relay
   \   000007   7402         MOV     A,#0x2
   \   000009   22           RET
    371          
    372          /*********************************************************************
    373           * @fn      SerialApp_ProcessMSGCmd
    374           *
    375           * @brief   Data message processor callback. This function processes
    376           *          any incoming data - probably from other devices. Based
    377           *          on the cluster ID, perform the intended action.
    378           *
    379           * @param   pkt - pointer to the incoming message packet
    380           *
    381           * @return  TRUE if the 'pkt' parameter is being used and will be freed later,
    382           *          FALSE otherwise.
    383           */

   \                                 In  segment BANKED_CODE, align 1, keep-with-next
   \                     ??Subroutine28_0:
   \   000000   90....       MOV     DPTR,#SerialApp_TaskID
   \   000003   E0           MOVX    A,@DPTR
   \   000004   F9           MOV     R1,A
   \   000005   12....       LCALL   ??osal_set_event?relay
   \   000008   22           RET

   \                                 In  segment BANKED_CODE, align 1, keep-with-next
    384          void SerialApp_ProcessMSGCmd( afIncomingMSGPacket_t *pkt )
   \                     SerialApp_ProcessMSGCmd:
    385          {
   \   000000   74F1         MOV     A,#-0xf
   \   000002   12....       LCALL   ?BANKED_ENTER_XDATA
   \   000005                ; Saved register size: 15
   \   000005                ; Auto size: 140
   \   000005   7474         MOV     A,#0x74
   \   000007   12....       LCALL   ?ALLOC_XSTACK8
   \   00000A   8A..         MOV     ?V0 + 4,R2
   \   00000C   8B..         MOV     ?V0 + 5,R3
    386            uint8 stat;
    387            uint8 seqnb;
    388            uint8 delay;
    389          
    390            switch ( pkt->clusterId )
   \   00000E   EA           MOV     A,R2
   \   00000F   2421         ADD     A,#0x21
   \   000011   FE           MOV     R6,A
   \   000012   EB           MOV     A,R3
   \   000013   3400         ADDC    A,#0x0
   \   000015   FF           MOV     R7,A
   \   000016   8A82         MOV     DPL,R2
   \   000018   8B83         MOV     DPH,R3
   \   00001A   12....       LCALL   ?Subroutine23 & 0xFFFF
   \                     ??CrossCallReturnLabel_67:
   \   00001D   78..         MOV     R0,#?V0 + 0
   \   00001F   12....       LCALL   ?US_SWITCH_DENSE
   \                     `?<Jumptable for SerialApp_ProcessMSGCmd>_0`:
   \   000022   0100         DW        1
   \   000024   02           DB        2
   \   000025   ....         DW        ??SerialApp_ProcessMSGCmd_0
   \   000027   ....         DW        ??SerialApp_ProcessMSGCmd_1
   \   000029   ....         DW        ??SerialApp_ProcessMSGCmd_2
   \   00002B   ....         DW        ??SerialApp_ProcessMSGCmd_3
   \                     ??SerialApp_ProcessMSGCmd_1:
   \   00002D                ; Setup parameters for call to function osal_memcpy
   \   00002D   EA           MOV     A,R2
   \   00002E   2406         ADD     A,#0x6
   \   000030   F5..         MOV     ?V0 + 0,A
   \   000032   EB           MOV     A,R3
   \   000033   3400         ADDC    A,#0x0
   \   000035   F5..         MOV     ?V0 + 1,A
   \   000037   75..00       MOV     ?V0 + 2,#0x0
   \   00003A   78..         MOV     R0,#?V0 + 0
   \   00003C   12....       LCALL   ?PUSH_XSTACK_I_THREE
   \   00003F   7C0C         MOV     R4,#0xc
   \   000041   7D00         MOV     R5,#0x0
   \   000043   7A..         MOV     R2,#SerialApp_RxAddr & 0xff
   \   000045   7B..         MOV     R3,#(SerialApp_RxAddr >> 8) & 0xff
    391            {
    392            // A message with a serial data block to be transmitted on the serial port.
    393            case SERIALAPP_CLUSTERID1:
    394              // Store the address for sending and retrying.
    395              osal_memcpy(&SerialApp_RxAddr, &(pkt->srcAddr), sizeof( afAddrType_t ));
   \   000047   12....       LCALL   ??osal_memcpy?relay
   \   00004A   7403         MOV     A,#0x3
   \   00004C   12....       LCALL   ?DEALLOC_XSTACK8
    396          
    397              // Check if this is PMS7003 binary data (1 byte type + 32 bytes raw frame)
    398              if (pkt->cmd.DataLength == 33 && pkt->cmd.Data[0] == SENSOR_TYPE_PMS7003)
   \   00004F   E5..         MOV     A,?V0 + 4
   \   000051   241F         ADD     A,#0x1f
   \   000053   F582         MOV     DPL,A
   \   000055   E5..         MOV     A,?V0 + 5
   \   000057   12....       LCALL   ??Subroutine34_0 & 0xFFFF
   \                     ??CrossCallReturnLabel_70:
   \   00005A   FA           MOV     R2,A
   \   00005B   A3           INC     DPTR
   \   00005C   E0           MOVX    A,@DPTR
   \   00005D   FB           MOV     R3,A
   \   00005E   7421         MOV     A,#0x21
   \   000060   6A           XRL     A,R2
   \   000061   7001         JNZ     ??SerialApp_ProcessMSGCmd_4
   \   000063   EB           MOV     A,R3
   \                     ??SerialApp_ProcessMSGCmd_4:
   \   000064   6003         JZ      $+5
   \   000066   02....       LJMP    ??SerialApp_ProcessMSGCmd_5 & 0xFFFF
   \   000069   12....       LCALL   ?Subroutine11 & 0xFFFF
   \                     ??CrossCallReturnLabel_11:
   \   00006C   6401         XRL     A,#0x1
   \   00006E   6003         JZ      $+5
   \   000070   02....       LJMP    ??SerialApp_ProcessMSGCmd_6 & 0xFFFF
    399              {
    400                // This is PMS7003 binary data - parse it properly
    401                uint8 *pmsData = &pkt->cmd.Data[1]; // Skip type byte
   \   000073   A3           INC     DPTR
   \   000074   A882         MOV     R0,DPL
   \   000076   A983         MOV     R1,DPH
    402                uint16 srcAddr = pkt->srcAddr.addr.shortAddr;
   \   000078   85..82       MOV     DPL,?V0 + 4
   \   00007B   85..83       MOV     DPH,?V0 + 5
   \   00007E   A3           INC     DPTR
   \   00007F   A3           INC     DPTR
   \   000080   A3           INC     DPTR
   \   000081   A3           INC     DPTR
   \   000082   A3           INC     DPTR
   \   000083   A3           INC     DPTR
   \   000084   E0           MOVX    A,@DPTR
   \   000085   FA           MOV     R2,A
   \   000086   A3           INC     DPTR
   \   000087   E0           MOVX    A,@DPTR
   \   000088   FB           MOV     R3,A
    403                
    404                // Verify PMS7003 header
    405                if (pmsData[0] == 0x42 && pmsData[1] == 0x4D)
   \   000089   8882         MOV     DPL,R0
   \   00008B   8983         MOV     DPH,R1
   \   00008D   E0           MOVX    A,@DPTR
   \   00008E   6442         XRL     A,#0x42
   \   000090   6003         JZ      $+5
   \   000092   02....       LJMP    ??SerialApp_ProcessMSGCmd_7 & 0xFFFF
   \   000095   A3           INC     DPTR
   \   000096   E0           MOVX    A,@DPTR
   \   000097   644D         XRL     A,#0x4d
   \   000099   6003         JZ      $+5
   \   00009B   02....       LJMP    ??SerialApp_ProcessMSGCmd_7 & 0xFFFF
    406                {
    407                  // Calculate checksum (sum of first 30 bytes)
    408                  uint16 calcChecksum = 0;
   \   00009E   7C00         MOV     R4,#0x0
   \   0000A0   7D00         MOV     R5,#0x0
    409                  for (uint8 i = 0; i < 30; i++)
   \   0000A2   7E00         MOV     R6,#0x0
    410                  {
    411                    calcChecksum += pmsData[i];
   \                     ??SerialApp_ProcessMSGCmd_8:
   \   0000A4   8E..         MOV     ?V0 + 0,R6
   \   0000A6   E8           MOV     A,R0
   \   0000A7   25..         ADD     A,?V0 + 0
   \   0000A9   12....       LCALL   ?Subroutine19 & 0xFFFF
    412                  }
   \                     ??CrossCallReturnLabel_72:
   \   0000AC   F5..         MOV     ?V0 + 0,A
   \   0000AE   EC           MOV     A,R4
   \   0000AF   25..         ADD     A,?V0 + 0
   \   0000B1   FC           MOV     R4,A
   \   0000B2   ED           MOV     A,R5
   \   0000B3   3400         ADDC    A,#0x0
   \   0000B5   FD           MOV     R5,A
   \   0000B6   0E           INC     R6
   \   0000B7   EE           MOV     A,R6
   \   0000B8   C3           CLR     C
   \   0000B9   941E         SUBB    A,#0x1e
   \   0000BB   40E7         JC      ??SerialApp_ProcessMSGCmd_8
    413                  
    414                  // Get received checksum (bytes 30 and 31) - PMS7003 uses little-endian for checksum!
    415                  uint16 recvChecksum = ((uint16)pmsData[30] << 8) | pmsData[31];
    416                  
    417                  if (calcChecksum == recvChecksum)
   \   0000BD   E8           MOV     A,R0
   \   0000BE   241E         ADD     A,#0x1e
   \   0000C0   12....       LCALL   ?Subroutine19 & 0xFFFF
   \                     ??CrossCallReturnLabel_73:
   \   0000C3   FF           MOV     R7,A
   \   0000C4   E8           MOV     A,R0
   \   0000C5   241F         ADD     A,#0x1f
   \   0000C7   12....       LCALL   ?Subroutine19 & 0xFFFF
   \                     ??CrossCallReturnLabel_74:
   \   0000CA   6C           XRL     A,R4
   \   0000CB   7002         JNZ     ??SerialApp_ProcessMSGCmd_9
   \   0000CD   EF           MOV     A,R7
   \   0000CE   6D           XRL     A,R5
   \                     ??SerialApp_ProcessMSGCmd_9:
   \   0000CF   7073         JNZ     ??SerialApp_ProcessMSGCmd_7
    418                  {
    419                    // Valid PMS7003 frame - parse PM values
    420                    coPm1Value = ((uint16)pmsData[4] << 8) | pmsData[5];
   \   0000D1   8882         MOV     DPL,R0
   \   0000D3   8983         MOV     DPH,R1
   \   0000D5   A3           INC     DPTR
   \   0000D6   A3           INC     DPTR
   \   0000D7   A3           INC     DPTR
   \   0000D8   A3           INC     DPTR
   \   0000D9   12....       LCALL   ?Subroutine24 & 0xFFFF
   \                     ??CrossCallReturnLabel_35:
   \   0000DC   E0           MOVX    A,@DPTR
   \   0000DD   90....       MOV     DPTR,#coPm1Value
   \   0000E0   12....       LCALL   ?Subroutine3 & 0xFFFF
    421                    coPm25Value = ((uint16)pmsData[6] << 8) | pmsData[7];
   \                     ??CrossCallReturnLabel_0:
   \   0000E3   12....       LCALL   ?Subroutine8 & 0xFFFF
   \                     ??CrossCallReturnLabel_7:
   \   0000E6   E0           MOVX    A,@DPTR
   \   0000E7   90....       MOV     DPTR,#coPm25Value
   \   0000EA   12....       LCALL   ?Subroutine3 & 0xFFFF
    422                    coPm10Value = ((uint16)pmsData[8] << 8) | pmsData[9];
   \                     ??CrossCallReturnLabel_1:
   \   0000ED   A3           INC     DPTR
   \   0000EE   A3           INC     DPTR
   \   0000EF   12....       LCALL   ?Subroutine8 & 0xFFFF
   \                     ??CrossCallReturnLabel_8:
   \   0000F2   A3           INC     DPTR
   \   0000F3   A3           INC     DPTR
   \   0000F4   E0           MOVX    A,@DPTR
   \   0000F5   F8           MOV     R0,A
   \   0000F6   ED           MOV     A,R5
   \   0000F7   F9           MOV     R1,A
   \   0000F8   90....       MOV     DPTR,#coPm10Value
   \   0000FB   E8           MOV     A,R0
   \   0000FC   F0           MOVX    @DPTR,A
   \   0000FD   A3           INC     DPTR
   \   0000FE   E9           MOV     A,R1
   \   0000FF   F0           MOVX    @DPTR,A
    423                    
    424                    // Print PMS7003 data from terminal with source address
    425                    {
    426                      char pmsBuffer[80];
    427                      sprintf(pmsBuffer, "[COORD] RX [END0x%04X] PMS7003: PM1.0=%d PM2.5=%d PM10=%d\r\n", 
    428                              srcAddr, coPm1Value, coPm25Value, coPm10Value);
   \   000100                ; Setup parameters for call to function sprintf
   \   000100   90....       MOV     DPTR,#coPm10Value
   \   000103   12....       LCALL   ?PUSH_XSTACK8_X_TWO
   \   000106   90....       MOV     DPTR,#coPm25Value
   \   000109   12....       LCALL   ?PUSH_XSTACK8_X_TWO
   \   00010C   90....       MOV     DPTR,#coPm1Value
   \   00010F   12....       LCALL   ?PUSH_XSTACK8_X_TWO
   \   000112   8A..         MOV     ?V0 + 0,R2
   \   000114   8B..         MOV     ?V0 + 1,R3
   \   000116   78..         MOV     R0,#?V0 + 0
   \   000118   12....       LCALL   ?PUSH_XSTACK_I_TWO
   \   00011B   7C..         MOV     R4,#`?<Constant "[COORD] RX [END0x%04X...">` & 0xff
   \   00011D   7D..         MOV     R5,#(`?<Constant "[COORD] RX [END0x%04X...">` >> 8) & 0xff
   \   00011F   7444         MOV     A,#0x44
   \   000121   12....       LCALL   ?XSTACK_DISP0_8
   \   000124   AA82         MOV     R2,DPL
   \   000126   AB83         MOV     R3,DPH
   \   000128   12....       LCALL   ??sprintf?relay
   \   00012B   7408         MOV     A,#0x8
   \   00012D   12....       LCALL   ?DEALLOC_XSTACK8
    429                      (void)SerialApp_SafeUARTWrite(SERIAL_APP_PORT, (uint8*)pmsBuffer, strlen(pmsBuffer));
   \   000130                ; Setup parameters for call to function SerialApp_SafeUARTWrite
   \   000130                ; Setup parameters for call to function strlen
   \   000130   743C         MOV     A,#0x3c
   \   000132   12....       LCALL   ?XSTACK_DISP0_8
   \   000135   12....       LCALL   ?Subroutine21 & 0xFFFF
    430                    }
    431                  }
    432                }
    433              }
   \                     ??CrossCallReturnLabel_31:
   \   000138   12....       LCALL   ?XSTACK_DISP0_8
   \                     ??SerialApp_ProcessMSGCmd_10:
   \   00013B   AA82         MOV     R2,DPL
   \   00013D   AB83         MOV     R3,DPH
   \   00013F   7900         MOV     R1,#0x0
   \   000141   12....       LCALL   ??SerialApp_SafeUARTWrite?relay
    434              // Check if this is combined sensor data (ADC0+MQ2+Flame in one message)
    435              else if (pkt->cmd.DataLength == 8 && pkt->cmd.Data[1] == SENSOR_TYPE_COMBINED)
    436              {
    437                uint16 srcAddr = pkt->srcAddr.addr.shortAddr;
    438                
    439                // Parse all values from combined message
    440                coAdc0Value = BUILD_UINT16(pkt->cmd.Data[2], pkt->cmd.Data[3]);
    441                coMq2Value = BUILD_UINT16(pkt->cmd.Data[4], pkt->cmd.Data[5]);
    442                coFlameValue = BUILD_UINT16(pkt->cmd.Data[6], pkt->cmd.Data[7]);
    443                
    444                // Print combined RX message
    445                {
    446                  char combRxBuf[80];
    447                  sprintf(combRxBuf, "[COORD] RX [END0x%04X] ADC0=%d MQ2=%d Flame=%d\r\n", 
    448                          srcAddr, coAdc0Value, coMq2Value, coFlameValue);
    449                  (void)SerialApp_SafeUARTWrite(SERIAL_APP_PORT, (uint8*)combRxBuf, strlen(combRxBuf));
    450                }
    451                
    452                // Print combined data line
    453                {
    454                  char combBuf[60];
    455                  sprintf(combBuf, "[END0x%04X] %u,%u,%u,%u,%u\r\n", 
    456                          srcAddr, coPm1Value, coPm25Value, coPm10Value, coMq2Value, coFlameValue);
    457                  (void)SerialApp_SafeUARTWrite(SERIAL_APP_PORT, (uint8*)combBuf, strlen(combBuf));
    458                }
    459              }
    460              // Check if this is individual sensor data (legacy support)
    461              else if (pkt->cmd.DataLength == 4 && 
    462                       (pkt->cmd.Data[1] == SENSOR_TYPE_ADC || pkt->cmd.Data[1] == SENSOR_TYPE_MQ2 || pkt->cmd.Data[1] == SENSOR_TYPE_FLAME))
    463              {
    464                uint8 sensorType = pkt->cmd.Data[1];
    465                uint16 value = BUILD_UINT16(pkt->cmd.Data[2], pkt->cmd.Data[3]);
    466                uint16 srcAddr = pkt->srcAddr.addr.shortAddr;
                              ^
Warning[Pe177]: variable "srcAddr" was declared but never referenced

  static uint8 uartTxInProgress = FALSE;
               ^
"D:\BaiduNetdiskDownload\ZIGBEE¿ª·¢Ì×¼þWiFiÄ£¿éMQTT×ÊÁÏV3.0\3.µ½»õ²âÊÔ´úÂë\Z-StackÍ¸´«\Projects\zstack\Utilities\SerialApp\Source\SerialApp.c",186  Warning[Pe550]: 
          variable "uartTxInProgress" was set but never used
    467                
    468                if (sensorType == SENSOR_TYPE_MQ2)
    469                {
    470                  coMq2Value = value;
    471                }
    472                else if (sensorType == SENSOR_TYPE_FLAME)
    473                {
    474                  coFlameValue = value;
    475                }
    476                else if (sensorType == SENSOR_TYPE_ADC)
    477                {
    478                  coAdc0Value = value;
    479                }
    480              }
    481              else
    482              {
    483                // Normal serial data handling (text-based)
    484                seqnb = pkt->cmd.Data[0];
    485          
    486                // Keep message if not a repeat packet
    487                if ( (seqnb > SerialApp_RxSeq) ||                    // Normal
    488                    ((seqnb < 0x80 ) && ( SerialApp_RxSeq > 0x80)) ) // Wrap-around
    489                {
    490                    // Transmit the data on the serial port.
    491                    if ( SerialApp_SafeUARTWrite( SERIAL_APP_PORT, pkt->cmd.Data+1, (pkt->cmd.DataLength-1) ) )
    492                    {
    493                      // Save for next incoming message
    494                      SerialApp_RxSeq = seqnb;
    495                      stat = OTA_SUCCESS;
    496                    }
    497                    else
    498                    {
    499                      stat = OTA_SER_BUSY;
    500                    }
    501                }
    502                else
    503                {
    504                    stat = OTA_DUP_MSG;
    505                }
    506              }
    507          
    508              // Select approproiate OTA flow-control delay.
    509              delay = (stat == OTA_SER_BUSY) ? SERIALAPP_NAK_DELAY : SERIALAPP_ACK_DELAY;
   \                     ??SerialApp_ProcessMSGCmd_7:
   \   000144   7402         MOV     A,#0x2
   \   000146   65..         XRL     A,?V0 + 3
   \   000148   6003         JZ      $+5
   \   00014A   02....       LJMP    ??SerialApp_ProcessMSGCmd_11 & 0xFFFF
   \                     ??SerialApp_ProcessMSGCmd_12:
   \   00014D   7810         MOV     R0,#0x10
   \   00014F   02....       LJMP    ??SerialApp_ProcessMSGCmd_13 & 0xFFFF
   \                     ??SerialApp_ProcessMSGCmd_5:
   \   000152   7408         MOV     A,#0x8
   \   000154   6A           XRL     A,R2
   \   000155   7001         JNZ     ??SerialApp_ProcessMSGCmd_14
   \   000157   EB           MOV     A,R3
   \                     ??SerialApp_ProcessMSGCmd_14:
   \   000158   6003         JZ      $+5
   \   00015A   02....       LJMP    ??SerialApp_ProcessMSGCmd_15 & 0xFFFF
   \   00015D   12....       LCALL   ?Subroutine7 & 0xFFFF
   \                     ??CrossCallReturnLabel_4:
   \   000160   6405         XRL     A,#0x5
   \   000162   6003         JZ      $+5
   \   000164   02....       LJMP    ??SerialApp_ProcessMSGCmd_6 & 0xFFFF
   \   000167   85..82       MOV     DPL,?V0 + 4
   \   00016A   85..83       MOV     DPH,?V0 + 5
   \   00016D   A3           INC     DPTR
   \   00016E   A3           INC     DPTR
   \   00016F   12....       LCALL   ?Subroutine23 & 0xFFFF
   \                     ??CrossCallReturnLabel_68:
   \   000172   8882         MOV     DPL,R0
   \   000174   8983         MOV     DPH,R1
   \   000176   A3           INC     DPTR
   \   000177   A3           INC     DPTR
   \   000178   12....       LCALL   ?Subroutine13 & 0xFFFF
   \                     ??CrossCallReturnLabel_15:
   \   00017B   E0           MOVX    A,@DPTR
   \   00017C   FB           MOV     R3,A
   \   00017D   EC           MOV     A,R4
   \   00017E   90....       MOV     DPTR,#coAdc0Value
   \   000181   12....       LCALL   ?Subroutine4 & 0xFFFF
   \                     ??CrossCallReturnLabel_2:
   \   000184   12....       LCALL   ?Subroutine13 & 0xFFFF
   \                     ??CrossCallReturnLabel_16:
   \   000187   A3           INC     DPTR
   \   000188   A3           INC     DPTR
   \   000189   E0           MOVX    A,@DPTR
   \   00018A   FB           MOV     R3,A
   \   00018B   EC           MOV     A,R4
   \   00018C   90....       MOV     DPTR,#coMq2Value
   \   00018F   12....       LCALL   ?Subroutine4 & 0xFFFF
   \                     ??CrossCallReturnLabel_3:
   \   000192   12....       LCALL   ?Subroutine12 & 0xFFFF
   \                     ??CrossCallReturnLabel_13:
   \   000195   A3           INC     DPTR
   \   000196   A3           INC     DPTR
   \   000197   A3           INC     DPTR
   \   000198   A3           INC     DPTR
   \   000199   E0           MOVX    A,@DPTR
   \   00019A   F9           MOV     R1,A
   \   00019B   EA           MOV     A,R2
   \   00019C   90....       MOV     DPTR,#coFlameValue
   \   00019F   F0           MOVX    @DPTR,A
   \   0001A0   A3           INC     DPTR
   \   0001A1   E9           MOV     A,R1
   \   0001A2   F0           MOVX    @DPTR,A
   \   0001A3                ; Setup parameters for call to function sprintf
   \   0001A3   90....       MOV     DPTR,#coFlameValue
   \   0001A6   12....       LCALL   ?PUSH_XSTACK8_X_TWO
   \   0001A9   90....       MOV     DPTR,#coMq2Value
   \   0001AC   12....       LCALL   ?PUSH_XSTACK8_X_TWO
   \   0001AF   90....       MOV     DPTR,#coAdc0Value
   \   0001B2   12....       LCALL   ?PUSH_XSTACK8_X_TWO
   \   0001B5   78..         MOV     R0,#?V0 + 0
   \   0001B7   12....       LCALL   ?PUSH_XSTACK_I_TWO
   \   0001BA   7C..         MOV     R4,#`?<Constant "[COORD] RX [END0x%04X...">_1` & 0xff
   \   0001BC   7D..         MOV     R5,#(`?<Constant "[COORD] RX [END0x%04X...">_1` >> 8) & 0xff
   \   0001BE   7444         MOV     A,#0x44
   \   0001C0   12....       LCALL   ?XSTACK_DISP0_8
   \   0001C3   AA82         MOV     R2,DPL
   \   0001C5   AB83         MOV     R3,DPH
   \   0001C7   12....       LCALL   ??sprintf?relay
   \   0001CA   7408         MOV     A,#0x8
   \   0001CC   12....       LCALL   ?DEALLOC_XSTACK8
   \   0001CF                ; Setup parameters for call to function SerialApp_SafeUARTWrite
   \   0001CF                ; Setup parameters for call to function strlen
   \   0001CF   743C         MOV     A,#0x3c
   \   0001D1   12....       LCALL   ?XSTACK_DISP0_8
   \   0001D4   12....       LCALL   ?Subroutine21 & 0xFFFF
   \                     ??CrossCallReturnLabel_32:
   \   0001D7   12....       LCALL   ?XSTACK_DISP0_8
   \   0001DA   AA82         MOV     R2,DPL
   \   0001DC   AB83         MOV     R3,DPH
   \   0001DE   7900         MOV     R1,#0x0
   \   0001E0   12....       LCALL   ??SerialApp_SafeUARTWrite?relay
   \   0001E3                ; Setup parameters for call to function sprintf
   \   0001E3   90....       MOV     DPTR,#coFlameValue
   \   0001E6   12....       LCALL   ?PUSH_XSTACK8_X_TWO
   \   0001E9   90....       MOV     DPTR,#coMq2Value
   \   0001EC   12....       LCALL   ?PUSH_XSTACK8_X_TWO
   \   0001EF   90....       MOV     DPTR,#coPm10Value
   \   0001F2   12....       LCALL   ?PUSH_XSTACK8_X_TWO
   \   0001F5   90....       MOV     DPTR,#coPm25Value
   \   0001F8   12....       LCALL   ?PUSH_XSTACK8_X_TWO
   \   0001FB   90....       MOV     DPTR,#coPm1Value
   \   0001FE   12....       LCALL   ?PUSH_XSTACK8_X_TWO
   \   000201   78..         MOV     R0,#?V0 + 0
   \   000203   12....       LCALL   ?PUSH_XSTACK_I_TWO
   \   000206   7C..         MOV     R4,#`?<Constant "[END0x%04X] %u,%u,%u,...">` & 0xff
   \   000208   7D..         MOV     R5,#(`?<Constant "[END0x%04X] %u,%u,%u,...">` >> 8) & 0xff
   \   00020A   740C         MOV     A,#0xc
   \   00020C   12....       LCALL   ?XSTACK_DISP0_8
   \   00020F   AA82         MOV     R2,DPL
   \   000211   AB83         MOV     R3,DPH
   \   000213   12....       LCALL   ??sprintf?relay
   \   000216   740C         MOV     A,#0xc
   \   000218   12....       LCALL   ?DEALLOC_XSTACK8
   \   00021B                ; Setup parameters for call to function SerialApp_SafeUARTWrite
   \   00021B                ; Setup parameters for call to function strlen
   \   00021B   12....       LCALL   ?Subroutine26 & 0xFFFF
   \                     ??CrossCallReturnLabel_39:
   \   00021E   02....       LJMP    ??SerialApp_ProcessMSGCmd_10 & 0xFFFF
   \                     ??SerialApp_ProcessMSGCmd_15:
   \   000221   7404         MOV     A,#0x4
   \   000223   6A           XRL     A,R2
   \   000224   7001         JNZ     ??SerialApp_ProcessMSGCmd_16
   \   000226   EB           MOV     A,R3
   \                     ??SerialApp_ProcessMSGCmd_16:
   \   000227   7045         JNZ     ??SerialApp_ProcessMSGCmd_6
   \   000229   12....       LCALL   ?Subroutine7 & 0xFFFF
   \                     ??CrossCallReturnLabel_5:
   \   00022C   6402         XRL     A,#0x2
   \   00022E   600A         JZ      ??SerialApp_ProcessMSGCmd_17
   \   000230   E0           MOVX    A,@DPTR
   \   000231   6403         XRL     A,#0x3
   \   000233   6005         JZ      ??SerialApp_ProcessMSGCmd_17
   \   000235   E0           MOVX    A,@DPTR
   \   000236   6404         XRL     A,#0x4
   \   000238   7034         JNZ     ??SerialApp_ProcessMSGCmd_6
   \                     ??SerialApp_ProcessMSGCmd_17:
   \   00023A   E0           MOVX    A,@DPTR
   \   00023B   FC           MOV     R4,A
   \   00023C   8882         MOV     DPL,R0
   \   00023E   8983         MOV     DPH,R1
   \   000240   12....       LCALL   ?Subroutine12 & 0xFFFF
   \                     ??CrossCallReturnLabel_14:
   \   000243   E0           MOVX    A,@DPTR
   \   000244   F9           MOV     R1,A
   \   000245   EA           MOV     A,R2
   \   000246   F8           MOV     R0,A
   \   000247   7403         MOV     A,#0x3
   \   000249   6C           XRL     A,R4
   \   00024A   700B         JNZ     ??SerialApp_ProcessMSGCmd_18
   \   00024C   90....       MOV     DPTR,#coMq2Value
   \                     ??SerialApp_ProcessMSGCmd_19:
   \   00024F   E8           MOV     A,R0
   \   000250   F0           MOVX    @DPTR,A
   \   000251   A3           INC     DPTR
   \   000252   E9           MOV     A,R1
   \   000253   F0           MOVX    @DPTR,A
   \   000254   02....       LJMP    ??SerialApp_ProcessMSGCmd_7 & 0xFFFF
   \                     ??SerialApp_ProcessMSGCmd_18:
   \   000257   7404         MOV     A,#0x4
   \   000259   6C           XRL     A,R4
   \   00025A   7005         JNZ     ??SerialApp_ProcessMSGCmd_20
   \   00025C   90....       MOV     DPTR,#coFlameValue
   \   00025F   80EE         SJMP    ??SerialApp_ProcessMSGCmd_19
   \                     ??SerialApp_ProcessMSGCmd_20:
   \   000261   7402         MOV     A,#0x2
   \   000263   6C           XRL     A,R4
   \   000264   6003         JZ      $+5
   \   000266   02....       LJMP    ??SerialApp_ProcessMSGCmd_7 & 0xFFFF
   \   000269   90....       MOV     DPTR,#coAdc0Value
   \   00026C   80E1         SJMP    ??SerialApp_ProcessMSGCmd_19
   \                     ??SerialApp_ProcessMSGCmd_6:
   \   00026E   12....       LCALL   ?Subroutine11 & 0xFFFF
   \                     ??CrossCallReturnLabel_12:
   \   000271   F5..         MOV     ?V0 + 6,A
   \   000273   90....       MOV     DPTR,#SerialApp_RxSeq
   \   000276   E0           MOVX    A,@DPTR
   \   000277   C3           CLR     C
   \   000278   95..         SUBB    A,?V0 + 6
   \   00027A   400D         JC      ??SerialApp_ProcessMSGCmd_21
   \   00027C   E5..         MOV     A,?V0 + 6
   \   00027E   C3           CLR     C
   \   00027F   9480         SUBB    A,#-0x80
   \   000281   5030         JNC     ??SerialApp_ProcessMSGCmd_22
   \   000283   E0           MOVX    A,@DPTR
   \   000284   C3           CLR     C
   \   000285   9481         SUBB    A,#-0x7f
   \   000287   402A         JC      ??SerialApp_ProcessMSGCmd_22
   \                     ??SerialApp_ProcessMSGCmd_21:
   \   000289                ; Setup parameters for call to function SerialApp_SafeUARTWrite
   \   000289   EA           MOV     A,R2
   \   00028A   24FF         ADD     A,#-0x1
   \   00028C   FC           MOV     R4,A
   \   00028D   EB           MOV     A,R3
   \   00028E   34FF         ADDC    A,#-0x1
   \   000290   FD           MOV     R5,A
   \   000291   8882         MOV     DPL,R0
   \   000293   8983         MOV     DPH,R1
   \   000295   A3           INC     DPTR
   \   000296   AA82         MOV     R2,DPL
   \   000298   AB83         MOV     R3,DPH
   \   00029A   7900         MOV     R1,#0x0
   \   00029C   12....       LCALL   ??SerialApp_SafeUARTWrite?relay
   \   00029F   E9           MOV     A,R1
   \   0002A0   600B         JZ      ??SerialApp_ProcessMSGCmd_23
   \   0002A2   E5..         MOV     A,?V0 + 6
   \   0002A4   90....       MOV     DPTR,#SerialApp_RxSeq
   \   0002A7   F0           MOVX    @DPTR,A
   \   0002A8   75..00       MOV     ?V0 + 3,#0x0
   \   0002AB   8009         SJMP    ??SerialApp_ProcessMSGCmd_11
   \                     ??SerialApp_ProcessMSGCmd_23:
   \   0002AD   75..02       MOV     ?V0 + 3,#0x2
   \   0002B0   02....       LJMP    ??SerialApp_ProcessMSGCmd_12 & 0xFFFF
   \                     ??SerialApp_ProcessMSGCmd_22:
   \   0002B3   75..01       MOV     ?V0 + 3,#0x1
   \                     ??SerialApp_ProcessMSGCmd_11:
   \   0002B6   7801         MOV     R0,#0x1
    510          
    511              // Build & send OTA response message.
    512              SerialApp_RspBuf[0] = stat;
   \                     ??SerialApp_ProcessMSGCmd_13:
   \   0002B8   E5..         MOV     A,?V0 + 3
   \   0002BA   90....       MOV     DPTR,#SerialApp_RspBuf
   \   0002BD   F0           MOVX    @DPTR,A
    513              SerialApp_RspBuf[1] = seqnb;
   \   0002BE   E5..         MOV     A,?V0 + 6
   \   0002C0   A3           INC     DPTR
   \   0002C1   F0           MOVX    @DPTR,A
    514              SerialApp_RspBuf[2] = LO_UINT16( delay );
   \   0002C2   E8           MOV     A,R0
   \   0002C3   A3           INC     DPTR
   \   0002C4   12....       LCALL   ??Subroutine31_0 & 0xFFFF
    515              SerialApp_RspBuf[3] = HI_UINT16( delay );
    516              osal_set_event( SerialApp_TaskID, SERIALAPP_RESP_EVT );
   \                     ??CrossCallReturnLabel_52:
   \   0002C7                ; Setup parameters for call to function osal_set_event
   \   0002C7   7A02         MOV     R2,#0x2
   \   0002C9   FB           MOV     R3,A
   \   0002CA   12....       LCALL   ??Subroutine28_0 & 0xFFFF
    517              osal_stop_timerEx(SerialApp_TaskID, SERIALAPP_RESP_EVT);
   \                     ??CrossCallReturnLabel_46:
   \   0002CD                ; Setup parameters for call to function osal_stop_timerEx
   \   0002CD   7A02         MOV     R2,#0x2
   \   0002CF   7B00         MOV     R3,#0x0
   \                     ??SerialApp_ProcessMSGCmd_24:
   \   0002D1   90....       MOV     DPTR,#SerialApp_TaskID
   \   0002D4   E0           MOVX    A,@DPTR
   \   0002D5   F9           MOV     R1,A
   \   0002D6   12....       LCALL   ??osal_stop_timerEx?relay
    518              break;
   \   0002D9   803D         SJMP    ??SerialApp_ProcessMSGCmd_0
    519          
    520            // A response to a received serial data block.   // ï¿½Óµï¿½ï¿½ï¿½Ó¦ï¿½ï¿½Ï¢
    521            case SERIALAPP_CLUSTERID2:
    522              if ((pkt->cmd.Data[1] == SerialApp_TxSeq) &&
    523                 ((pkt->cmd.Data[0] == OTA_SUCCESS) || (pkt->cmd.Data[0] == OTA_DUP_MSG)))
   \                     ??SerialApp_ProcessMSGCmd_2:
   \   0002DB   12....       LCALL   ?Subroutine7 & 0xFFFF
   \                     ??CrossCallReturnLabel_6:
   \   0002DE   FA           MOV     R2,A
   \   0002DF   90....       MOV     DPTR,#SerialApp_TxSeq
   \   0002E2   E0           MOVX    A,@DPTR
   \   0002E3   6A           XRL     A,R2
   \   0002E4   7015         JNZ     ??SerialApp_ProcessMSGCmd_25
   \   0002E6   8882         MOV     DPL,R0
   \   0002E8   8983         MOV     DPH,R1
   \   0002EA   E0           MOVX    A,@DPTR
   \   0002EB   6004         JZ      ??SerialApp_ProcessMSGCmd_26
   \   0002ED   6401         XRL     A,#0x1
   \   0002EF   700A         JNZ     ??SerialApp_ProcessMSGCmd_25
    524              {
    525                SerialApp_TxLen = 0;
   \                     ??SerialApp_ProcessMSGCmd_26:
   \   0002F1   90....       MOV     DPTR,#SerialApp_TxLen
   \   0002F4   E4           CLR     A
   \   0002F5   F0           MOVX    @DPTR,A
    526                osal_stop_timerEx(SerialApp_TaskID, SERIALAPP_SEND_EVT);
   \   0002F6                ; Setup parameters for call to function osal_stop_timerEx
   \   0002F6   7A01         MOV     R2,#0x1
   \   0002F8   FB           MOV     R3,A
   \   0002F9   80D6         SJMP    ??SerialApp_ProcessMSGCmd_24
    527              }
    528              else
    529              {
    530                // Re-start timeout according to delay sent from other device.
    531                delay = BUILD_UINT16( pkt->cmd.Data[2], pkt->cmd.Data[3] );
    532                osal_start_timerEx( SerialApp_TaskID, SERIALAPP_SEND_EVT, delay );
   \                     ??SerialApp_ProcessMSGCmd_25:
   \   0002FB                ; Setup parameters for call to function osal_start_timerEx
   \   0002FB   8882         MOV     DPL,R0
   \   0002FD   8983         MOV     DPH,R1
   \   0002FF   A3           INC     DPTR
   \   000300   A3           INC     DPTR
   \   000301   E0           MOVX    A,@DPTR
   \   000302   FC           MOV     R4,A
   \   000303   7D00         MOV     R5,#0x0
   \   000305   7A01         MOV     R2,#0x1
   \   000307   12....       LCALL   ??Subroutine29_0 & 0xFFFF
    533              }
   \                     ??CrossCallReturnLabel_51:
   \   00030A   800C         SJMP    ??SerialApp_ProcessMSGCmd_0
    534              break;
    535          
    536              case SERIALAPP_CONNECTREQ_CLUSTER:
    537                SerialApp_ConnectReqProcess((uint8*)pkt->cmd.Data);
   \                     ??SerialApp_ProcessMSGCmd_3:
   \   00030C                ; Setup parameters for call to function SerialApp_ConnectReqProcess
   \   00030C   8E82         MOV     DPL,R6
   \   00030E   8F83         MOV     DPH,R7
   \   000310   E0           MOVX    A,@DPTR
   \   000311   FA           MOV     R2,A
   \   000312   A3           INC     DPTR
   \   000313   E0           MOVX    A,@DPTR
   \   000314   FB           MOV     R3,A
   \   000315   12....       LCALL   ??SerialApp_ConnectReqProcess?relay
    538                
    539              case SERIALAPP_CONNECTRSP_CLUSTER:
    540                SerialApp_DeviceConnectRsp((uint8*)pkt->cmd.Data);
    541                
    542              default:
    543                break;
    544            }
    545          }
   \                     ??SerialApp_ProcessMSGCmd_0:
   \   000318   748C         MOV     A,#-0x74
   \   00031A   12....       LCALL   ?DEALLOC_XSTACK8
   \   00031D   7F07         MOV     R7,#0x7
   \   00031F   02....       LJMP    ?BANKED_LEAVE_XDATA

   \                                 In  segment BANKED_CODE, align 1, keep-with-next
   \                     ?Subroutine23:
   \   000000   A3           INC     DPTR
   \   000001   A3           INC     DPTR
   \   000002   A3           INC     DPTR
   \   000003   A3           INC     DPTR
   \   000004                REQUIRE ??Subroutine30_0
   \   000004                ; // Fall through to label ??Subroutine30_0

   \                                 In  segment BANKED_CODE, align 1, keep-with-next
   \                     ??Subroutine30_0:
   \   000000   E0           MOVX    A,@DPTR
   \   000001   F5..         MOV     ?V0 + 0,A
   \   000003   A3           INC     DPTR
   \   000004   E0           MOVX    A,@DPTR
   \   000005   F5..         MOV     ?V0 + 1,A
   \   000007   22           RET

   \                                 In  segment BANKED_CODE, align 1, keep-with-next
   \                     ?Subroutine21:
   \   000000   12....       LCALL   ?Subroutine27 & 0xFFFF
   \                     ??CrossCallReturnLabel_41:
   \   000003   743C         MOV     A,#0x3c
   \   000005   22           RET

   \                                 In  segment BANKED_CODE, align 1, keep-with-next
   \                     ?Subroutine13:
   \   000000   E0           MOVX    A,@DPTR
   \   000001   FC           MOV     R4,A
   \   000002   8882         MOV     DPL,R0
   \   000004   8983         MOV     DPH,R1
   \   000006   A3           INC     DPTR
   \   000007   A3           INC     DPTR
   \   000008   A3           INC     DPTR
   \   000009   22           RET

   \                                 In  segment BANKED_CODE, align 1, keep-with-next
   \                     ?Subroutine12:
   \   000000   A3           INC     DPTR
   \   000001   A3           INC     DPTR
   \   000002   E0           MOVX    A,@DPTR
   \   000003   FA           MOV     R2,A
   \   000004   8882         MOV     DPL,R0
   \   000006   8983         MOV     DPH,R1
   \   000008   A3           INC     DPTR
   \   000009   A3           INC     DPTR
   \   00000A   A3           INC     DPTR
   \   00000B   22           RET

   \                                 In  segment BANKED_CODE, align 1, keep-with-next
   \                     ?Subroutine11:
   \   000000   12....       LCALL   ?Subroutine25 & 0xFFFF
   \                     ??CrossCallReturnLabel_38:
   \   000003   E0           MOVX    A,@DPTR
   \   000004   22           RET

   \                                 In  segment BANKED_CODE, align 1, keep-with-next
   \                     ?Subroutine8:
   \   000000   12....       LCALL   ?Subroutine24 & 0xFFFF
   \                     ??CrossCallReturnLabel_36:
   \   000003   A3           INC     DPTR
   \   000004   A3           INC     DPTR
   \   000005   22           RET

   \                                 In  segment BANKED_CODE, align 1, keep-with-next
   \                     ?Subroutine24:
   \   000000   E0           MOVX    A,@DPTR
   \   000001   FD           MOV     R5,A
   \   000002   8882         MOV     DPL,R0
   \   000004   8983         MOV     DPH,R1
   \   000006   A3           INC     DPTR
   \   000007   A3           INC     DPTR
   \   000008   A3           INC     DPTR
   \   000009   A3           INC     DPTR
   \   00000A   A3           INC     DPTR
   \   00000B   22           RET

   \                                 In  segment BANKED_CODE, align 1, keep-with-next
   \                     ?Subroutine7:
   \   000000   12....       LCALL   ?Subroutine25 & 0xFFFF
   \                     ??CrossCallReturnLabel_37:
   \   000003   A3           INC     DPTR
   \   000004   E0           MOVX    A,@DPTR
   \   000005   22           RET

   \                                 In  segment BANKED_CODE, align 1, keep-with-next
   \                     ?Subroutine25:
   \   000000   8E82         MOV     DPL,R6
   \   000002   8F83         MOV     DPH,R7
   \   000004   E0           MOVX    A,@DPTR
   \   000005   F8           MOV     R0,A
   \   000006   A3           INC     DPTR
   \   000007   E0           MOVX    A,@DPTR
   \   000008   F9           MOV     R1,A
   \   000009   8882         MOV     DPL,R0
   \   00000B   8983         MOV     DPH,R1
   \   00000D   22           RET

   \                                 In  segment BANKED_CODE, align 1, keep-with-next
   \                     ?Subroutine4:
   \   000000   F0           MOVX    @DPTR,A
   \   000001   A3           INC     DPTR
   \   000002   EB           MOV     A,R3
   \   000003   12....       LCALL   ?Subroutine22 & 0xFFFF
   \                     ??CrossCallReturnLabel_33:
   \   000006   22           RET

   \                                 In  segment BANKED_CODE, align 1, keep-with-next
   \                     ?Subroutine22:
   \   000000   F0           MOVX    @DPTR,A
   \   000001   8882         MOV     DPL,R0
   \   000003   8983         MOV     DPH,R1
   \   000005   A3           INC     DPTR
   \   000006   A3           INC     DPTR
   \   000007   A3           INC     DPTR
   \   000008   A3           INC     DPTR
   \   000009   22           RET

   \                                 In  segment BANKED_CODE, align 1, keep-with-next
   \                     ?Subroutine3:
   \   000000   F0           MOVX    @DPTR,A
   \   000001   A3           INC     DPTR
   \   000002   ED           MOV     A,R5
   \   000003   12....       LCALL   ?Subroutine22 & 0xFFFF
   \                     ??CrossCallReturnLabel_34:
   \   000006   A3           INC     DPTR
   \   000007   A3           INC     DPTR
   \   000008   22           RET

   \                                 In  segment BANKED_CODE, align 1, keep-with-next
   \                     ?Subroutine27:
   \   000000   AA82         MOV     R2,DPL
   \   000002   AB83         MOV     R3,DPH
   \   000004   12....       LCALL   ??strlen?relay
   \   000007   EA           MOV     A,R2
   \   000008   FC           MOV     R4,A
   \   000009   EB           MOV     A,R3
   \   00000A   FD           MOV     R5,A
   \   00000B   22           RET

   \                                 In  segment BANKED_CODE, align 1, keep-with-next
   \                     ?Subroutine19:
   \   000000   F582         MOV     DPL,A
   \   000002   E9           MOV     A,R1
   \   000003                REQUIRE ??Subroutine34_0
   \   000003                ; // Fall through to label ??Subroutine34_0

   \                                 In  segment BANKED_CODE, align 1, keep-with-next
   \                     ??Subroutine34_0:
   \   000000   3400         ADDC    A,#0x0
   \   000002   F583         MOV     DPH,A
   \   000004   E0           MOVX    A,@DPTR
   \   000005   22           RET
    546          
    547          /*********************************************************************
    548           * @fn      SerialApp_Send
    549           *
    550           * @brief   Send data OTA.
    551           *
    552           * @param   none
    553           *
    554           * @return  none
    555           */
    556          static void SerialApp_Send(void)
    557          {
    558          #if SERIAL_APP_LOOPBACK
    559              if (SerialApp_TxLen < SERIAL_APP_TX_MAX)
    560              {
    561                  SerialApp_TxLen += HalUARTRead(SERIAL_APP_PORT, SerialApp_TxBuf+SerialApp_TxLen+1,
    562                                                                SERIAL_APP_TX_MAX-SerialApp_TxLen);
    563              }
    564            
    565              if (SerialApp_TxLen)
    566              {
    567                (void)SerialApp_TxAddr;
    568                if (SerialApp_SafeUARTWrite(SERIAL_APP_PORT, SerialApp_TxBuf+1, SerialApp_TxLen))
    569                {
    570                  SerialApp_TxLen = 0;
    571                }
    572                else
    573                {
    574                  osal_set_event(SerialApp_TaskID, SERIALAPP_SEND_EVT);
    575                }
    576              }
    577          #else
    578              // Data is now processed in SerialApp_ProcessUARTBuffer
    579              // This function is only used for re-sending failed transmissions
    580              if (SerialApp_TxLen)
    581              {
    582                if (afStatus_SUCCESS != AF_DataRequest(&SerialApp_TxAddr,
    583                                                       (endPointDesc_t *)&SerialApp_epDesc,
    584                                                        SERIALAPP_CLUSTERID1,
    585                                                        SerialApp_TxLen+1, SerialApp_TxBuf,
    586                                                        &SerialApp_MsgID, 0, AF_DEFAULT_RADIUS))
    587                {
    588                  osal_set_event(SerialApp_TaskID, SERIALAPP_SEND_EVT);
    589                }
    590                else
    591                {
    592                  SerialApp_TxLen = 0; // Reset after successful send
    593                }
    594              }
    595          #endif
    596          }
    597          
    598          /*********************************************************************
    599           * @fn      SerialApp_Resp
    600           *
    601           * @brief   Send data OTA.
    602           *
    603           * @param   none
    604           *
    605           * @return  none
    606           */
    607          static void SerialApp_Resp(void)
    608          {
    609            if (afStatus_SUCCESS != AF_DataRequest(&SerialApp_RxAddr,
    610                                                   (endPointDesc_t *)&SerialApp_epDesc,
    611                                                    SERIALAPP_CLUSTERID2,
    612                                                    SERIAL_APP_RSP_CNT, SerialApp_RspBuf,
    613                                                   &SerialApp_MsgID, 0, AF_DEFAULT_RADIUS))
    614            {
    615              osal_set_event(SerialApp_TaskID, SERIALAPP_RESP_EVT);
    616            }
    617          }
    618          
    619          /*********************************************************************
    620           * @fn      SerialApp_CallBack
    621           *
    622           * @brief   Send data OTA.
    623           *
    624           * @param   port - UART port.
    625           * @param   event - the UART port event flag.
    626           *
    627           * @return  none
    628           */

   \                                 In  segment BANKED_CODE, align 1, keep-with-next
    629          static void SerialApp_CallBack(uint8 port, uint8 event)
   \                     SerialApp_CallBack:
    630          {
   \   000000   74F6         MOV     A,#-0xa
   \   000002   12....       LCALL   ?BANKED_ENTER_XDATA
   \   000005                ; Saved register size: 10
   \   000005                ; Auto size: 128
   \   000005   7480         MOV     A,#-0x80
   \   000007   12....       LCALL   ?ALLOC_XSTACK8
   \   00000A   EA           MOV     A,R2
   \   00000B   FE           MOV     R6,A
    631            (void)port;
    632          
    633            if (event & (HAL_UART_RX_FULL | HAL_UART_RX_ABOUT_FULL | HAL_UART_RX_TIMEOUT))
   \   00000C   7407         MOV     A,#0x7
   \   00000E   5E           ANL     A,R6
   \   00000F   6071         JZ      ??SerialApp_CallBack_0
    634            {
    635              // Read data into ring buffer instead of processing directly
    636              uint8 data[SERIAL_APP_RX_SZ];
    637              uint16 len = HalUARTRead(SERIAL_APP_PORT, data, SERIAL_APP_RX_SZ);
   \   000011                ; Setup parameters for call to function HalUARTRead
   \   000011   7C80         MOV     R4,#-0x80
   \   000013   7D00         MOV     R5,#0x0
   \   000015   85..82       MOV     DPL,?XSP + 0
   \   000018   85..83       MOV     DPH,?XSP + 1
   \   00001B   AA82         MOV     R2,DPL
   \   00001D   AB83         MOV     R3,DPH
   \   00001F   7900         MOV     R1,#0x0
   \   000021   12....       LCALL   ??HalUARTRead?relay
   \   000024   8A..         MOV     ?V0 + 0,R2
   \   000026   8B..         MOV     ?V0 + 1,R3
   \   000028   AC..         MOV     R4,?V0 + 0
   \   00002A   AD..         MOV     R5,?V0 + 1
    638              
    639              if (len > 0)
   \   00002C   EC           MOV     A,R4
   \   00002D   4D           ORL     A,R5
   \   00002E   6052         JZ      ??SerialApp_CallBack_0
    640              {
    641                // Add data to ring buffer - PMS7003 uses binary protocol, don't filter any bytes
    642                for (uint16 i = 0; i < len; i++)
   \   000030   7A00         MOV     R2,#0x0
   \   000032   7B00         MOV     R3,#0x0
    643                {
    644                  uint16 nextHead = (uartRingBufferHead + 1) % UART_RING_BUFFER_SIZE;
   \                     ??SerialApp_CallBack_1:
   \   000034   90....       MOV     DPTR,#uartRingBufferHead
   \   000037   E0           MOVX    A,@DPTR
   \   000038   04           INC     A
   \   000039   F8           MOV     R0,A
    645                  if (nextHead != uartRingBufferTail)
   \   00003A   90....       MOV     DPTR,#uartRingBufferTail
   \   00003D   E0           MOVX    A,@DPTR
   \   00003E   68           XRL     A,R0
   \   00003F   7002         JNZ     ??SerialApp_CallBack_2
   \   000041   A3           INC     DPTR
   \   000042   E0           MOVX    A,@DPTR
   \                     ??SerialApp_CallBack_2:
   \   000043   602E         JZ      ??CrossCallReturnLabel_56
    646                  {
    647                    uartRingBuffer[uartRingBufferHead] = data[i];
   \   000045   85..82       MOV     DPL,?XSP + 0
   \   000048   85..83       MOV     DPH,?XSP + 1
   \   00004B   E582         MOV     A,DPL
   \   00004D   2A           ADD     A,R2
   \   00004E   F582         MOV     DPL,A
   \   000050   E583         MOV     A,DPH
   \   000052   3B           ADDC    A,R3
   \   000053   F583         MOV     DPH,A
   \   000055   E0           MOVX    A,@DPTR
   \   000056   C0E0         PUSH    A
   \   000058   90....       MOV     DPTR,#uartRingBufferHead
   \   00005B   E0           MOVX    A,@DPTR
   \   00005C   24..         ADD     A,#uartRingBuffer & 0xff
   \   00005E   F5..         MOV     ?V0 + 0,A
   \   000060   A3           INC     DPTR
   \   000061   E0           MOVX    A,@DPTR
   \   000062   34..         ADDC    A,#(uartRingBuffer >> 8) & 0xff
   \   000064   85..82       MOV     DPL,?V0 + 0
   \   000067   F583         MOV     DPH,A
   \   000069   D0E0         POP     A
   \   00006B   F0           MOVX    @DPTR,A
    648                    uartRingBufferHead = nextHead;
   \   00006C   90....       MOV     DPTR,#uartRingBufferHead
   \   00006F   E8           MOV     A,R0
   \   000070   12....       LCALL   ??Subroutine31_0 & 0xFFFF
    649                  }
    650                }
   \                     ??CrossCallReturnLabel_56:
   \   000073   EA           MOV     A,R2
   \   000074   2401         ADD     A,#0x1
   \   000076   0A           INC     R2
   \   000077   EB           MOV     A,R3
   \   000078   3400         ADDC    A,#0x0
   \   00007A   FB           MOV     R3,A
   \   00007B   C3           CLR     C
   \   00007C   EA           MOV     A,R2
   \   00007D   9C           SUBB    A,R4
   \   00007E   EB           MOV     A,R3
   \   00007F   9D           SUBB    A,R5
   \   000080   40B2         JC      ??SerialApp_CallBack_1
    651              }
    652            }
    653          }
   \                     ??SerialApp_CallBack_0:
   \   000082   7480         MOV     A,#-0x80
   \   000084   12....       LCALL   ?DEALLOC_XSTACK8
   \   000087                REQUIRE ?Subroutine0
   \   000087                ; // Fall through to label ?Subroutine0

   \                                 In  segment BANKED_CODE, align 1, keep-with-next
   \                     ?Subroutine0:
   \   000000   7F02         MOV     R7,#0x2
   \   000002   02....       LJMP    ?BANKED_LEAVE_XDATA
    654          
    655          /*********************************************************************
    656          *********************************************************************/
    657          void  SerialApp_DeviceConnect()              
    658          {
    659          #if ZDO_COORDINATOR
    660            
    661          #else
    662            
    663            uint16 nwkAddr;
    664            uint16 parentNwkAddr;
    665            char buff[40] = {0};
    666            
    667            HalLedBlink( HAL_LED_2, 3, 50, (1000 / 4) );
    668            
    669            nwkAddr = NLME_GetShortAddr();
    670            parentNwkAddr = NLME_GetCoordShortAddr();
    671            sprintf(buff, "[END0x%04X] Connected, parent:0x%04X\r\n", nwkAddr, parentNwkAddr);
    672            HalUARTWrite ( 0, (uint8*)buff, strlen(buff));
    673            
    674            SerialApp_TxAddr.addrMode = (afAddrMode_t)Addr16Bit;
    675            SerialApp_TxAddr.endPoint = SERIALAPP_ENDPOINT;
    676            SerialApp_TxAddr.addr.shortAddr = parentNwkAddr;
    677            
    678            buff[0] = HI_UINT16( nwkAddr );
    679            buff[1] = LO_UINT16( nwkAddr );
    680            
    681            if ( AF_DataRequest( &SerialApp_TxAddr, &SerialApp_epDesc,
    682                                 SERIALAPP_CONNECTREQ_CLUSTER,
    683                                 2,
    684                                 (uint8*)buff,
    685                                 &SerialApp_MsgID, 
    686                                 0, 
    687                                 AF_DEFAULT_RADIUS ) == afStatus_SUCCESS )
    688            {
    689            }
    690            else
    691            {
    692              // Error occurred in request to send.
    693            }
    694            
    695          #endif    //ZDO_COORDINATOR
    696          }
    697          
    698          void SerialApp_DeviceConnectRsp(uint8 *buf)
    699          {
    700          #if ZDO_COORDINATOR
    701            
    702          #else
    703            uint16 selfAddr = NLME_GetShortAddr();
    704            SerialApp_TxAddr.addrMode = (afAddrMode_t)Addr16Bit;
    705            SerialApp_TxAddr.endPoint = SERIALAPP_ENDPOINT;
    706            SerialApp_TxAddr.addr.shortAddr = BUILD_UINT16(buf[1], buf[0]);
    707            
    708            HalLedSet(HAL_LED_2, HAL_LED_MODE_ON);
    709            {
    710              char connBuf[40];
    711              sprintf(connBuf, "[END0x%04X] Connect confirm success\r\n", selfAddr);
    712              (void)SerialApp_SafeUARTWrite(0, (uint8*)connBuf, strlen(connBuf));
    713            }
    714          #endif
    715          }
    716          

   \                                 In  segment BANKED_CODE, align 1, keep-with-next
    717          void SerialApp_ConnectReqProcess(uint8 *buf)
   \                     SerialApp_ConnectReqProcess:
    718          {
   \   000000   74F4         MOV     A,#-0xc
   \   000002   12....       LCALL   ?BANKED_ENTER_XDATA
   \   000005                ; Saved register size: 12
   \   000005                ; Auto size: 80
   \   000005   74B0         MOV     A,#-0x50
   \   000007   12....       LCALL   ?ALLOC_XSTACK8
    719            uint16 nwkAddr;
    720            uint16 childAddr;
    721            char buff[40] = {0};
   \   00000A   85..82       MOV     DPL,?XSP + 0
   \   00000D   85..83       MOV     DPH,?XSP + 1
   \   000010   AC82         MOV     R4,DPL
   \   000012   AD83         MOV     R5,DPH
   \   000014   7583..       MOV     DPH,#(`?<Constant {0}>` >> 8) & 0xff
   \   000017   7582..       MOV     DPL,#`?<Constant {0}>` & 0xff
   \   00001A   7428         MOV     A,#0x28
   \   00001C   12....       LCALL   ?MOVE_LONG8_XDATA_XDATA
    722            
    723            SerialApp_TxAddr.addrMode = (afAddrMode_t)Addr16Bit;
   \   00001F   90....       MOV     DPTR,#SerialApp_TxAddr + 8
   \   000022   7402         MOV     A,#0x2
   \   000024   F0           MOVX    @DPTR,A
    724            SerialApp_TxAddr.endPoint = SERIALAPP_ENDPOINT;
   \   000025   A3           INC     DPTR
   \   000026   740B         MOV     A,#0xb
   \   000028   F0           MOVX    @DPTR,A
    725            childAddr = BUILD_UINT16(buf[1], buf[0]);
   \   000029   8A82         MOV     DPL,R2
   \   00002B   8B83         MOV     DPH,R3
   \   00002D   A3           INC     DPTR
   \   00002E   E0           MOVX    A,@DPTR
   \   00002F   FC           MOV     R4,A
   \   000030   8A82         MOV     DPL,R2
   \   000032   8B83         MOV     DPH,R3
   \   000034   E0           MOVX    A,@DPTR
   \   000035   F9           MOV     R1,A
   \   000036   EC           MOV     A,R4
   \   000037   2400         ADD     A,#0x0
   \   000039   F5..         MOV     ?V0 + 0,A
   \   00003B   E4           CLR     A
   \   00003C   39           ADDC    A,R1
   \   00003D   F5..         MOV     ?V0 + 1,A
    726            SerialApp_TxAddr.addr.shortAddr = childAddr;
   \   00003F   90....       MOV     DPTR,#SerialApp_TxAddr
   \   000042   EC           MOV     A,R4
   \   000043   F0           MOVX    @DPTR,A
   \   000044   A3           INC     DPTR
   \   000045   E9           MOV     A,R1
   \   000046   F0           MOVX    @DPTR,A
    727            nwkAddr = NLME_GetShortAddr();
   \   000047                ; Setup parameters for call to function NLME_GetShortAddr
   \   000047   12....       LCALL   ??NLME_GetShortAddr?relay
   \   00004A   8A..         MOV     ?V0 + 2,R2
   \   00004C   8B..         MOV     ?V0 + 3,R3
    728            
    729            sprintf(buff, "[COORD] END[0x%04X] connect request\r\n", childAddr);
   \   00004E                ; Setup parameters for call to function sprintf
   \   00004E   78..         MOV     R0,#?V0 + 0
   \   000050   12....       LCALL   ?PUSH_XSTACK_I_TWO
   \   000053   7C..         MOV     R4,#`?<Constant "[COORD] END[0x%04X] c...">` & 0xff
   \   000055   7D..         MOV     R5,#(`?<Constant "[COORD] END[0x%04X] c...">` >> 8) & 0xff
   \   000057   7402         MOV     A,#0x2
   \   000059   12....       LCALL   ?XSTACK_DISP0_8
   \   00005C   12....       LCALL   ?Subroutine16 & 0xFFFF
   \                     ??CrossCallReturnLabel_20:
   \   00005F   12....       LCALL   ?DEALLOC_XSTACK8
    730            (void)SerialApp_SafeUARTWrite(0, (uint8*)buff, strlen(buff));
   \   000062                ; Setup parameters for call to function SerialApp_SafeUARTWrite
   \   000062                ; Setup parameters for call to function strlen
   \   000062   12....       LCALL   ?Subroutine15 & 0xFFFF
   \                     ??CrossCallReturnLabel_18:
   \   000065   7900         MOV     R1,#0x0
   \   000067   12....       LCALL   ??SerialApp_SafeUARTWrite?relay
    731            
    732            buff[0] = HI_UINT16( nwkAddr );
   \   00006A   85..82       MOV     DPL,?XSP + 0
   \   00006D   85..83       MOV     DPH,?XSP + 1
   \   000070   E5..         MOV     A,?V0 + 3
   \   000072   F0           MOVX    @DPTR,A
    733            buff[1] = LO_UINT16( nwkAddr );
   \   000073   7401         MOV     A,#0x1
   \   000075   12....       LCALL   ?XSTACK_DISP0_8
   \   000078   E5..         MOV     A,?V0 + 2
   \   00007A   F0           MOVX    @DPTR,A
    734            
    735            if ( AF_DataRequest( &SerialApp_TxAddr, &SerialApp_epDesc,
    736                                 SERIALAPP_CONNECTRSP_CLUSTER,
    737                                 2,
    738                                 (uint8*)buff,
    739                                 &SerialApp_MsgID, 
    740                                 0, 
    741                                 AF_DEFAULT_RADIUS ) == afStatus_SUCCESS )
   \   00007B                ; Setup parameters for call to function AF_DataRequest
   \   00007B   75..1E       MOV     ?V0 + 2,#0x1e
   \   00007E   78..         MOV     R0,#?V0 + 2
   \   000080   12....       LCALL   ?PUSH_XSTACK_I_ONE
   \   000083   75....       MOV     ?V0 + 2,#SerialApp_MsgID & 0xff
   \   000086   75....       MOV     ?V0 + 3,#(SerialApp_MsgID >> 8) & 0xff
   \   000089   78..         MOV     R0,#?V0 + 2
   \   00008B   12....       LCALL   ?PUSH_XSTACK_I_TWO
   \   00008E   7403         MOV     A,#0x3
   \   000090   12....       LCALL   ?XSTACK_DISP0_8
   \   000093   8582..       MOV     ?V0 + 2,DPL
   \   000096   8583..       MOV     ?V0 + 3,DPH
   \   000099   78..         MOV     R0,#?V0 + 2
   \   00009B   12....       LCALL   ?PUSH_XSTACK_I_TWO
   \   00009E   75..02       MOV     ?V0 + 2,#0x2
   \   0000A1   75..00       MOV     ?V0 + 3,#0x0
   \   0000A4   78..         MOV     R0,#?V0 + 2
   \   0000A6   12....       LCALL   ?PUSH_XSTACK_I_TWO
   \   0000A9   75..04       MOV     ?V0 + 2,#0x4
   \   0000AC   78..         MOV     R0,#?V0 + 2
   \   0000AE   12....       LCALL   ?PUSH_XSTACK_I_TWO
   \   0000B1   12....       LCALL   ?Subroutine20 & 0xFFFF
   \                     ??CrossCallReturnLabel_60:
   \   0000B4   12....       LCALL   ?DEALLOC_XSTACK8
    742            {
    743            }
    744            else
    745            {
    746              // Error occurred in request to send.
    747            }
    748            
    749            HalLedSet(HAL_LED_2, HAL_LED_MODE_ON);
   \   0000B7                ; Setup parameters for call to function HalLedSet
   \   0000B7   7A01         MOV     R2,#0x1
   \   0000B9   7902         MOV     R1,#0x2
   \   0000BB   12....       LCALL   ??HalLedSet?relay
    750            {
    751              char succBuf[40];
    752              sprintf(succBuf, "[COORD] END[0x%04X] connect success\r\n", childAddr);
   \   0000BE                ; Setup parameters for call to function sprintf
   \   0000BE   78..         MOV     R0,#?V0 + 0
   \   0000C0   12....       LCALL   ?PUSH_XSTACK_I_TWO
   \   0000C3   7C..         MOV     R4,#`?<Constant "[COORD] END[0x%04X] c...">_1` & 0xff
   \   0000C5   7D..         MOV     R5,#(`?<Constant "[COORD] END[0x%04X] c...">_1` >> 8) & 0xff
   \   0000C7   742A         MOV     A,#0x2a
   \   0000C9   12....       LCALL   ?XSTACK_DISP0_8
   \   0000CC   12....       LCALL   ?Subroutine16 & 0xFFFF
   \                     ??CrossCallReturnLabel_21:
   \   0000CF   12....       LCALL   ?DEALLOC_XSTACK8
    753              (void)SerialApp_SafeUARTWrite(0, (uint8*)succBuf, strlen(succBuf));
   \   0000D2                ; Setup parameters for call to function SerialApp_SafeUARTWrite
   \   0000D2                ; Setup parameters for call to function strlen
   \   0000D2   7428         MOV     A,#0x28
   \   0000D4   12....       LCALL   ?XSTACK_DISP0_8
   \   0000D7   12....       LCALL   ?Subroutine27 & 0xFFFF
    754            }
   \                     ??CrossCallReturnLabel_42:
   \   0000DA   7428         MOV     A,#0x28
   \   0000DC   12....       LCALL   ?XSTACK_DISP0_8
   \   0000DF   AA82         MOV     R2,DPL
   \   0000E1   AB83         MOV     R3,DPH
   \   0000E3   7900         MOV     R1,#0x0
   \   0000E5   12....       LCALL   ??SerialApp_SafeUARTWrite?relay
    755          }
   \   0000E8   7450         MOV     A,#0x50
   \   0000EA                REQUIRE ?Subroutine1
   \   0000EA                ; // Fall through to label ?Subroutine1

   \                                 In  segment BANKED_CODE, align 1, keep-with-next
   \                     ?Subroutine1:
   \   000000   12....       LCALL   ?DEALLOC_XSTACK8
   \   000003   7F04         MOV     R7,#0x4
   \   000005   02....       LJMP    ?BANKED_LEAVE_XDATA

   \                                 In  segment BANKED_CODE, align 1, keep-with-next
   \                     ?Subroutine20:
   \   000000   7900         MOV     R1,#0x0
   \   000002   7C..         MOV     R4,#SerialApp_epDesc & 0xff
   \   000004   7D..         MOV     R5,#(SerialApp_epDesc >> 8) & 0xff
   \   000006   7A..         MOV     R2,#SerialApp_TxAddr & 0xff
   \   000008   7B..         MOV     R3,#(SerialApp_TxAddr >> 8) & 0xff
   \   00000A                REQUIRE ??Subroutine32_0
   \   00000A                ; // Fall through to label ??Subroutine32_0

   \                                 In  segment BANKED_CODE, align 1, keep-with-next
   \                     ??Subroutine32_0:
   \   000000   12....       LCALL   ??AF_DataRequest?relay
   \   000003   7409         MOV     A,#0x9
   \   000005   22           RET
    756          

   \                                 In  segment BANKED_CODE, align 1, keep-with-next
    757          static void SerialApp_ReadADCSensor(void)
   \                     SerialApp_ReadADCSensor:
    758          {
   \   000000   74F0         MOV     A,#-0x10
   \   000002   12....       LCALL   ?BANKED_ENTER_XDATA
   \   000005                ; Saved register size: 16
   \   000005                ; Auto size: 114
   \   000005   748E         MOV     A,#-0x72
   \   000007   12....       LCALL   ?ALLOC_XSTACK8
    759            lastAdcValue = HalAdcRead(SENSOR_ADC_CHANNEL, SENSOR_ADC_RESOLUTION);
   \   00000A                ; Setup parameters for call to function HalAdcRead
   \   00000A   7A03         MOV     R2,#0x3
   \   00000C   7900         MOV     R1,#0x0
   \   00000E   12....       LCALL   ??HalAdcRead?relay
   \   000011   90....       MOV     DPTR,#lastAdcValue
   \   000014   EA           MOV     A,R2
   \   000015   F0           MOVX    @DPTR,A
   \   000016   A3           INC     DPTR
   \   000017   EB           MOV     A,R3
   \   000018   F0           MOVX    @DPTR,A
    760            
    761            char buffer[80];
    762            uint8 isCoordinator = (SampleApp_NwkState == DEV_ZB_COORD);
   \   000019   90....       MOV     DPTR,#SampleApp_NwkState
   \   00001C   E0           MOVX    A,@DPTR
   \   00001D   6409         XRL     A,#0x9
   \   00001F   705B         JNZ     ??SerialApp_ReadADCSensor_0
    763            
    764            if (isCoordinator)
    765            {
    766              // Coordinator only reads ADC0, MQ2/Flame are on end device
    767              float voltage = (lastAdcValue * 3.3) / 4095.0;
    768              sprintf(buffer, "[COORD] ADC: ADC0=%d(%.2fV)\r\n", lastAdcValue, voltage);
   \   000021                ; Setup parameters for call to function sprintf
   \   000021   12....       LCALL   ?Subroutine6 & 0xFFFF
   \                     ??CrossCallReturnLabel_65:
   \   000024   12....       LCALL   ?UL_TO_FLT
   \   000027   90....       MOV     DPTR,#__Constant_40533333
   \   00002A   78..         MOV     R0,#?V0 + 4
   \   00002C   12....       LCALL   ?L_MOV_X
   \   00002F   78..         MOV     R0,#?V0 + 0
   \   000031   79..         MOV     R1,#?V0 + 4
   \   000033   12....       LCALL   ?FLT_MUL
   \   000036   90....       MOV     DPTR,#__Constant_457ff000
   \   000039   78..         MOV     R0,#?V0 + 4
   \   00003B   12....       LCALL   ?L_MOV_X
   \   00003E   78..         MOV     R0,#?V0 + 0
   \   000040   79..         MOV     R1,#?V0 + 4
   \   000042   12....       LCALL   ?FLT_DIV
   \   000045   78..         MOV     R0,#?V0 + 0
   \   000047   12....       LCALL   ?PUSH_XSTACK_I_FOUR
   \   00004A   90....       MOV     DPTR,#lastAdcValue
   \   00004D   12....       LCALL   ?PUSH_XSTACK8_X_TWO
   \   000050   7C..         MOV     R4,#`?<Constant "[COORD] ADC: ADC0=%d(...">` & 0xff
   \   000052   7D..         MOV     R5,#(`?<Constant "[COORD] ADC: ADC0=%d(...">` >> 8) & 0xff
   \   000054   7428         MOV     A,#0x28
   \   000056   12....       LCALL   ?XSTACK_DISP0_8
   \   000059   AA82         MOV     R2,DPL
   \   00005B   AB83         MOV     R3,DPH
   \   00005D   12....       LCALL   ??sprintf?relay
   \   000060   7406         MOV     A,#0x6
   \   000062   12....       LCALL   ?DEALLOC_XSTACK8
    769              (void)SerialApp_SafeUARTWrite(0, (uint8*)buffer, strlen(buffer));
   \   000065                ; Setup parameters for call to function SerialApp_SafeUARTWrite
   \   000065                ; Setup parameters for call to function strlen
   \   000065   7422         MOV     A,#0x22
   \   000067   12....       LCALL   ?XSTACK_DISP0_8
   \   00006A   12....       LCALL   ?Subroutine17 & 0xFFFF
    770            }
   \                     ??CrossCallReturnLabel_26:
   \   00006D   12....       LCALL   ?XSTACK_DISP0_8
   \   000070   AA82         MOV     R2,DPL
   \   000072   AB83         MOV     R3,DPH
   \   000074   7900         MOV     R1,#0x0
   \   000076   12....       LCALL   ??SerialApp_SafeUARTWrite?relay
   \   000079   02....       LJMP    ??SerialApp_ReadADCSensor_1 & 0xFFFF
    771            else
    772            {
    773              uint16 selfAddr = NLME_GetShortAddr();
   \                     ??SerialApp_ReadADCSensor_0:
   \   00007C                ; Setup parameters for call to function NLME_GetShortAddr
   \   00007C   12....       LCALL   ??NLME_GetShortAddr?relay
   \   00007F   8A..         MOV     ?V0 + 0,R2
   \   000081   8B..         MOV     ?V0 + 1,R3
   \   000083   AE..         MOV     R6,?V0 + 0
   \   000085   AF..         MOV     R7,?V0 + 1
    774              
    775          #ifdef TERMINAL_PMS7003_ONLY
    776              // PMS7003-only: only ADC0 available
    777              float voltage = (lastAdcValue * 3.3) / 4095.0;
    778              sprintf(buffer, "[END0x%04X] ADC: ADC0=%d(%.2fV)\r\n", 
    779                      selfAddr, lastAdcValue, voltage);
    780              (void)SerialApp_SafeUARTWrite(0, (uint8*)buffer, strlen(buffer));
    781              
    782              // Send ADC0 only
    783              sensorDataBuffer[0] = SENSOR_TYPE_ADC;
    784              sensorDataBuffer[1] = LO_UINT16(lastAdcValue);
    785              sensorDataBuffer[2] = HI_UINT16(lastAdcValue);
    786              SerialApp_SendSensorData(SENSOR_TYPE_ADC, sensorDataBuffer, 3);
    787          #else
    788              // Full sensors: read MQ2 + Flame
    789              mq2Value = HalAdcRead(MQ2_ADC_CHANNEL, MQ2_ADC_RESOLUTION);
   \   000087                ; Setup parameters for call to function HalAdcRead
   \   000087   7A03         MOV     R2,#0x3
   \   000089   7905         MOV     R1,#0x5
   \   00008B   12....       LCALL   ??HalAdcRead?relay
   \   00008E   90....       MOV     DPTR,#mq2Value
   \   000091   EA           MOV     A,R2
   \   000092   F0           MOVX    @DPTR,A
   \   000093   A3           INC     DPTR
   \   000094   EB           MOV     A,R3
   \   000095   F0           MOVX    @DPTR,A
    790              flameValue = HalAdcRead(FLAME_ADC_CHANNEL, FLAME_ADC_RESOLUTION);
   \   000096                ; Setup parameters for call to function HalAdcRead
   \   000096   7A03         MOV     R2,#0x3
   \   000098   7906         MOV     R1,#0x6
   \   00009A   12....       LCALL   ??HalAdcRead?relay
   \   00009D   90....       MOV     DPTR,#flameValue
   \   0000A0   EA           MOV     A,R2
   \   0000A1   F0           MOVX    @DPTR,A
   \   0000A2   A3           INC     DPTR
   \   0000A3   EB           MOV     A,R3
   \   0000A4   F0           MOVX    @DPTR,A
    791              
    792              float voltage = (lastAdcValue * 3.3) / 4095.0;
    793              float mq2Voltage = (mq2Value * 3.3) / 4095.0;
    794              float flameVoltage = (flameValue * 3.3) / 4095.0;
    795              
    796              sprintf(buffer, "[END0x%04X] ADC: ADC0=%d(%.2fV) MQ2=%d(%.2fV) Flame=%d(%.2fV)\r\n", 
    797                      selfAddr, lastAdcValue, voltage, mq2Value, mq2Voltage, flameValue, flameVoltage);
   \   0000A5                ; Setup parameters for call to function sprintf
   \   0000A5   90....       MOV     DPTR,#flameValue
   \   0000A8   12....       LCALL   ??Subroutine33_0 & 0xFFFF
   \                     ??CrossCallReturnLabel_63:
   \   0000AB   12....       LCALL   ?UL_TO_FLT
   \   0000AE   90....       MOV     DPTR,#__Constant_40533333
   \   0000B1   78..         MOV     R0,#?V0 + 4
   \   0000B3   12....       LCALL   ?L_MOV_X
   \   0000B6   78..         MOV     R0,#?V0 + 0
   \   0000B8   79..         MOV     R1,#?V0 + 4
   \   0000BA   12....       LCALL   ?FLT_MUL
   \   0000BD   90....       MOV     DPTR,#__Constant_457ff000
   \   0000C0   78..         MOV     R0,#?V0 + 4
   \   0000C2   12....       LCALL   ?L_MOV_X
   \   0000C5   78..         MOV     R0,#?V0 + 0
   \   0000C7   79..         MOV     R1,#?V0 + 4
   \   0000C9   12....       LCALL   ?FLT_DIV
   \   0000CC   78..         MOV     R0,#?V0 + 0
   \   0000CE   12....       LCALL   ?PUSH_XSTACK_I_FOUR
   \   0000D1   90....       MOV     DPTR,#flameValue
   \   0000D4   12....       LCALL   ?PUSH_XSTACK8_X_TWO
   \   0000D7   90....       MOV     DPTR,#mq2Value
   \   0000DA   12....       LCALL   ??Subroutine33_0 & 0xFFFF
   \                     ??CrossCallReturnLabel_64:
   \   0000DD   12....       LCALL   ?UL_TO_FLT
   \   0000E0   90....       MOV     DPTR,#__Constant_40533333
   \   0000E3   78..         MOV     R0,#?V0 + 4
   \   0000E5   12....       LCALL   ?L_MOV_X
   \   0000E8   78..         MOV     R0,#?V0 + 0
   \   0000EA   79..         MOV     R1,#?V0 + 4
   \   0000EC   12....       LCALL   ?FLT_MUL
   \   0000EF   90....       MOV     DPTR,#__Constant_457ff000
   \   0000F2   78..         MOV     R0,#?V0 + 4
   \   0000F4   12....       LCALL   ?L_MOV_X
   \   0000F7   78..         MOV     R0,#?V0 + 0
   \   0000F9   79..         MOV     R1,#?V0 + 4
   \   0000FB   12....       LCALL   ?FLT_DIV
   \   0000FE   78..         MOV     R0,#?V0 + 0
   \   000100   12....       LCALL   ?PUSH_XSTACK_I_FOUR
   \   000103   90....       MOV     DPTR,#mq2Value
   \   000106   12....       LCALL   ?PUSH_XSTACK8_X_TWO
   \   000109   12....       LCALL   ?Subroutine6 & 0xFFFF
   \                     ??CrossCallReturnLabel_66:
   \   00010C   12....       LCALL   ?UL_TO_FLT
   \   00010F   90....       MOV     DPTR,#__Constant_40533333
   \   000112   78..         MOV     R0,#?V0 + 4
   \   000114   12....       LCALL   ?L_MOV_X
   \   000117   78..         MOV     R0,#?V0 + 0
   \   000119   79..         MOV     R1,#?V0 + 4
   \   00011B   12....       LCALL   ?FLT_MUL
   \   00011E   90....       MOV     DPTR,#__Constant_457ff000
   \   000121   78..         MOV     R0,#?V0 + 4
   \   000123   12....       LCALL   ?L_MOV_X
   \   000126   78..         MOV     R0,#?V0 + 0
   \   000128   79..         MOV     R1,#?V0 + 4
   \   00012A   12....       LCALL   ?FLT_DIV
   \   00012D   78..         MOV     R0,#?V0 + 0
   \   00012F   12....       LCALL   ?PUSH_XSTACK_I_FOUR
   \   000132   90....       MOV     DPTR,#lastAdcValue
   \   000135   12....       LCALL   ?PUSH_XSTACK8_X_TWO
   \   000138   8E..         MOV     ?V0 + 0,R6
   \   00013A   8F..         MOV     ?V0 + 1,R7
   \   00013C   78..         MOV     R0,#?V0 + 0
   \   00013E   12....       LCALL   ?PUSH_XSTACK_I_TWO
   \   000141   7C..         MOV     R4,#`?<Constant "[END0x%04X] ADC: ADC0...">` & 0xff
   \   000143   7D..         MOV     R5,#(`?<Constant "[END0x%04X] ADC: ADC0...">` >> 8) & 0xff
   \   000145   7436         MOV     A,#0x36
   \   000147   12....       LCALL   ?XSTACK_DISP0_8
   \   00014A   AA82         MOV     R2,DPL
   \   00014C   AB83         MOV     R3,DPH
   \   00014E   12....       LCALL   ??sprintf?relay
   \   000151   7414         MOV     A,#0x14
   \   000153   12....       LCALL   ?DEALLOC_XSTACK8
    798              (void)SerialApp_SafeUARTWrite(0, (uint8*)buffer, strlen(buffer));
   \   000156                ; Setup parameters for call to function SerialApp_SafeUARTWrite
   \   000156                ; Setup parameters for call to function strlen
   \   000156   7422         MOV     A,#0x22
   \   000158   12....       LCALL   ?XSTACK_DISP0_8
   \   00015B   12....       LCALL   ?Subroutine17 & 0xFFFF
   \                     ??CrossCallReturnLabel_27:
   \   00015E   12....       LCALL   ?XSTACK_DISP0_8
   \   000161   AA82         MOV     R2,DPL
   \   000163   AB83         MOV     R3,DPH
   \   000165   7900         MOV     R1,#0x0
   \   000167   12....       LCALL   ??SerialApp_SafeUARTWrite?relay
    799              
    800          #if defined ( LCD_SUPPORTED )
    801              {
    802                char lcdBuffer1[17];
    803                char lcdBuffer2[17];
    804                sprintf(lcdBuffer1, "MQ2:%d", mq2Value);
   \   00016A                ; Setup parameters for call to function sprintf
   \   00016A   90....       MOV     DPTR,#mq2Value
   \   00016D   12....       LCALL   ?PUSH_XSTACK8_X_TWO
   \   000170   7C..         MOV     R4,#`?<Constant "MQ2:%d">` & 0xff
   \   000172   7D..         MOV     R5,#(`?<Constant "MQ2:%d">` >> 8) & 0xff
   \   000174   7413         MOV     A,#0x13
   \   000176   12....       LCALL   ?XSTACK_DISP0_8
   \   000179   12....       LCALL   ?Subroutine16 & 0xFFFF
   \                     ??CrossCallReturnLabel_22:
   \   00017C   12....       LCALL   ?DEALLOC_XSTACK8
    805                sprintf(lcdBuffer2, "Flame:%d", flameValue);
   \   00017F                ; Setup parameters for call to function sprintf
   \   00017F   90....       MOV     DPTR,#flameValue
   \   000182   12....       LCALL   ?PUSH_XSTACK8_X_TWO
   \   000185   7C..         MOV     R4,#`?<Constant "Flame:%d">` & 0xff
   \   000187   7D..         MOV     R5,#(`?<Constant "Flame:%d">` >> 8) & 0xff
   \   000189   7402         MOV     A,#0x2
   \   00018B   12....       LCALL   ?XSTACK_DISP0_8
   \   00018E   12....       LCALL   ?Subroutine16 & 0xFFFF
   \                     ??CrossCallReturnLabel_23:
   \   000191   12....       LCALL   ?DEALLOC_XSTACK8
    806                HalLcdWriteScreen(lcdBuffer1, lcdBuffer2);
   \   000194                ; Setup parameters for call to function HalLcdWriteScreen
   \   000194   85..82       MOV     DPL,?XSP + 0
   \   000197   85..83       MOV     DPH,?XSP + 1
   \   00019A   AC82         MOV     R4,DPL
   \   00019C   AD83         MOV     R5,DPH
   \   00019E   7411         MOV     A,#0x11
   \   0001A0   12....       LCALL   ?XSTACK_DISP0_8
   \   0001A3   AA82         MOV     R2,DPL
   \   0001A5   AB83         MOV     R3,DPH
   \   0001A7   12....       LCALL   ??HalLcdWriteScreen?relay
    807              }
    808          #endif
    809              
    810              // Send combined sensor data (ADC0+MQ2+Flame) in one message
    811              sensorDataBuffer[0] = SENSOR_TYPE_COMBINED;
   \   0001AA   90....       MOV     DPTR,#sensorDataBuffer
   \   0001AD   7405         MOV     A,#0x5
   \   0001AF   F0           MOVX    @DPTR,A
    812              sensorDataBuffer[1] = LO_UINT16(lastAdcValue);
   \   0001B0   90....       MOV     DPTR,#lastAdcValue
   \   0001B3   E0           MOVX    A,@DPTR
   \   0001B4   90....       MOV     DPTR,#sensorDataBuffer + 1
   \   0001B7   F0           MOVX    @DPTR,A
    813              sensorDataBuffer[2] = HI_UINT16(lastAdcValue);
   \   0001B8   90....       MOV     DPTR,#lastAdcValue + 1
   \   0001BB   E0           MOVX    A,@DPTR
   \   0001BC   90....       MOV     DPTR,#sensorDataBuffer + 2
   \   0001BF   F0           MOVX    @DPTR,A
    814              sensorDataBuffer[3] = LO_UINT16(mq2Value);
   \   0001C0   90....       MOV     DPTR,#mq2Value
   \   0001C3   E0           MOVX    A,@DPTR
   \   0001C4   90....       MOV     DPTR,#sensorDataBuffer + 3
   \   0001C7   F0           MOVX    @DPTR,A
    815              sensorDataBuffer[4] = HI_UINT16(mq2Value);
   \   0001C8   90....       MOV     DPTR,#mq2Value + 1
   \   0001CB   E0           MOVX    A,@DPTR
   \   0001CC   90....       MOV     DPTR,#sensorDataBuffer + 4
   \   0001CF   F0           MOVX    @DPTR,A
    816              sensorDataBuffer[5] = LO_UINT16(flameValue);
   \   0001D0   90....       MOV     DPTR,#flameValue
   \   0001D3   E0           MOVX    A,@DPTR
   \   0001D4   90....       MOV     DPTR,#sensorDataBuffer + 5
   \   0001D7   F0           MOVX    @DPTR,A
    817              sensorDataBuffer[6] = HI_UINT16(flameValue);
   \   0001D8   90....       MOV     DPTR,#flameValue + 1
   \   0001DB   E0           MOVX    A,@DPTR
   \   0001DC   90....       MOV     DPTR,#sensorDataBuffer + 6
   \   0001DF   F0           MOVX    @DPTR,A
    818              SerialApp_SendSensorData(SENSOR_TYPE_COMBINED, sensorDataBuffer, 7);
   \   0001E0                ; Setup parameters for call to function SerialApp_SendSensorData
   \   0001E0   7C07         MOV     R4,#0x7
   \   0001E2   7A..         MOV     R2,#sensorDataBuffer & 0xff
   \   0001E4   7B..         MOV     R3,#(sensorDataBuffer >> 8) & 0xff
   \   0001E6   7905         MOV     R1,#0x5
   \   0001E8   12....       LCALL   ??SerialApp_SendSensorData?relay
    819          #endif
    820            }
    821          }
   \                     ??SerialApp_ReadADCSensor_1:
   \   0001EB                REQUIRE ?Subroutine2
   \   0001EB                ; // Fall through to label ?Subroutine2

   \                                 In  segment BANKED_CODE, align 1, keep-with-next
   \                     ?Subroutine2:
   \   000000   7472         MOV     A,#0x72
   \   000002   12....       LCALL   ?DEALLOC_XSTACK8
   \   000005   7F08         MOV     R7,#0x8
   \   000007   02....       LJMP    ?BANKED_LEAVE_XDATA

   \                                 In  segment BANKED_CODE, align 1, keep-with-next
   \                     ?Subroutine6:
   \   000000   90....       MOV     DPTR,#lastAdcValue
   \   000003                REQUIRE ??Subroutine33_0
   \   000003                ; // Fall through to label ??Subroutine33_0

   \                                 In  segment BANKED_CODE, align 1, keep-with-next
   \                     ??Subroutine33_0:
   \   000000   12....       LCALL   ??Subroutine30_0 & 0xFFFF
   \                     ??CrossCallReturnLabel_69:
   \   000003   E4           CLR     A
   \   000004   F5..         MOV     ?V0 + 2,A
   \   000006   F5..         MOV     ?V0 + 3,A
   \   000008   78..         MOV     R0,#?V0 + 0
   \   00000A   22           RET

   \                                 In  segment BANKED_CODE, align 1, keep-with-next
   \                     ?Subroutine17:
   \   000000   12....       LCALL   ?Subroutine27 & 0xFFFF
   \                     ??CrossCallReturnLabel_43:
   \   000003   7422         MOV     A,#0x22
   \   000005   22           RET
    822          

   \                                 In  segment BANKED_CODE, align 1, keep-with-next
    823          static void SerialApp_SendSensorData(uint8 sensorType, uint8 *data, uint8 len)
   \                     SerialApp_SendSensorData:
    824          {
   \   000000   74F4         MOV     A,#-0xc
   \   000002   12....       LCALL   ?BANKED_ENTER_XDATA
   \   000005                ; Saved register size: 12
   \   000005                ; Auto size: 113
   \   000005   748F         MOV     A,#-0x71
   \   000007   12....       LCALL   ?ALLOC_XSTACK8
   \   00000A   89..         MOV     ?V0 + 3,R1
   \   00000C   EC           MOV     A,R4
   \   00000D   FF           MOV     R7,A
    825            if (SampleApp_NwkState == DEV_ZB_COORD || 
    826                SampleApp_NwkState == DEV_ROUTER || 
    827                SampleApp_NwkState == DEV_END_DEVICE)
   \   00000E   90....       MOV     DPTR,#SampleApp_NwkState
   \   000011   E0           MOVX    A,@DPTR
   \   000012   6409         XRL     A,#0x9
   \   000014   600D         JZ      ??SerialApp_SendSensorData_0
   \   000016   E0           MOVX    A,@DPTR
   \   000017   6407         XRL     A,#0x7
   \   000019   6008         JZ      ??SerialApp_SendSensorData_0
   \   00001B   E0           MOVX    A,@DPTR
   \   00001C   6406         XRL     A,#0x6
   \   00001E   6003         JZ      $+5
   \   000020   02....       LJMP    ??SerialApp_SendSensorData_1 & 0xFFFF
    828            {
    829              // For PMS7003, send the complete 32-byte raw frame with type prefix
    830              if (sensorType == SENSOR_TYPE_PMS7003)
   \                     ??SerialApp_SendSensorData_0:
   \   000023   8A..         MOV     ?V0 + 0,R2
   \   000025   8B..         MOV     ?V0 + 1,R3
   \   000027   75..00       MOV     ?V0 + 2,#0x0
   \   00002A   7401         MOV     A,#0x1
   \   00002C   65..         XRL     A,?V0 + 3
   \   00002E   7055         JNZ     ??SerialApp_SendSensorData_2
    831              {
    832                uint8 sendBuf[33]; // 1 byte type + 32 bytes raw frame
    833                sendBuf[0] = sensorType;
   \   000030   7450         MOV     A,#0x50
   \   000032   12....       LCALL   ?XSTACK_DISP0_8
   \   000035   7401         MOV     A,#0x1
   \   000037   F0           MOVX    @DPTR,A
    834                osal_memcpy(&sendBuf[1], data, 32);
   \   000038                ; Setup parameters for call to function osal_memcpy
   \   000038   78..         MOV     R0,#?V0 + 0
   \   00003A   12....       LCALL   ?PUSH_XSTACK_I_THREE
   \   00003D   7C20         MOV     R4,#0x20
   \   00003F   7D00         MOV     R5,#0x0
   \   000041   7454         MOV     A,#0x54
   \   000043   12....       LCALL   ?XSTACK_DISP0_8
   \   000046   AA82         MOV     R2,DPL
   \   000048   AB83         MOV     R3,DPH
   \   00004A   12....       LCALL   ??osal_memcpy?relay
   \   00004D   7403         MOV     A,#0x3
   \   00004F   12....       LCALL   ?DEALLOC_XSTACK8
    835                
    836                // Send with fixed length of 33 bytes - critical for binary data!
    837                AF_DataRequest(&SerialApp_TxAddr,
    838                               (endPointDesc_t *)&SerialApp_epDesc,
    839                               SERIALAPP_CLUSTERID1,
    840                               33, sendBuf,
    841                               &SerialApp_MsgID, 0, AF_DEFAULT_RADIUS);
   \   000052                ; Setup parameters for call to function AF_DataRequest
   \   000052   75..1E       MOV     ?V0 + 0,#0x1e
   \   000055   78..         MOV     R0,#?V0 + 0
   \   000057   12....       LCALL   ?PUSH_XSTACK_I_ONE
   \   00005A   75....       MOV     ?V0 + 0,#SerialApp_MsgID & 0xff
   \   00005D   75....       MOV     ?V0 + 1,#(SerialApp_MsgID >> 8) & 0xff
   \   000060   78..         MOV     R0,#?V0 + 0
   \   000062   12....       LCALL   ?PUSH_XSTACK_I_TWO
   \   000065   7453         MOV     A,#0x53
   \   000067   12....       LCALL   ?XSTACK_DISP0_8
   \   00006A   8582..       MOV     ?V0 + 0,DPL
   \   00006D   8583..       MOV     ?V0 + 1,DPH
   \   000070   78..         MOV     R0,#?V0 + 0
   \   000072   12....       LCALL   ?PUSH_XSTACK_I_TWO
   \   000075   75..21       MOV     ?V0 + 0,#0x21
   \   000078   75..00       MOV     ?V0 + 1,#0x0
   \   00007B   78..         MOV     R0,#?V0 + 0
   \   00007D   12....       LCALL   ?PUSH_XSTACK_I_TWO
   \   000080   75..01       MOV     ?V0 + 0,#0x1
   \   000083   8065         SJMP    ??SerialApp_SendSensorData_3
    842              }
    843              else
    844              {
    845                // For other sensors or normal data
    846                uint8 sendBuf[SERIAL_APP_TX_MAX];
    847                uint8 sendLen = len;
   \                     ??SerialApp_SendSensorData_2:
   \   000085   EF           MOV     A,R7
   \   000086   FE           MOV     R6,A
    848                
    849                if (sendLen > (SERIAL_APP_TX_MAX - 1))
   \   000087   C3           CLR     C
   \   000088   9450         SUBB    A,#0x50
   \   00008A   4002         JC      ??SerialApp_SendSensorData_4
    850                {
    851                  sendLen = SERIAL_APP_TX_MAX - 1;
   \   00008C   7E4F         MOV     R6,#0x4f
    852                }
    853                
    854                sendBuf[0] = ++SerialApp_TxSeq;
   \                     ??SerialApp_SendSensorData_4:
   \   00008E   90....       MOV     DPTR,#SerialApp_TxSeq
   \   000091   E0           MOVX    A,@DPTR
   \   000092   04           INC     A
   \   000093   F0           MOVX    @DPTR,A
   \   000094   85..82       MOV     DPL,?XSP + 0
   \   000097   85..83       MOV     DPH,?XSP + 1
   \   00009A   F0           MOVX    @DPTR,A
    855                osal_memcpy(sendBuf + 1, data, sendLen);
   \   00009B                ; Setup parameters for call to function osal_memcpy
   \   00009B   78..         MOV     R0,#?V0 + 0
   \   00009D   12....       LCALL   ?PUSH_XSTACK_I_THREE
   \   0000A0   8E..         MOV     ?V0 + 0,R6
   \   0000A2   AC..         MOV     R4,?V0 + 0
   \   0000A4   7D00         MOV     R5,#0x0
   \   0000A6   7404         MOV     A,#0x4
   \   0000A8   12....       LCALL   ?XSTACK_DISP0_8
   \   0000AB   AA82         MOV     R2,DPL
   \   0000AD   AB83         MOV     R3,DPH
   \   0000AF   12....       LCALL   ??osal_memcpy?relay
   \   0000B2   7403         MOV     A,#0x3
   \   0000B4   12....       LCALL   ?DEALLOC_XSTACK8
    856                
    857                AF_DataRequest(&SerialApp_TxAddr,
    858                               (endPointDesc_t *)&SerialApp_epDesc,
    859                               SERIALAPP_CLUSTERID1,
    860                               sendLen + 1, sendBuf,
    861                               &SerialApp_MsgID, 0, AF_DEFAULT_RADIUS);
   \   0000B7                ; Setup parameters for call to function AF_DataRequest
   \   0000B7   75..1E       MOV     ?V0 + 0,#0x1e
   \   0000BA   78..         MOV     R0,#?V0 + 0
   \   0000BC   12....       LCALL   ?PUSH_XSTACK_I_ONE
   \   0000BF   75....       MOV     ?V0 + 0,#SerialApp_MsgID & 0xff
   \   0000C2   75....       MOV     ?V0 + 1,#(SerialApp_MsgID >> 8) & 0xff
   \   0000C5   78..         MOV     R0,#?V0 + 0
   \   0000C7   12....       LCALL   ?PUSH_XSTACK_I_TWO
   \   0000CA   7403         MOV     A,#0x3
   \   0000CC   12....       LCALL   ?XSTACK_DISP0_8
   \   0000CF   8582..       MOV     ?V0 + 0,DPL
   \   0000D2   8583..       MOV     ?V0 + 1,DPH
   \   0000D5   78..         MOV     R0,#?V0 + 0
   \   0000D7   12....       LCALL   ?PUSH_XSTACK_I_TWO
   \   0000DA   8E..         MOV     ?V0 + 0,R6
   \   0000DC   E5..         MOV     A,?V0 + 0
   \   0000DE   12....       LCALL   ?Subroutine18 & 0xFFFF
    862              }
    863            }
   \                     ??CrossCallReturnLabel_30:
   \   0000E1   12....       LCALL   ?PUSH_XSTACK_I_TWO
   \   0000E4   75..01       MOV     ?V0 + 0,#0x1
   \   0000E7   75..00       MOV     ?V0 + 1,#0x0
   \                     ??SerialApp_SendSensorData_3:
   \   0000EA   78..         MOV     R0,#?V0 + 0
   \   0000EC   12....       LCALL   ?PUSH_XSTACK_I_TWO
   \   0000EF   12....       LCALL   ?Subroutine20 & 0xFFFF
   \                     ??CrossCallReturnLabel_61:
   \   0000F2   12....       LCALL   ?DEALLOC_XSTACK8
    864          }
   \                     ??SerialApp_SendSensorData_1:
   \   0000F5   7471         MOV     A,#0x71
   \   0000F7   02....       LJMP    ?Subroutine1 & 0xFFFF

   \                                 In  segment BANKED_CODE, align 1, keep-with-next
   \                     ?Subroutine18:
   \   000000   2401         ADD     A,#0x1
   \   000002   F5..         MOV     ?V0 + 0,A
   \   000004   E4           CLR     A
   \   000005   3400         ADDC    A,#0x0
   \   000007   F5..         MOV     ?V0 + 1,A
   \   000009   78..         MOV     R0,#?V0 + 0
   \   00000B   22           RET
    865          
    866          static void SerialApp_ProcessSensorEvent(void)
    867          {
    868            SerialApp_ReadADCSensor();
    869            osal_start_timerEx(SerialApp_TaskID, SENSOR_DATA_EVT, SENSOR_ADC_INTERVAL);
    870          }
    871          
    872          // Empty implementations for linker errors

   \                                 In  segment BANKED_CODE, align 1, keep-with-next
    873          void SerialApp_DebugMessage(const char *message)
   \                     SerialApp_DebugMessage:
    874          {
   \   000000                ; Saved register size: 0
   \   000000                ; Auto size: 0
    875          }
   \   000000   02....       LJMP    ?BRET
    876          

   \                                 In  segment BANKED_CODE, align 1, keep-with-next
    877          void SerialApp_DebugSensorConfig(void)
   \                     SerialApp_DebugSensorConfig:
    878          {
   \   000000                ; Saved register size: 0
   \   000000                ; Auto size: 0
    879          }
   \   000000   02....       LJMP    ?BRET
    880          

   \                                 In  segment BANKED_CODE, align 1, keep-with-next
    881          void SerialApp_DebugNetworkStatus(void)
   \                     SerialApp_DebugNetworkStatus:
    882          {
   \   000000                ; Saved register size: 0
   \   000000                ; Auto size: 0
    883          }
   \   000000   02....       LJMP    ?BRET
    884          
    885          // Safe UART write function to prevent interrupt recursion

   \                                 In  segment BANKED_CODE, align 1, keep-with-next
    886          static uint8 SerialApp_SafeUARTWrite(uint8 port, const uint8 *data, uint16 len)
   \                     SerialApp_SafeUARTWrite:
    887          {
   \   000000   74F6         MOV     A,#-0xa
   \   000002   12....       LCALL   ?BANKED_ENTER_XDATA
   \   000005                ; Saved register size: 10
   \   000005                ; Auto size: 0
    888            if (data == NULL || len == 0)
   \   000005   EA           MOV     A,R2
   \   000006   4B           ORL     A,R3
   \   000007   6004         JZ      ??SerialApp_SafeUARTWrite_0
   \   000009   EC           MOV     A,R4
   \   00000A   4D           ORL     A,R5
   \   00000B   7004         JNZ     ??SerialApp_SafeUARTWrite_1
    889            {
    890              return FALSE;
   \                     ??SerialApp_SafeUARTWrite_0:
   \   00000D   7900         MOV     R1,#0x0
   \   00000F   8012         SJMP    ??SerialApp_SafeUARTWrite_2
    891            }
    892            
    893            // Disable UART interrupts temporarily
    894            uartTxInProgress = TRUE;
   \                     ??SerialApp_SafeUARTWrite_1:
   \   000011   90....       MOV     DPTR,#uartTxInProgress
   \   000014   7401         MOV     A,#0x1
   \   000016   F0           MOVX    @DPTR,A
    895            
    896            // Write data
    897            uint8 result = HalUARTWrite(port, (uint8*)data, len);
   \   000017                ; Setup parameters for call to function HalUARTWrite
   \   000017   12....       LCALL   ??HalUARTWrite?relay
   \   00001A   8A..         MOV     ?V0 + 0,R2
    898            
    899            // Re-enable UART interrupts
    900            uartTxInProgress = FALSE;
   \   00001C   90....       MOV     DPTR,#uartTxInProgress
   \   00001F   E4           CLR     A
   \   000020   F0           MOVX    @DPTR,A
    901            
    902            return result;
   \   000021   A9..         MOV     R1,?V0 + 0
   \                     ??SerialApp_SafeUARTWrite_2:
   \   000023   02....       LJMP    ?Subroutine0 & 0xFFFF
    903          }
    904          
    905          // Process UART buffer from ring buffer
    906          static void SerialApp_ProcessUARTBuffer(void)
    907          {
    908            // Process PMS7003 data only - do NOT forward remaining bytes as regular serial data
    909            // to avoid flooding the coordinator with binary garbage
    910            SerialApp_ProcessPMS7003Data();
    911          }
    912          
    913          // Process PMS7003 data from ring buffer

   \                                 In  segment BANKED_CODE, align 1, keep-with-next
   \                     ?Subroutine5:
   \   000000   90....       MOV     DPTR,#uartRingBufferTail
   \   000003   EA           MOV     A,R2
   \   000004                REQUIRE ??Subroutine31_0
   \   000004                ; // Fall through to label ??Subroutine31_0

   \                                 In  segment BANKED_CODE, align 1, keep-with-next
    914          static void SerialApp_ProcessPMS7003Data(void)
   \                     SerialApp_ProcessPMS7003Data:
    915          {
   \   000000   74F0         MOV     A,#-0x10
   \   000002   12....       LCALL   ?BANKED_ENTER_XDATA
   \   000005                ; Saved register size: 16
   \   000005                ; Auto size: 114
   \   000005   748E         MOV     A,#-0x72
   \   000007   12....       LCALL   ?ALLOC_XSTACK8
    916            // Check if there's data in the ring buffer
    917            uint16 available = (uartRingBufferHead - uartRingBufferTail + UART_RING_BUFFER_SIZE) % UART_RING_BUFFER_SIZE;
   \   00000A   8014         SJMP    ??CrossCallReturnLabel_57
    918            
    919            while (available > 0)
    920            {
    921              uint8 data = uartRingBuffer[uartRingBufferTail];
    922              
    923              switch (pms7003State)
    924              {
    925                case 0: // Waiting for header
    926                  if (data == PMS7003_HEADER)
    927                  {
    928                    pms7003State = 1;
   \                     ??SerialApp_ProcessPMS7003Data_0:
   \   00000C   90....       MOV     DPTR,#pms7003State
   \   00000F   7401         MOV     A,#0x1
   \   000011   F0           MOVX    @DPTR,A
    929                    pms7003Buffer[0] = data;
   \   000012   EC           MOV     A,R4
   \   000013   90....       MOV     DPTR,#pms7003Buffer
   \   000016   F0           MOVX    @DPTR,A
    930                    pms7003Index = 1;
   \   000017   90....       MOV     DPTR,#pms7003Index
   \   00001A   7401         MOV     A,#0x1
   \                     ??SerialApp_ProcessPMS7003Data_1:
   \   00001C   F0           MOVX    @DPTR,A
    931                    
    932                    // Move to next byte
    933                    uartRingBufferTail = (uartRingBufferTail + 1) % UART_RING_BUFFER_SIZE;
   \                     ??SerialApp_ProcessPMS7003Data_2:
   \   00001D   12....       LCALL   ?Subroutine5 & 0xFFFF
    934                    available = (uartRingBufferHead - uartRingBufferTail + UART_RING_BUFFER_SIZE) % UART_RING_BUFFER_SIZE;
    935                  }
   \                     ??CrossCallReturnLabel_57:
   \   000020   12....       LCALL   ?Subroutine10 & 0xFFFF
   \                     ??CrossCallReturnLabel_9:
   \   000023   EE           MOV     A,R6
   \   000024   7003         JNZ     $+5
   \   000026   02....       LJMP    ??SerialApp_ProcessPMS7003Data_3 & 0xFFFF
   \   000029   90....       MOV     DPTR,#uartRingBufferTail
   \   00002C   E0           MOVX    A,@DPTR
   \   00002D   24..         ADD     A,#uartRingBuffer & 0xff
   \   00002F   F8           MOV     R0,A
   \   000030   A3           INC     DPTR
   \   000031   E0           MOVX    A,@DPTR
   \   000032   34..         ADDC    A,#(uartRingBuffer >> 8) & 0xff
   \   000034   F9           MOV     R1,A
   \   000035   8882         MOV     DPL,R0
   \   000037   8983         MOV     DPH,R1
   \   000039   E0           MOVX    A,@DPTR
   \   00003A   FC           MOV     R4,A
   \   00003B   90....       MOV     DPTR,#uartRingBufferTail
   \   00003E   E0           MOVX    A,@DPTR
   \   00003F   04           INC     A
   \   000040   FA           MOV     R2,A
   \   000041   90....       MOV     DPTR,#pms7003Index
   \   000044   E0           MOVX    A,@DPTR
   \   000045   F8           MOV     R0,A
   \   000046   74..         MOV     A,#pms7003Buffer & 0xff
   \   000048   28           ADD     A,R0
   \   000049   F8           MOV     R0,A
   \   00004A   74..         MOV     A,#(pms7003Buffer >> 8) & 0xff
   \   00004C   3400         ADDC    A,#0x0
   \   00004E   F9           MOV     R1,A
   \   00004F   90....       MOV     DPTR,#pms7003State
   \   000052   E0           MOVX    A,@DPTR
   \   000053   6008         JZ      ??SerialApp_ProcessPMS7003Data_4
   \   000055   14           DEC     A
   \   000056   600C         JZ      ??SerialApp_ProcessPMS7003Data_5
   \   000058   14           DEC     A
   \   000059   6026         JZ      ??SerialApp_ProcessPMS7003Data_6
   \   00005B   80C6         SJMP    ??CrossCallReturnLabel_9
   \                     ??SerialApp_ProcessPMS7003Data_4:
   \   00005D   7442         MOV     A,#0x42
   \   00005F   6C           XRL     A,R4
   \   000060   60AA         JZ      ??SerialApp_ProcessPMS7003Data_0
    936                  else
    937                  {
    938                    // Skip non-header byte
    939                    uartRingBufferTail = (uartRingBufferTail + 1) % UART_RING_BUFFER_SIZE;
   \   000062   80B9         SJMP    ??SerialApp_ProcessPMS7003Data_2
    940                    available = (uartRingBufferHead - uartRingBufferTail + UART_RING_BUFFER_SIZE) % UART_RING_BUFFER_SIZE;
    941                  }
    942                  break;
    943                  
    944                case 1: // Waiting for second header byte
    945                  if (data == PMS7003_HEADER_SECOND)
   \                     ??SerialApp_ProcessPMS7003Data_5:
   \   000064   744D         MOV     A,#0x4d
   \   000066   6C           XRL     A,R4
   \   000067   7011         JNZ     ??SerialApp_ProcessPMS7003Data_7
    946                  {
    947                    pms7003State = 2;
   \   000069   7402         MOV     A,#0x2
   \   00006B   F0           MOVX    @DPTR,A
    948                    pms7003Buffer[pms7003Index++] = data;
   \   00006C   8882         MOV     DPL,R0
   \   00006E   8983         MOV     DPH,R1
   \   000070   744D         MOV     A,#0x4d
   \   000072   F0           MOVX    @DPTR,A
   \   000073   90....       MOV     DPTR,#pms7003Index
   \   000076   E0           MOVX    A,@DPTR
   \   000077   04           INC     A
   \   000078   80A2         SJMP    ??SerialApp_ProcessPMS7003Data_1
    949                    
    950                    // Move to next byte
    951                    uartRingBufferTail = (uartRingBufferTail + 1) % UART_RING_BUFFER_SIZE;
    952                    available = (uartRingBufferHead - uartRingBufferTail + UART_RING_BUFFER_SIZE) % UART_RING_BUFFER_SIZE;
    953                  }
    954                  else
    955                  {
    956                    // Invalid second header, reset
    957                    pms7003State = 0;
   \                     ??SerialApp_ProcessPMS7003Data_7:
   \   00007A   E4           CLR     A
   \   00007B   F0           MOVX    @DPTR,A
    958                    pms7003Index = 0;
   \   00007C   90....       MOV     DPTR,#pms7003Index
   \   00007F   809B         SJMP    ??SerialApp_ProcessPMS7003Data_1
    959                    
    960                    // Move to next byte
    961                    uartRingBufferTail = (uartRingBufferTail + 1) % UART_RING_BUFFER_SIZE;
    962                    available = (uartRingBufferHead - uartRingBufferTail + UART_RING_BUFFER_SIZE) % UART_RING_BUFFER_SIZE;
    963                  }
    964                  break;
    965                  
    966                case 2: // Receiving data
    967                  // Check if we got a new frame header (frame synchronization)
    968                  if (data == PMS7003_HEADER && pms7003Index < 32)
   \                     ??SerialApp_ProcessPMS7003Data_6:
   \   000081   7442         MOV     A,#0x42
   \   000083   6C           XRL     A,R4
   \   000084   700C         JNZ     ??SerialApp_ProcessPMS7003Data_8
   \   000086   90....       MOV     DPTR,#pms7003Index
   \   000089   E0           MOVX    A,@DPTR
   \   00008A   C3           CLR     C
   \   00008B   9420         SUBB    A,#0x20
   \   00008D   5003         JNC     $+5
   \   00008F   02....       LJMP    ??SerialApp_ProcessPMS7003Data_0 & 0xFFFF
    969                  {
    970                    // New frame starting, reset and start new frame
    971                    pms7003State = 1;
    972                    pms7003Buffer[0] = data;
    973                    pms7003Index = 1;
    974                    
    975                    // Move to next byte
    976                    uartRingBufferTail = (uartRingBufferTail + 1) % UART_RING_BUFFER_SIZE;
    977                    available = (uartRingBufferHead - uartRingBufferTail + UART_RING_BUFFER_SIZE) % UART_RING_BUFFER_SIZE;
    978                    break;
    979                  }
    980                  
    981                  pms7003Buffer[pms7003Index++] = data;
   \                     ??SerialApp_ProcessPMS7003Data_8:
   \   000092   EC           MOV     A,R4
   \   000093   8882         MOV     DPL,R0
   \   000095   8983         MOV     DPH,R1
   \   000097   F0           MOVX    @DPTR,A
   \   000098   90....       MOV     DPTR,#pms7003Index
   \   00009B   E0           MOVX    A,@DPTR
   \   00009C   04           INC     A
   \   00009D   F0           MOVX    @DPTR,A
    982                  
    983                  // Move to next byte
    984                  uartRingBufferTail = (uartRingBufferTail + 1) % UART_RING_BUFFER_SIZE;
   \   00009E   12....       LCALL   ?Subroutine5 & 0xFFFF
    985                  available = (uartRingBufferHead - uartRingBufferTail + UART_RING_BUFFER_SIZE) % UART_RING_BUFFER_SIZE;
   \                     ??CrossCallReturnLabel_58:
   \   0000A1   12....       LCALL   ?Subroutine10 & 0xFFFF
    986                  
    987                  // Check if we have complete 32-byte frame
    988                  if (pms7003Index >= 32)
   \                     ??CrossCallReturnLabel_10:
   \   0000A4   90....       MOV     DPTR,#pms7003Index
   \   0000A7   E0           MOVX    A,@DPTR
   \   0000A8   C3           CLR     C
   \   0000A9   9420         SUBB    A,#0x20
   \   0000AB   5003         JNC     $+5
   \   0000AD   02....       LJMP    ??CrossCallReturnLabel_9 & 0xFFFF
    989                  {
    990                    // Calculate checksum (sum of first 30 bytes)
    991                    uint16 calcChecksum = 0;
   \   0000B0   7800         MOV     R0,#0x0
   \   0000B2   7900         MOV     R1,#0x0
    992                    for (uint8 j = 0; j < 30; j++)
   \   0000B4   7A00         MOV     R2,#0x0
    993                    {
    994                      calcChecksum += pms7003Buffer[j];
   \                     ??SerialApp_ProcessPMS7003Data_9:
   \   0000B6   8A..         MOV     ?V0 + 0,R2
   \   0000B8   74..         MOV     A,#pms7003Buffer & 0xff
   \   0000BA   25..         ADD     A,?V0 + 0
   \   0000BC   F582         MOV     DPL,A
   \   0000BE   74..         MOV     A,#(pms7003Buffer >> 8) & 0xff
   \   0000C0   12....       LCALL   ??Subroutine34_0 & 0xFFFF
    995                    }
   \                     ??CrossCallReturnLabel_71:
   \   0000C3   FC           MOV     R4,A
   \   0000C4   E8           MOV     A,R0
   \   0000C5   2C           ADD     A,R4
   \   0000C6   F8           MOV     R0,A
   \   0000C7   E9           MOV     A,R1
   \   0000C8   3400         ADDC    A,#0x0
   \   0000CA   F9           MOV     R1,A
   \   0000CB   0A           INC     R2
   \   0000CC   EA           MOV     A,R2
   \   0000CD   C3           CLR     C
   \   0000CE   941E         SUBB    A,#0x1e
   \   0000D0   40E4         JC      ??SerialApp_ProcessPMS7003Data_9
    996                    
    997                    // Get received checksum (bytes 30 and 31)
    998                    uint16 recvChecksum = BUILD_UINT16(pms7003Buffer[31], pms7003Buffer[30]);
    999                    
   1000                    if (calcChecksum == recvChecksum)
   \   0000D2   90....       MOV     DPTR,#pms7003Buffer + 31
   \   0000D5   E0           MOVX    A,@DPTR
   \   0000D6   FC           MOV     R4,A
   \   0000D7   90....       MOV     DPTR,#pms7003Buffer + 30
   \   0000DA   E0           MOVX    A,@DPTR
   \   0000DB   FB           MOV     R3,A
   \   0000DC   EC           MOV     A,R4
   \   0000DD   68           XRL     A,R0
   \   0000DE   7002         JNZ     ??SerialApp_ProcessPMS7003Data_10
   \   0000E0   EB           MOV     A,R3
   \   0000E1   69           XRL     A,R1
   \                     ??SerialApp_ProcessPMS7003Data_10:
   \   0000E2   6003         JZ      $+5
   \   0000E4   02....       LJMP    ??SerialApp_ProcessPMS7003Data_11 & 0xFFFF
   1001                    {
   1002                      // Valid data
   1003                      uint16 pm1_0 = BUILD_UINT16(pms7003Buffer[5], pms7003Buffer[4]);
   \   0000E7   90....       MOV     DPTR,#pms7003Buffer + 5
   \   0000EA   E0           MOVX    A,@DPTR
   \   0000EB   FA           MOV     R2,A
   \   0000EC   90....       MOV     DPTR,#pms7003Buffer + 4
   \   0000EF   E0           MOVX    A,@DPTR
   \   0000F0   F9           MOV     R1,A
   \   0000F1   EA           MOV     A,R2
   \   0000F2   2400         ADD     A,#0x0
   \   0000F4   F5..         MOV     ?V0 + 6,A
   \   0000F6   E4           CLR     A
   \   0000F7   39           ADDC    A,R1
   \   0000F8   F5..         MOV     ?V0 + 7,A
   1004                      uint16 pm2_5 = BUILD_UINT16(pms7003Buffer[7], pms7003Buffer[6]);
   \   0000FA   90....       MOV     DPTR,#pms7003Buffer + 7
   \   0000FD   E0           MOVX    A,@DPTR
   \   0000FE   FA           MOV     R2,A
   \   0000FF   90....       MOV     DPTR,#pms7003Buffer + 6
   \   000102   E0           MOVX    A,@DPTR
   \   000103   F9           MOV     R1,A
   \   000104   EA           MOV     A,R2
   \   000105   F5..         MOV     ?V0 + 2,A
   \   000107   E4           CLR     A
   \   000108   39           ADDC    A,R1
   \   000109   F5..         MOV     ?V0 + 3,A
   1005                      uint16 pm10_0 = BUILD_UINT16(pms7003Buffer[9], pms7003Buffer[8]);
   \   00010B   90....       MOV     DPTR,#pms7003Buffer + 9
   \   00010E   E0           MOVX    A,@DPTR
   \   00010F   FA           MOV     R2,A
   \   000110   90....       MOV     DPTR,#pms7003Buffer + 8
   \   000113   E0           MOVX    A,@DPTR
   \   000114   F9           MOV     R1,A
   \   000115   EA           MOV     A,R2
   \   000116   F5..         MOV     ?V0 + 0,A
   \   000118   E4           CLR     A
   \   000119   39           ADDC    A,R1
   \   00011A   F5..         MOV     ?V0 + 1,A
   1006                      
   1007                      // Print PMS7003 data locally with device identifier
   1008                      if (SampleApp_NwkState != DEV_ZB_COORD)
   \   00011C   90....       MOV     DPTR,#SampleApp_NwkState
   \   00011F   E0           MOVX    A,@DPTR
   \   000120   6409         XRL     A,#0x9
   \   000122   6044         JZ      ??SerialApp_ProcessPMS7003Data_12
   1009                      {
   1010                        uint16 selfAddr = NLME_GetShortAddr();
   \   000124                ; Setup parameters for call to function NLME_GetShortAddr
   \   000124   12....       LCALL   ??NLME_GetShortAddr?relay
   \   000127   8A..         MOV     ?V0 + 4,R2
   \   000129   8B..         MOV     ?V0 + 5,R3
   1011                        char pmsBuffer[80];
   1012                        sprintf(pmsBuffer, "[END0x%04X] PMS7003: PM1.0=%d PM2.5=%d PM10=%d\r\n", 
   1013                                selfAddr, pm1_0, pm2_5, pm10_0);
   \   00012B                ; Setup parameters for call to function sprintf
   \   00012B   78..         MOV     R0,#?V0 + 0
   \   00012D   12....       LCALL   ?PUSH_XSTACK_I_TWO
   \   000130   78..         MOV     R0,#?V0 + 2
   \   000132   12....       LCALL   ?PUSH_XSTACK_I_TWO
   \   000135   78..         MOV     R0,#?V0 + 6
   \   000137   12....       LCALL   ?PUSH_XSTACK_I_TWO
   \   00013A   78..         MOV     R0,#?V0 + 4
   \   00013C   12....       LCALL   ?PUSH_XSTACK_I_TWO
   \   00013F   7C..         MOV     R4,#`?<Constant "[END0x%04X] PMS7003: ...">` & 0xff
   \   000141   7D..         MOV     R5,#(`?<Constant "[END0x%04X] PMS7003: ...">` >> 8) & 0xff
   \   000143   742A         MOV     A,#0x2a
   \   000145   12....       LCALL   ?XSTACK_DISP0_8
   \   000148   AA82         MOV     R2,DPL
   \   00014A   AB83         MOV     R3,DPH
   \   00014C   12....       LCALL   ??sprintf?relay
   \   00014F   7408         MOV     A,#0x8
   \   000151   12....       LCALL   ?DEALLOC_XSTACK8
   1014                        (void)SerialApp_SafeUARTWrite(0, (uint8*)pmsBuffer, strlen(pmsBuffer));
   \   000154                ; Setup parameters for call to function SerialApp_SafeUARTWrite
   \   000154                ; Setup parameters for call to function strlen
   \   000154   7422         MOV     A,#0x22
   \   000156   12....       LCALL   ?XSTACK_DISP0_8
   \   000159   12....       LCALL   ?Subroutine17 & 0xFFFF
   1015                      }
   \                     ??CrossCallReturnLabel_28:
   \   00015C   12....       LCALL   ?XSTACK_DISP0_8
   \   00015F   AA82         MOV     R2,DPL
   \   000161   AB83         MOV     R3,DPH
   \   000163   7900         MOV     R1,#0x0
   \   000165   12....       LCALL   ??SerialApp_SafeUARTWrite?relay
   1016                      
   1017          #if defined ( LCD_SUPPORTED )
   1018                      char lcdBuffer1[17];
   1019                      char lcdBuffer2[17];
   1020                      sprintf(lcdBuffer1, "PM2.5:%d", pm2_5);
   \                     ??SerialApp_ProcessPMS7003Data_12:
   \   000168                ; Setup parameters for call to function sprintf
   \   000168   78..         MOV     R0,#?V0 + 2
   \   00016A   12....       LCALL   ?PUSH_XSTACK_I_TWO
   \   00016D   7C..         MOV     R4,#`?<Constant "PM2.5:%d">` & 0xff
   \   00016F   7D..         MOV     R5,#(`?<Constant "PM2.5:%d">` >> 8) & 0xff
   \   000171   7413         MOV     A,#0x13
   \   000173   12....       LCALL   ?XSTACK_DISP0_8
   \   000176   12....       LCALL   ?Subroutine16 & 0xFFFF
   \                     ??CrossCallReturnLabel_24:
   \   000179   12....       LCALL   ?DEALLOC_XSTACK8
   1021                      sprintf(lcdBuffer2, "PM10:%d", pm10_0);
   \   00017C                ; Setup parameters for call to function sprintf
   \   00017C   78..         MOV     R0,#?V0 + 0
   \   00017E   12....       LCALL   ?PUSH_XSTACK_I_TWO
   \   000181   7C..         MOV     R4,#`?<Constant "PM10:%d">` & 0xff
   \   000183   7D..         MOV     R5,#(`?<Constant "PM10:%d">` >> 8) & 0xff
   \   000185   7402         MOV     A,#0x2
   \   000187   12....       LCALL   ?XSTACK_DISP0_8
   \   00018A   12....       LCALL   ?Subroutine16 & 0xFFFF
   \                     ??CrossCallReturnLabel_25:
   \   00018D   12....       LCALL   ?DEALLOC_XSTACK8
   1022                      HalLcdWriteScreen(lcdBuffer1, lcdBuffer2);
   \   000190                ; Setup parameters for call to function HalLcdWriteScreen
   \   000190   85..82       MOV     DPL,?XSP + 0
   \   000193   85..83       MOV     DPH,?XSP + 1
   \   000196   AC82         MOV     R4,DPL
   \   000198   AD83         MOV     R5,DPH
   \   00019A   7411         MOV     A,#0x11
   \   00019C   12....       LCALL   ?XSTACK_DISP0_8
   \   00019F   AA82         MOV     R2,DPL
   \   0001A1   AB83         MOV     R3,DPH
   \   0001A3   12....       LCALL   ??HalLcdWriteScreen?relay
   1023          #endif
   1024                      
   1025                      // Send complete 32-byte raw PMS7003 frame via Zigbee
   1026                      SerialApp_SendSensorData(SENSOR_TYPE_PMS7003, pms7003Buffer, 32);
   \   0001A6                ; Setup parameters for call to function SerialApp_SendSensorData
   \   0001A6   7C20         MOV     R4,#0x20
   \   0001A8   7A..         MOV     R2,#pms7003Buffer & 0xff
   \   0001AA   7B..         MOV     R3,#(pms7003Buffer >> 8) & 0xff
   \   0001AC   7901         MOV     R1,#0x1
   \   0001AE   12....       LCALL   ??SerialApp_SendSensorData?relay
   1027                    }
   1028                    
   1029                    // Reset for next frame
   1030                    pms7003State = 0;
   \                     ??SerialApp_ProcessPMS7003Data_11:
   \   0001B1   90....       MOV     DPTR,#pms7003State
   \   0001B4   E4           CLR     A
   \   0001B5   F0           MOVX    @DPTR,A
   1031                    pms7003Index = 0;
   \   0001B6   90....       MOV     DPTR,#pms7003Index
   \   0001B9   F0           MOVX    @DPTR,A
   \   0001BA   02....       LJMP    ??CrossCallReturnLabel_9 & 0xFFFF
   1032                  }
   1033                  break;
   1034              }
   1035            }
   1036          }
   \                     ??SerialApp_ProcessPMS7003Data_3:
   \   0001BD   02....       LJMP    ?Subroutine2 & 0xFFFF

   \                                 In  segment BANKED_CODE, align 1, keep-with-next
   \                     ?Subroutine10:
   \   000000   90....       MOV     DPTR,#uartRingBufferTail
   \   000003   E0           MOVX    A,@DPTR
   \   000004   F8           MOV     R0,A
   \   000005   7583..       MOV     DPH,#(uartRingBufferHead >> 8) & 0xff
   \   000008   7582..       MOV     DPL,#uartRingBufferHead & 0xff
   \   00000B   E0           MOVX    A,@DPTR
   \   00000C   C3           CLR     C
   \   00000D   98           SUBB    A,R0
   \   00000E   FE           MOV     R6,A
   \   00000F   22           RET

   \                                 In  segment BANKED_CODE, align 1, keep-with-next
   \                     ?Subroutine14:
   \   000000   7B00         MOV     R3,#0x0
   \   000002                REQUIRE ??Subroutine28_0
   \   000002                ; // Fall through to label ??Subroutine28_0

   \                                 In  segment XDATA_ID, align 1, keep-with-next
   \                     `?<Initializer for SerialApp_epDesc>`:
   \   000000   0B           DB 11
   \   000001   ....         DW SerialApp_TaskID
   \   000003   ....         DW SerialApp_SimpleDesc
   \   000005   00           DB 0

   \                                 In  segment BANK_RELAYS, align 1
   \                     ??SerialApp_Init?relay:
   \   000000   12....       LCALL   ?BDISPATCH
   \   000003   ......       DC24    SerialApp_Init

   \                                 In  segment BANK_RELAYS, align 1
   \                     ??SerialApp_ProcessEvent?relay:
   \   000000   12....       LCALL   ?BDISPATCH
   \   000003   ......       DC24    SerialApp_ProcessEvent

   \                                 In  segment BANK_RELAYS, align 1
   \                     ??SerialApp_ProcessMSGCmd?relay:
   \   000000   12....       LCALL   ?BDISPATCH
   \   000003   ......       DC24    SerialApp_ProcessMSGCmd

   \                                 In  segment BANK_RELAYS, align 1
   \                     ??SerialApp_CallBack?relay:
   \   000000   12....       LCALL   ?BDISPATCH
   \   000003   ......       DC24    SerialApp_CallBack

   \                                 In  segment BANK_RELAYS, align 1
   \                     ??SerialApp_ConnectReqProcess?relay:
   \   000000   12....       LCALL   ?BDISPATCH
   \   000003   ......       DC24    SerialApp_ConnectReqProcess

   \                                 In  segment BANK_RELAYS, align 1
   \                     ??SerialApp_ReadADCSensor?relay:
   \   000000   12....       LCALL   ?BDISPATCH
   \   000003   ......       DC24    SerialApp_ReadADCSensor

   \                                 In  segment BANK_RELAYS, align 1
   \                     ??SerialApp_SendSensorData?relay:
   \   000000   12....       LCALL   ?BDISPATCH
   \   000003   ......       DC24    SerialApp_SendSensorData

   \                                 In  segment BANK_RELAYS, align 1
   \                     ??SerialApp_DebugMessage?relay:
   \   000000   12....       LCALL   ?BDISPATCH
   \   000003   ......       DC24    SerialApp_DebugMessage

   \                                 In  segment BANK_RELAYS, align 1
   \                     ??SerialApp_DebugSensorConfig?relay:
   \   000000   12....       LCALL   ?BDISPATCH
   \   000003   ......       DC24    SerialApp_DebugSensorConfig

   \                                 In  segment BANK_RELAYS, align 1
   \                     ??SerialApp_DebugNetworkStatus?relay:
   \   000000   12....       LCALL   ?BDISPATCH
   \   000003   ......       DC24    SerialApp_DebugNetworkStatus

   \                                 In  segment BANK_RELAYS, align 1
   \                     ??SerialApp_SafeUARTWrite?relay:
   \   000000   12....       LCALL   ?BDISPATCH
   \   000003   ......       DC24    SerialApp_SafeUARTWrite

   \                                 In  segment BANK_RELAYS, align 1
   \                     ??SerialApp_ProcessPMS7003Data?relay:
   \   000000   12....       LCALL   ?BDISPATCH
   \   000003   ......       DC24    SerialApp_ProcessPMS7003Data

   \                                 In  segment XDATA_ROM_C, align 1
   \                     `?<Constant "SerialApp">`:
   \   000000   53657269     DB "SerialApp"
   \            616C4170
   \            7000    

   \                                 In  segment XDATA_ROM_C, align 1
   \                     `?<Constant "Initializing...">`:
   \   000000   496E6974     DB "Initializing..."
   \            69616C69
   \            7A696E67
   \            2E2E2E00

   \                                 In  segment XDATA_ROM_C, align 1
   \                     `?<Constant "PM2.5:--">`:
   \   000000   504D322E     DB "PM2.5:--"
   \            353A2D2D
   \            00      
   \   000009   00000000     DB 0, 0, 0, 0, 0, 0, 0, 0
   \            00000000

   \                                 In  segment XDATA_ROM_C, align 1
   \                     `?<Constant "PM10:--">`:
   \   000000   504D3130     DB "PM10:--"
   \            3A2D2D00
   \   000008   00000000     DB 0, 0, 0, 0, 0, 0, 0, 0
   \            00000000
   \   000010   00           DB 0

   \                                 In  segment XDATA_ROM_C, align 1
   \                     `?<Constant "[INIT] SerialApp star...">`:
   \   000000   5B494E49     DB 5BH, 49H, 4EH, 49H, 54H, 5DH, 20H, 53H
   \            545D2053
   \   000008   65726961     DB 65H, 72H, 69H, 61H, 6CH, 41H, 70H, 70H
   \            6C417070
   \   000010   20737461     DB 20H, 73H, 74H, 61H, 72H, 74H, 65H, 64H
   \            72746564
   \   000018   2C207761     DB 2CH, 20H, 77H, 61H, 69H, 74H, 69H, 6EH
   \            6974696E
   \   000020   6720666F     DB 67H, 20H, 66H, 6FH, 72H, 20H, 6EH, 65H
   \            72206E65
   \   000028   74776F72     DB 74H, 77H, 6FH, 72H, 6BH, 2EH, 2EH, 2EH
   \            6B2E2E2E
   \   000030   0D0A00       DB 0DH, 0AH, 0

   \                                 In  segment XDATA_ROM_C, align 1
   \                     `?<Constant "[INIT] LCD initialize...">`:
   \   000000   5B494E49     DB "[INIT] LCD initialized and displaying\015\012"
   \            545D204C
   \            43442069
   \            6E697469
   \            616C697A
   \            65642061
   \            6E642064
   \            6973706C
   \            6179696E
   \            670D0A00

   \                                 In  segment XDATA_ROM_C, align 1
   \                     `?<Constant "[COORD] Network estab...">`:
   \   000000   5B434F4F     DB "[COORD] Network established\015\012"
   \            52445D20
   \            4E657477
   \            6F726B20
   \            65737461
   \            626C6973
   \            6865640D
   \            0A00    

   \                                 In  segment XDATA_ROM_C, align 1
   \                     `?<Constant "[END0x%04X] Network e...">`:
   \   000000   5B454E44     DB "[END0x%04X] Network established\015\012"
   \            30782530
   \            34585D20
   \            4E657477
   \            6F726B20
   \            65737461
   \            626C6973
   \            6865640D
   \            0A00    

   \                                 In  segment XDATA_ROM_C, align 1
   \                     `?<Constant "[COORD] RX [END0x%04X...">`:
   \   000000   5B434F4F     DB 5BH, 43H, 4FH, 4FH, 52H, 44H, 5DH, 20H
   \            52445D20
   \   000008   5258205B     DB 52H, 58H, 20H, 5BH, 45H, 4EH, 44H, 30H
   \            454E4430
   \   000010   78253034     DB 78H, 25H, 30H, 34H, 58H, 5DH, 20H, 50H
   \            585D2050
   \   000018   4D533730     DB 4DH, 53H, 37H, 30H, 30H, 33H, 3AH, 20H
   \            30333A20
   \   000020   504D312E     DB 50H, 4DH, 31H, 2EH, 30H, 3DH, 25H, 64H
   \            303D2564
   \   000028   20504D32     DB 20H, 50H, 4DH, 32H, 2EH, 35H, 3DH, 25H
   \            2E353D25
   \   000030   6420504D     DB 64H, 20H, 50H, 4DH, 31H, 30H, 3DH, 25H
   \            31303D25
   \   000038   640D0A00     DB 64H, 0DH, 0AH, 0

   \                                 In  segment XDATA_ROM_C, align 1
   \                     `?<Constant "[COORD] RX [END0x%04X...">_1`:
   \   000000   5B434F4F     DB "[COORD] RX [END0x%04X] ADC0=%d MQ2=%d Flame=%d\015\012"
   \            52445D20
   \            5258205B
   \            454E4430
   \            78253034
   \            585D2041
   \            4443303D
   \            2564204D
   \            51323D25
   \            6420466C
   \            616D653D
   \            25640D0A
   \            00      

   \                                 In  segment XDATA_ROM_C, align 1
   \                     `?<Constant "[END0x%04X] %u,%u,%u,...">`:
   \   000000   5B454E44     DB "[END0x%04X] %u,%u,%u,%u,%u\015\012"
   \            30782530
   \            34585D20
   \            25752C25
   \            752C2575
   \            2C25752C
   \            25750D0A
   \            00      

   \                                 In  segment XDATA_ROM_C, align 1
   \                     `?<Constant {0}>`:
   \   000000   00           DB 0
   \   000001   00000000     DB 0, 0, 0, 0, 0, 0, 0, 0
   \            00000000
   \   000009   00000000     DB 0, 0, 0, 0, 0, 0, 0, 0
   \            00000000
   \   000011   00000000     DB 0, 0, 0, 0, 0, 0, 0, 0
   \            00000000
   \   000019   00000000     DB 0, 0, 0, 0, 0, 0, 0, 0
   \            00000000
   \   000021   00000000     DB 0, 0, 0, 0, 0, 0, 0
   \            000000  

   \                                 In  segment XDATA_ROM_C, align 1
   \                     `?<Constant "[COORD] END[0x%04X] c...">`:
   \   000000   5B434F4F     DB "[COORD] END[0x%04X] connect request\015\012"
   \            52445D20
   \            454E445B
   \            30782530
   \            34585D20
   \            636F6E6E
   \            65637420
   \            72657175
   \            6573740D
   \            0A00    

   \                                 In  segment XDATA_ROM_C, align 1
   \                     `?<Constant "[COORD] END[0x%04X] c...">_1`:
   \   000000   5B434F4F     DB "[COORD] END[0x%04X] connect success\015\012"
   \            52445D20
   \            454E445B
   \            30782530
   \            34585D20
   \            636F6E6E
   \            65637420
   \            73756363
   \            6573730D
   \            0A00    

   \                                 In  segment XDATA_ROM_C, align 1
   \                     `?<Constant "[COORD] ADC: ADC0=%d(...">`:
   \   000000   5B434F4F     DB "[COORD] ADC: ADC0=%d(%.2fV)\015\012"
   \            52445D20
   \            4144433A
   \            20414443
   \            303D2564
   \            28252E32
   \            6656290D
   \            0A00    

   \                                 In  segment XDATA_ROM_C, align 1
   \                     `?<Constant "[END0x%04X] ADC: ADC0...">`:
   \   000000   5B454E44     DB 5BH, 45H, 4EH, 44H, 30H, 78H, 25H, 30H
   \            30782530
   \   000008   34585D20     DB 34H, 58H, 5DH, 20H, 41H, 44H, 43H, 3AH
   \            4144433A
   \   000010   20414443     DB 20H, 41H, 44H, 43H, 30H, 3DH, 25H, 64H
   \            303D2564
   \   000018   28252E32     DB 28H, 25H, 2EH, 32H, 66H, 56H, 29H, 20H
   \            66562920
   \   000020   4D51323D     DB 4DH, 51H, 32H, 3DH, 25H, 64H, 28H, 25H
   \            25642825
   \   000028   2E326656     DB 2EH, 32H, 66H, 56H, 29H, 20H, 46H, 6CH
   \            2920466C
   \   000030   616D653D     DB 61H, 6DH, 65H, 3DH, 25H, 64H, 28H, 25H
   \            25642825
   \   000038   2E326656     DB 2EH, 32H, 66H, 56H, 29H, 0DH, 0AH, 0
   \            290D0A00

   \                                 In  segment XDATA_ROM_C, align 1
   \                     `?<Constant "MQ2:%d">`:
   \   000000   4D51323A     DB "MQ2:%d"
   \            256400  

   \                                 In  segment XDATA_ROM_C, align 1
   \                     `?<Constant "Flame:%d">`:
   \   000000   466C616D     DB "Flame:%d"
   \            653A2564
   \            00      

   \                                 In  segment XDATA_ROM_C, align 1
   \                     `?<Constant "[END0x%04X] PMS7003: ...">`:
   \   000000   5B454E44     DB "[END0x%04X] PMS7003: PM1.0=%d PM2.5=%d PM10=%d\015\012"
   \            30782530
   \            34585D20
   \            504D5337
   \            3030333A
   \            20504D31
   \            2E303D25
   \            6420504D
   \            322E353D
   \            25642050
   \            4D31303D
   \            25640D0A
   \            00      

   \                                 In  segment XDATA_ROM_C, align 1
   \                     `?<Constant "PM2.5:%d">`:
   \   000000   504D322E     DB "PM2.5:%d"
   \            353A2564
   \            00      

   \                                 In  segment XDATA_ROM_C, align 1
   \                     `?<Constant "PM10:%d">`:
   \   000000   504D3130     DB "PM10:%d"
   \            3A256400

   \                                 In  segment XDATA_ROM_C, align 1
   \                     __Constant_40533333:
   \   000000   33335340     DD 40533333H

   \                                 In  segment XDATA_ROM_C, align 1
   \                     __Constant_457ff000:
   \   000000   00F07F45     DD 457FF000H
   1037          

   Maximum stack usage in bytes:

     Function                       ISTACK PSTACK XSTACK
     --------                       ------ ------ ------
     SerialApp_CallBack                 1      0    138
       -> HalUARTRead                   0      0    276
     SerialApp_ConnectReqProcess        2      0    256
       -> NLME_GetShortAddr             0      0    184
       -> sprintf                       0      0    188
       -> strlen                        0      0    184
       -> SerialApp_SafeUARTWrite       0      0    184
       -> AF_DataRequest                0      0    202
       -> HalLedSet                     0      0    184
       -> sprintf                       0      0    188
       -> strlen                        0      0    184
       -> SerialApp_SafeUARTWrite       0      0    184
     SerialApp_DebugMessage             0      0      0
     SerialApp_DebugNetworkStatus       0      0      0
     SerialApp_DebugSensorConfig        0      0      0
     SerialApp_Init                     2      0     72
       -> afRegister                    0      0    144
       -> RegisterForKeys               0      0    144
       -> HalUARTOpen                   0      0    144
       -> HalAdcInit                    0      0    144
       -> HalLcdInit                    0      0    144
       -> HalLcdWriteString             0      0    144
       -> HalLcdWriteString             0      0    144
       -> HalLcdWriteScreen             0      0    144
       -> ZDO_RegisterForZDOMsg         0      0    144
       -> ZDO_RegisterForZDOMsg         0      0    144
       -> osal_start_timerEx            0      0    144
       -> SerialApp_SafeUARTWrite       0      0    144
       -> SerialApp_SafeUARTWrite       0      0    144
       -> osal_start_timerEx            0      0    144
     SerialApp_ProcessEvent             0      0     63
       -> AF_DataRequest                0      0    126
       -> osal_set_event                0      0    108
       -> HalLedSet                     0      0    108
       -> osal_msg_deallocate           0      0    108
       -> osal_msg_receive              0      0    108
       -> SerialApp_ProcessMSGCmd       0      0    108
       -> HalLedSet                     0      0    108
       -> SerialApp_SafeUARTWrite       0      0    108
       -> NLME_GetShortAddr             0      0    108
       -> sprintf                       0      0    112
       -> strlen                        0      0    108
       -> SerialApp_SafeUARTWrite       0      0    108
       -> AF_DataRequest                0      0    126
       -> osal_set_event                0      0    108
       -> SerialApp_ReadADCSensor       0      0    108
       -> osal_start_timerEx            0      0    108
       -> SerialApp_ProcessPMS7003Data
                                        0      0    108
       -> osal_start_timerEx            0      0    108
     SerialApp_ProcessMSGCmd            0      0    221
       -> osal_memcpy                   0      0    316
       -> sprintf                       0      0    326
       -> strlen                        0      0    310
       -> SerialApp_SafeUARTWrite       0      0    310
       -> sprintf                       0      0    326
       -> strlen                        0      0    310
       -> SerialApp_SafeUARTWrite       0      0    310
       -> sprintf                       0      0    334
       -> strlen                        0      0    310
       -> SerialApp_SafeUARTWrite       0      0    310
       -> SerialApp_SafeUARTWrite       0      0    310
       -> osal_set_event                0      0    310
       -> osal_stop_timerEx             0      0    310
       -> osal_stop_timerEx             0      0    310
       -> osal_start_timerEx            0      0    310
       -> SerialApp_ConnectReqProcess
                                        0      0    310
     SerialApp_ProcessPMS7003Data       2      0    192
       -> NLME_GetShortAddr             0      0    260
       -> sprintf                       0      0    276
       -> strlen                        0      0    260
       -> SerialApp_SafeUARTWrite       0      0    260
       -> sprintf                       0      0    264
       -> sprintf                       0      0    264
       -> HalLcdWriteScreen             0      0    260
       -> SerialApp_SendSensorData      0      0    260
     SerialApp_ReadADCSensor            0      0    204
       -> HalAdcRead                    0      0    260
       -> sprintf                       0      0    272
       -> strlen                        0      0    260
       -> SerialApp_SafeUARTWrite       0      0    260
       -> NLME_GetShortAddr             0      0    260
       -> HalAdcRead                    0      0    260
       -> HalAdcRead                    0      0    260
       -> sprintf                       0      0    300
       -> strlen                        0      0    260
       -> SerialApp_SafeUARTWrite       0      0    260
       -> sprintf                       0      0    264
       -> sprintf                       0      0    264
       -> HalLcdWriteScreen             0      0    260
       -> SerialApp_SendSensorData      0      0    260
     SerialApp_SafeUARTWrite            0      0    165
       -> HalUARTWrite                  0      0     20
     SerialApp_SendSensorData           1      0    264
       -> osal_memcpy                   0      0    256
       -> AF_DataRequest                0      0    268
       -> osal_memcpy                   0      0    256
       -> AF_DataRequest                0      0    268


   Segment part sizes:

     Function/Label                           Bytes
     --------------                           -----
     SerialApp_ClusterList                       8
     SerialApp_SimpleDesc                       12
     SerialApp_epDesc                            6
     SampleApp_NwkState                          1
     SerialApp_TaskID                            1
     SerialApp_MsgID                             1
     SerialApp_TxAddr                           12
     SerialApp_TxSeq                             1
     SerialApp_TxBuf                            81
     SerialApp_TxLen                             1
     SerialApp_RxAddr                           12
     SerialApp_RxSeq                             1
     SerialApp_RspBuf                            4
     pms7003Buffer                              64
     pms7003Index                                1
     pms7003State                                1
     lastAdcValue                                2
     mq2Value                                    2
     flameValue                                  2
     sensorDataBuffer                           32
     coAdc0Value                                 2
     coPm1Value                                  2
     coPm25Value                                 2
     coPm10Value                                 2
     coMq2Value                                  2
     coFlameValue                                2
     uartTxInProgress                            1
     uartRingBuffer                            256
     uartRingBufferHead                          2
     uartRingBufferTail                          2
     SerialApp_Init                            291
     ?Subroutine9                                6
     ??Subroutine29_0                           11
     ??Subroutine31_0                            5
     SerialApp_ProcessEvent                    394
     ?Subroutine15                               8
     ?Subroutine26                              24
     ?Subroutine16                              10
     ??Subroutine28_0                            9
     SerialApp_ProcessMSGCmd                   802
     ?Subroutine23                               4
     ??Subroutine30_0                            8
     ?Subroutine21                               6
     ?Subroutine13                              10
     ?Subroutine12                              12
     ?Subroutine11                               5
     ?Subroutine8                                6
     ?Subroutine24                              12
     ?Subroutine7                                6
     ?Subroutine25                              14
     ?Subroutine4                                7
     ?Subroutine22                              10
     ?Subroutine3                                9
     ?Subroutine27                              12
     ?Subroutine19                               3
     ??Subroutine34_0                            6
     SerialApp_CallBack                        135
     ?Subroutine0                                5
     SerialApp_ConnectReqProcess               234
     ?Subroutine1                                8
     ?Subroutine20                              10
     ??Subroutine32_0                            6
     SerialApp_ReadADCSensor                   491
     ?Subroutine2                               10
     ?Subroutine6                                3
     ??Subroutine33_0                           11
     ?Subroutine17                               6
     SerialApp_SendSensorData                  250
     ?Subroutine18                              12
     SerialApp_DebugMessage                      3
     SerialApp_DebugSensorConfig                 3
     SerialApp_DebugNetworkStatus                3
     SerialApp_SafeUARTWrite                    38
     ?Subroutine5                                4
     SerialApp_ProcessPMS7003Data              448
     ?Subroutine10                              16
     ?Subroutine14                               2
     ?<Initializer for SerialApp_epDesc>         6
     ??SerialApp_Init?relay                      6
     ??SerialApp_ProcessEvent?relay              6
     ??SerialApp_ProcessMSGCmd?relay             6
     ??SerialApp_CallBack?relay                  6
     ??SerialApp_ConnectReqProcess?relay         6
     ??SerialApp_ReadADCSensor?relay             6
     ??SerialApp_SendSensorData?relay            6
     ??SerialApp_DebugMessage?relay              6
     ??SerialApp_DebugSensorConfig?relay         6
     ??SerialApp_DebugNetworkStatus?relay        6
     ??SerialApp_SafeUARTWrite?relay             6
     ??SerialApp_ProcessPMS7003Data?relay        6
     ?<Constant "SerialApp">                    10
     ?<Constant "Initializing...">              16
     ?<Constant "PM2.5:--">                     17
     ?<Constant "PM10:--">                      17
     ?<Constant "[INIT] SerialApp star...">     51
     ?<Constant "[INIT] LCD initialize...">     40
     ?<Constant "[COORD] Network estab...">     30
     ?<Constant "[END0x%04X] Network e...">     34
     ?<Constant "[COORD] RX [END0x%04X...">     60
     ?<Constant "[COORD] RX [END0x%04X...">_1   49
     ?<Constant "[END0x%04X] %u,%u,%u,...">     29
     ?<Constant {0}>                            40
     ?<Constant "[COORD] END[0x%04X] c...">     38
     ?<Constant "[COORD] END[0x%04X] c...">_1   38
     ?<Constant "[COORD] ADC: ADC0=%d(...">     30
     ?<Constant "[END0x%04X] ADC: ADC0...">     64
     ?<Constant "MQ2:%d">                        7
     ?<Constant "Flame:%d">                      9
     ?<Constant "[END0x%04X] PMS7003: ...">     49
     ?<Constant "PM2.5:%d">                      9
     ?<Constant "PM10:%d">                       8
     __Constant_40533333                         4
     __Constant_457ff000                         4

 
 3 388 bytes in segment BANKED_CODE
    72 bytes in segment BANK_RELAYS
     6 bytes in segment XDATA_I
     6 bytes in segment XDATA_ID
   673 bytes in segment XDATA_ROM_C
   492 bytes in segment XDATA_Z
 
 3 466 bytes of CODE  memory
   665 bytes of CONST memory (+ 8 bytes shared)
   498 bytes of XDATA memory

Errors: none
Warnings: 3
