###############################################################################
#                                                                             #
# IAR C/C++ Compiler V8.10.1.10194/W32 for 8051         24/Apr/2026  16:37:42 #
# Copyright 2004-2011 IAR Systems AB.                                         #
#                                                                             #
#    Core               =  plain                                              #
#    Code model         =  banked                                             #
#    Data model         =  large                                              #
#    Calling convention =  xdata reentrant                                    #
#    Constant location  =  data_rom                                           #
#    Dptr setup         =  1,16                                               #
#    Source file        =  D:\BaiduNetdiskDownload\ZIGBEE¿ª·¢Ì×¼þWiFiÄ£¿éMQTT #
#                          ×ÊÁÏV3.0\3.µ½»õ²âÊÔ´úÂë\Z-StackÍ¸´«\Projects\zstac #
#                          k\Utilities\SerialApp\Source\SerialApp.c           #
#    Command line       =  -f D:\BaiduNetdiskDownload\ZIGBEE¿ª·¢Ì×¼þWiFiÄ£¿éM #
#                          QTT×ÊÁÏV3.0\3.µ½»õ²âÊÔ´úÂë\Z-StackÍ¸´«\Projects\zs #
#                          tack\Utilities\SerialApp\CC2530DB\..\..\..\Tools\C #
#                          C2530DB\f8wRouter.cfg (-DCPU32MHZ                  #
#                          -DROOT=__near_func -DMAC_CFG_APP_PENDING_QUEUE=TRU #
#                          E -DRTR_NWK -DBLINK_LEDS) -f                       #
#                          D:\BaiduNetdiskDownload\ZIGBEE¿ª·¢Ì×¼þWiFiÄ£¿éMQTT #
#                          ×ÊÁÏV3.0\3.µ½»õ²âÊÔ´úÂë\Z-StackÍ¸´«\Projects\zstac #
#                          k\Utilities\SerialApp\CC2530DB\..\..\..\Tools\CC25 #
#                          30DB\f8wConfig.cfg (-DSECURE=0                     #
#                          -DZG_SECURE_DYNAMIC=0 -DREFLECTOR                  #
#                          -DDEFAULT_CHANLIST=0x00000800                      #
#                          -DZDAPP_CONFIG_PAN_ID=0x1223                       #
#                          -DNWK_START_DELAY=100 -DEXTENDED_JOINING_RANDOM_MA #
#                          SK=0x007F -DBEACON_REQUEST_DELAY=100               #
#                          -DBEACON_REQ_DELAY_MASK=0x00FF                     #
#                          -DROUTE_EXPIRY_TIME=30 -DAPSC_ACK_WAIT_DURATION_PO #
#                          LLED=3000 -DNWK_INDIRECT_MSG_TIMEOUT=7             #
#                          -DMAX_RREQ_ENTRIES=8 -DAPSC_MAX_FRAME_RETRIES=3    #
#                          -DNWK_MAX_DATA_RETRIES=2                           #
#                          -DMAX_POLL_FAILURE_RETRIES=2 -DMAX_BCAST=9         #
#                          -DAPS_MAX_GROUPS=16 -DMAX_RTG_ENTRIES=40           #
#                          -DNWK_MAX_BINDING_ENTRIES=4                        #
#                          -DMAX_BINDING_CLUSTER_IDS=4 "-DDEFAULT_KEY={0x01,  #
#                          0x03, 0x05, 0x07, 0x09, 0x0B, 0x0D, 0x0F, 0x00,    #
#                          0x02, 0x04, 0x06, 0x08, 0x0A, 0x0C, 0x0D}"         #
#                          -DMAC_MAX_FRAME_SIZE=116 "-DCONST=const __code"    #
#                          -DGENERIC=__generic -DRFD_RCVC_ALWAYS_ON=FALSE     #
#                          -DPOLL_RATE=1000 -DQUEUED_POLL_RATE=100            #
#                          -DRESPONSE_POLL_RATE=100) -DREJOIN_POLL_RATE=440   #
#                          D:\BaiduNetdiskDownload\ZIGBEE¿ª·¢Ì×¼þWiFiÄ£¿éMQTT #
#                          ×ÊÁÏV3.0\3.µ½»õ²âÊÔ´úÂë\Z-StackÍ¸´«\Projects\zstac #
#                          k\Utilities\SerialApp\Source\SerialApp.c -D        #
#                          ZIGBEEPRO -D HAL_UART=TRUE -D SERIAL_APP_PORT=0    #
#                          -D LCD_SUPPORTED -lC D:\BaiduNetdiskDownload\ZIGBE #
#                          E¿ª·¢Ì×¼þWiFiÄ£¿éMQTT×ÊÁÏV3.0\3.µ½»õ²âÊÔ´úÂë\Z-Sta #
#                          ckÍ¸´«\Projects\zstack\Utilities\SerialApp\CC2530D #
#                          B\RouterEB-Pro\List\ -lA                           #
#                          D:\BaiduNetdiskDownload\ZIGBEE¿ª·¢Ì×¼þWiFiÄ£¿éMQTT #
#                          ×ÊÁÏV3.0\3.µ½»õ²âÊÔ´úÂë\Z-StackÍ¸´«\Projects\zstac #
#                          k\Utilities\SerialApp\CC2530DB\RouterEB-Pro\List\  #
#                          --diag_suppress Pe001,Pa010 -o                     #
#                          D:\BaiduNetdiskDownload\ZIGBEE¿ª·¢Ì×¼þWiFiÄ£¿éMQTT #
#                          ×ÊÁÏV3.0\3.µ½»õ²âÊÔ´úÂë\Z-StackÍ¸´«\Projects\zstac #
#                          k\Utilities\SerialApp\CC2530DB\RouterEB-Pro\Obj\   #
#                          -e --debug --core=plain --dptr=16,1                #
#                          --data_model=large --code_model=banked             #
#                          --calling_convention=xdata_reentrant               #
#                          --place_constants=data_rom --nr_virtual_regs 8 -I  #
#                          D:\BaiduNetdiskDownload\ZIGBEE¿ª·¢Ì×¼þWiFiÄ£¿éMQTT #
#                          ×ÊÁÏV3.0\3.µ½»õ²âÊÔ´úÂë\Z-StackÍ¸´«\Projects\zstac #
#                          k\Utilities\SerialApp\CC2530DB\ -I                 #
#                          D:\BaiduNetdiskDownload\ZIGBEE¿ª·¢Ì×¼þWiFiÄ£¿éMQTT #
#                          ×ÊÁÏV3.0\3.µ½»õ²âÊÔ´úÂë\Z-StackÍ¸´«\Projects\zstac #
#                          k\Utilities\SerialApp\CC2530DB\..\SOURCE\ -I       #
#                          D:\BaiduNetdiskDownload\ZIGBEE¿ª·¢Ì×¼þWiFiÄ£¿éMQTT #
#                          ×ÊÁÏV3.0\3.µ½»õ²âÊÔ´úÂë\Z-StackÍ¸´«\Projects\zstac #
#                          k\Utilities\SerialApp\CC2530DB\..\..\..\ZMAIN\TI25 #
#                          30DB\ -I D:\BaiduNetdiskDownload\ZIGBEE¿ª·¢Ì×¼þWiF #
#                          iÄ£¿éMQTT×ÊÁÏV3.0\3.µ½»õ²âÊÔ´úÂë\Z-StackÍ¸´«\Proje #
#                          cts\zstack\Utilities\SerialApp\CC2530DB\..\..\..\. #
#                          .\..\COMPONENTS\MT\ -I D:\BaiduNetdiskDownload\ZIG #
#                          BEE¿ª·¢Ì×¼þWiFiÄ£¿éMQTT×ÊÁÏV3.0\3.µ½»õ²âÊÔ´úÂë\Z-S #
#                          tackÍ¸´«\Projects\zstack\Utilities\SerialApp\CC253 #
#                          0DB\..\..\..\..\..\COMPONENTS\HAL\INCLUDE\ -I      #
#                          D:\BaiduNetdiskDownload\ZIGBEE¿ª·¢Ì×¼þWiFiÄ£¿éMQTT #
#                          ×ÊÁÏV3.0\3.µ½»õ²âÊÔ´úÂë\Z-StackÍ¸´«\Projects\zstac #
#                          k\Utilities\SerialApp\CC2530DB\..\..\..\..\..\COMP #
#                          ONENTS\HAL\TARGET\CC2530EB\ -I                     #
#                          D:\BaiduNetdiskDownload\ZIGBEE¿ª·¢Ì×¼þWiFiÄ£¿éMQTT #
#                          ×ÊÁÏV3.0\3.µ½»õ²âÊÔ´úÂë\Z-StackÍ¸´«\Projects\zstac #
#                          k\Utilities\SerialApp\CC2530DB\..\..\..\..\..\COMP #
#                          ONENTS\OSAL\MCU\CCSOC\ -I                          #
#                          D:\BaiduNetdiskDownload\ZIGBEE¿ª·¢Ì×¼þWiFiÄ£¿éMQTT #
#                          ×ÊÁÏV3.0\3.µ½»õ²âÊÔ´úÂë\Z-StackÍ¸´«\Projects\zstac #
#                          k\Utilities\SerialApp\CC2530DB\..\..\..\..\..\COMP #
#                          ONENTS\OSAL\INCLUDE\ -I D:\BaiduNetdiskDownload\ZI #
#                          GBEE¿ª·¢Ì×¼þWiFiÄ£¿éMQTT×ÊÁÏV3.0\3.µ½»õ²âÊÔ´úÂë\Z- #
#                          StackÍ¸´«\Projects\zstack\Utilities\SerialApp\CC25 #
#                          30DB\..\..\..\..\..\COMPONENTS\STACK\AF\ -I        #
#                          D:\BaiduNetdiskDownload\ZIGBEE¿ª·¢Ì×¼þWiFiÄ£¿éMQTT #
#                          ×ÊÁÏV3.0\3.µ½»õ²âÊÔ´úÂë\Z-StackÍ¸´«\Projects\zstac #
#                          k\Utilities\SerialApp\CC2530DB\..\..\..\..\..\COMP #
#                          ONENTS\STACK\NWK\ -I D:\BaiduNetdiskDownload\ZIGBE #
#                          E¿ª·¢Ì×¼þWiFiÄ£¿éMQTT×ÊÁÏV3.0\3.µ½»õ²âÊÔ´úÂë\Z-Sta #
#                          ckÍ¸´«\Projects\zstack\Utilities\SerialApp\CC2530D #
#                          B\..\..\..\..\..\COMPONENTS\STACK\SEC\ -I          #
#                          D:\BaiduNetdiskDownload\ZIGBEE¿ª·¢Ì×¼þWiFiÄ£¿éMQTT #
#                          ×ÊÁÏV3.0\3.µ½»õ²âÊÔ´úÂë\Z-StackÍ¸´«\Projects\zstac #
#                          k\Utilities\SerialApp\CC2530DB\..\..\..\..\..\COMP #
#                          ONENTS\STACK\SAPI\ -I D:\BaiduNetdiskDownload\ZIGB #
#                          EE¿ª·¢Ì×¼þWiFiÄ£¿éMQTT×ÊÁÏV3.0\3.µ½»õ²âÊÔ´úÂë\Z-St #
#                          ackÍ¸´«\Projects\zstack\Utilities\SerialApp\CC2530 #
#                          DB\..\..\..\..\..\COMPONENTS\STACK\SYS\ -I         #
#                          D:\BaiduNetdiskDownload\ZIGBEE¿ª·¢Ì×¼þWiFiÄ£¿éMQTT #
#                          ×ÊÁÏV3.0\3.µ½»õ²âÊÔ´úÂë\Z-StackÍ¸´«\Projects\zstac #
#                          k\Utilities\SerialApp\CC2530DB\..\..\..\..\..\COMP #
#                          ONENTS\STACK\ZDO\ -I D:\BaiduNetdiskDownload\ZIGBE #
#                          E¿ª·¢Ì×¼þWiFiÄ£¿éMQTT×ÊÁÏV3.0\3.µ½»õ²âÊÔ´úÂë\Z-Sta #
#                          ckÍ¸´«\Projects\zstack\Utilities\SerialApp\CC2530D #
#                          B\..\..\..\..\..\COMPONENTS\ZMAC\F8W\ -I           #
#                          D:\BaiduNetdiskDownload\ZIGBEE¿ª·¢Ì×¼þWiFiÄ£¿éMQTT #
#                          ×ÊÁÏV3.0\3.µ½»õ²âÊÔ´úÂë\Z-StackÍ¸´«\Projects\zstac #
#                          k\Utilities\SerialApp\CC2530DB\..\..\..\..\..\COMP #
#                          ONENTS\ZMAC\ -I D:\BaiduNetdiskDownload\ZIGBEE¿ª·¢ #
#                          Ì×¼þWiFiÄ£¿éMQTT×ÊÁÏV3.0\3.µ½»õ²âÊÔ´úÂë\Z-StackÍ¸´ #
#                          «\Projects\zstack\Utilities\SerialApp\CC2530DB\..\ #
#                          ..\..\..\..\COMPONENTS\SERVICES\SADDR\ -I          #
#                          D:\BaiduNetdiskDownload\ZIGBEE¿ª·¢Ì×¼þWiFiÄ£¿éMQTT #
#                          ×ÊÁÏV3.0\3.µ½»õ²âÊÔ´úÂë\Z-StackÍ¸´«\Projects\zstac #
#                          k\Utilities\SerialApp\CC2530DB\..\..\..\..\..\COMP #
#                          ONENTS\SERVICES\SDATA\ -I                          #
#                          D:\BaiduNetdiskDownload\ZIGBEE¿ª·¢Ì×¼þWiFiÄ£¿éMQTT #
#                          ×ÊÁÏV3.0\3.µ½»õ²âÊÔ´úÂë\Z-StackÍ¸´«\Projects\zstac #
#                          k\Utilities\SerialApp\CC2530DB\..\..\..\..\..\COMP #
#                          ONENTS\MAC\INCLUDE\ -I D:\BaiduNetdiskDownload\ZIG #
#                          BEE¿ª·¢Ì×¼þWiFiÄ£¿éMQTT×ÊÁÏV3.0\3.µ½»õ²âÊÔ´úÂë\Z-S #
#                          tackÍ¸´«\Projects\zstack\Utilities\SerialApp\CC253 #
#                          0DB\..\..\..\..\..\COMPONENTS\MAC\HIGH_LEVEL\ -I   #
#                          D:\BaiduNetdiskDownload\ZIGBEE¿ª·¢Ì×¼þWiFiÄ£¿éMQTT #
#                          ×ÊÁÏV3.0\3.µ½»õ²âÊÔ´úÂë\Z-StackÍ¸´«\Projects\zstac #
#                          k\Utilities\SerialApp\CC2530DB\..\..\..\..\..\COMP #
#                          ONENTS\MAC\LOW_LEVEL\srf04\ -I                     #
#                          D:\BaiduNetdiskDownload\ZIGBEE¿ª·¢Ì×¼þWiFiÄ£¿éMQTT #
#                          ×ÊÁÏV3.0\3.µ½»õ²âÊÔ´úÂë\Z-StackÍ¸´«\Projects\zstac #
#                          k\Utilities\SerialApp\CC2530DB\..\..\..\..\..\COMP #
#                          ONENTS\MAC\LOW_LEVEL\srf04\SINGLE_CHIP\ -Ohz       #
#                          --require_prototypes                               #
#    List file          =  D:\BaiduNetdiskDownload\ZIGBEE¿ª·¢Ì×¼þWiFiÄ£¿éMQTT #
#                          ×ÊÁÏV3.0\3.µ½»õ²âÊÔ´úÂë\Z-StackÍ¸´«\Projects\zstac #
#                          k\Utilities\SerialApp\CC2530DB\RouterEB-Pro\List\S #
#                          erialApp.lst                                       #
#    Object file        =  D:\BaiduNetdiskDownload\ZIGBEE¿ª·¢Ì×¼þWiFiÄ£¿éMQTT #
#                          ×ÊÁÏV3.0\3.µ½»õ²âÊÔ´úÂë\Z-StackÍ¸´«\Projects\zstac #
#                          k\Utilities\SerialApp\CC2530DB\RouterEB-Pro\Obj\Se #
#                          rialApp.r51                                        #
#                                                                             #
#                                                                             #
###############################################################################

D:\BaiduNetdiskDownload\ZIGBEE¿ª·¢Ì×¼þWiFiÄ£¿éMQTT×ÊÁÏV3.0\3.µ½»õ²âÊÔ´úÂë\Z-StackÍ¸´«\Projects\zstack\Utilities\SerialApp\Source\SerialApp.c
      1          /*********************************************************************
      2           * INCLUDES
      3           */
      4          
      5          #include <stdio.h>
      6          #include <string.h>
      7          #include "AF.h"
      8          #include "OnBoard.h"
      9          #include "OSAL_Tasks.h"
     10          #include "SerialApp.h"
     11          #include "ZDApp.h"
     12          #include "ZDObject.h"
     13          #include "ZDProfile.h"
     14          
     15          #include "hal_drivers.h"
     16          #include "hal_key.h"
     17          #include "hal_adc.h"
     18          #if defined ( LCD_SUPPORTED )
     19            #include "hal_lcd.h"
     20          #endif
     21          #include "hal_led.h"
     22          #include "hal_uart.h"
     23          
     24          #include "DebugUtils.h"

  #ifndef DEBUGUTILS_H
                     ^
"D:\BaiduNetdiskDownload\ZIGBEE¿ª·¢Ì×¼þWiFiÄ£¿éMQTT×ÊÁÏV3.0\3.µ½»õ²âÊÔ´úÂë\Z-StackÍ¸´«\Projects\zstack\Utilities\SerialApp\Source\DebugUtils.h",1  Warning[Pa050]: 
          non-native end of line sequence detected (this diagnostic is only
          issued once)
     25          #include "SensorConfig.h"
     26          
     27          /*********************************************************************
     28           * MACROS
     29           */
     30          
     31          /*********************************************************************
     32           * CONSTANTS
     33           */
     34          
     35          #if !defined( SERIAL_APP_PORT )
     36          #define SERIAL_APP_PORT  0
     37          #endif
     38          
     39          #if !defined( SERIAL_APP_BAUD )
     40            //#define SERIAL_APP_BAUD  HAL_UART_BR_38400
     41            #define SERIAL_APP_BAUD  HAL_UART_BR_9600
     42          #endif
     43          
     44          // When the Rx buf space is less than this threshold, invoke the Rx callback.
     45          #if !defined( SERIAL_APP_THRESH )
     46          #define SERIAL_APP_THRESH  64
     47          #endif
     48          
     49          #if !defined( SERIAL_APP_RX_SZ )
     50          #define SERIAL_APP_RX_SZ  128
     51          #endif
     52          
     53          #if !defined( SERIAL_APP_TX_SZ )
     54          #define SERIAL_APP_TX_SZ  128
     55          #endif
     56          
     57          // Millisecs of idle time after a byte is received before invoking Rx callback.
     58          #if !defined( SERIAL_APP_IDLE )
     59          #define SERIAL_APP_IDLE  6
     60          #endif
     61          
     62          // Loopback Rx bytes to Tx for throughput testing.
     63          #if !defined( SERIAL_APP_LOOPBACK )
     64          #define SERIAL_APP_LOOPBACK  FALSE
     65          #endif
     66          
     67          // This is the max byte count per OTA message.
     68          #if !defined( SERIAL_APP_TX_MAX )
     69          #define SERIAL_APP_TX_MAX  80
     70          #endif
     71          
     72          #define SERIAL_APP_RSP_CNT  4
     73          
     74          // Sensor Configuration
     75          #define SENSOR_ADC_CHANNEL      HAL_ADC_CHANNEL_0
     76          #define SENSOR_ADC_RESOLUTION    HAL_ADC_RESOLUTION_12
     77          #define SENSOR_ADC_INTERVAL      5000
     78          #define SENSOR_DATA_EVT          0x0004
     79          
     80          // PMS7003 Configuration
     81          #define PMS7003_HEADER           0x42
     82          #define PMS7003_HEADER_SECOND    0x4D
     83          #define PMS7003_FRAME_LENGTH     32
     84          
     85          // Sensor Data Format
     86          #define SENSOR_TYPE_PMS7003      0x01
     87          #define SENSOR_TYPE_ADC          0x02
     88          
     89          // This list should be filled with Application specific Cluster IDs.

   \                                 In  segment XDATA_ROM_C, align 1
     90          const cId_t SerialApp_ClusterList[SERIALAPP_MAX_CLUSTERS] =
   \                     SerialApp_ClusterList:
   \   000000   0100         DW 1
   \   000002   0200         DW 2
   \   000004   0300         DW 3
   \   000006   0400         DW 4
     91          {
     92            SERIALAPP_CLUSTERID1,
     93            SERIALAPP_CLUSTERID2,
     94            SERIALAPP_CONNECTREQ_CLUSTER,            
     95            SERIALAPP_CONNECTRSP_CLUSTER             
     96          };
     97          

   \                                 In  segment XDATA_ROM_C, align 1
     98          const SimpleDescriptionFormat_t SerialApp_SimpleDesc =
   \                     SerialApp_SimpleDesc:
   \   000000   0B           DB 11
   \   000001   050F         DW 3845
   \   000003   0100         DW 1
   \   000005   00           DB 0
   \   000006   04           DB 4
   \   000007   ....         DW SerialApp_ClusterList
   \   000009   04           DB 4
   \   00000A   ....         DW SerialApp_ClusterList
     99          {
    100            SERIALAPP_ENDPOINT,              //  int   Endpoint;
    101            SERIALAPP_PROFID,                //  uint16 AppProfId[2];
    102            SERIALAPP_DEVICEID,              //  uint16 AppDeviceId[2];
    103            SERIALAPP_DEVICE_VERSION,        //  int   AppDevVer:4;
    104            SERIALAPP_FLAGS,                 //  int   AppFlags:4;
    105            SERIALAPP_MAX_CLUSTERS,          //  byte  AppNumInClusters;
    106            (cId_t *)SerialApp_ClusterList,  //  byte *pAppInClusterList;
    107            SERIALAPP_MAX_CLUSTERS,          //  byte  AppNumOutClusters;
    108            (cId_t *)SerialApp_ClusterList   //  byte *pAppOutClusterList;
    109          };
    110          

   \                                 In  segment XDATA_I, align 1, keep-with-next
    111          endPointDesc_t SerialApp_epDesc =
   \                     SerialApp_epDesc:
   \   000000                DS 6
   \   000006                REQUIRE `?<Initializer for SerialApp_epDesc>`
   \   000006                REQUIRE __INIT_XDATA_I
    112          {
    113            SERIALAPP_ENDPOINT,
    114           &SerialApp_TaskID,
    115            (SimpleDescriptionFormat_t *)&SerialApp_SimpleDesc,
    116            noLatencyReqs
    117          };
    118          
    119          /*********************************************************************
    120           * TYPEDEFS
    121           */
    122          
    123          /*********************************************************************
    124           * GLOBAL VARIABLES
    125           */

   \                                 In  segment XDATA_Z, align 1, keep-with-next
    126          devStates_t SampleApp_NwkState;   
   \                     SampleApp_NwkState:
   \   000000                DS 1
   \   000001                REQUIRE __INIT_XDATA_Z

   \                                 In  segment XDATA_Z, align 1, keep-with-next
    127          uint8 SerialApp_TaskID;           // Task ID for internal task/event processing.
   \                     SerialApp_TaskID:
   \   000000                DS 1
   \   000001                REQUIRE __INIT_XDATA_Z
    128          
    129          /*********************************************************************
    130           * EXTERNAL VARIABLES
    131           */
    132          
    133          /*********************************************************************
    134           * EXTERNAL FUNCTIONS
    135           */
    136          
    137          /*********************************************************************
    138           * LOCAL VARIABLES
    139           */
    140          

   \                                 In  segment XDATA_Z, align 1, keep-with-next
    141          static uint8 SerialApp_MsgID;
   \                     SerialApp_MsgID:
   \   000000                DS 1
   \   000001                REQUIRE __INIT_XDATA_Z
    142          

   \                                 In  segment XDATA_Z, align 1, keep-with-next
    143          static afAddrType_t SerialApp_TxAddr;
   \                     SerialApp_TxAddr:
   \   000000                DS 12
   \   00000C                REQUIRE __INIT_XDATA_Z

   \                                 In  segment XDATA_Z, align 1, keep-with-next
    144          static uint8 SerialApp_TxSeq;
   \                     SerialApp_TxSeq:
   \   000000                DS 1
   \   000001                REQUIRE __INIT_XDATA_Z

   \                                 In  segment XDATA_Z, align 1, keep-with-next
    145          static uint8 SerialApp_TxBuf[SERIAL_APP_TX_MAX+1];
   \                     SerialApp_TxBuf:
   \   000000                DS 81
   \   000051                REQUIRE __INIT_XDATA_Z

   \                                 In  segment XDATA_Z, align 1, keep-with-next
    146          static uint8 SerialApp_TxLen;
   \                     SerialApp_TxLen:
   \   000000                DS 1
   \   000001                REQUIRE __INIT_XDATA_Z
    147          

   \                                 In  segment XDATA_Z, align 1, keep-with-next
    148          static afAddrType_t SerialApp_RxAddr;
   \                     SerialApp_RxAddr:
   \   000000                DS 12
   \   00000C                REQUIRE __INIT_XDATA_Z

   \                                 In  segment XDATA_Z, align 1, keep-with-next
    149          static uint8 SerialApp_RxSeq;
   \                     SerialApp_RxSeq:
   \   000000                DS 1
   \   000001                REQUIRE __INIT_XDATA_Z

   \                                 In  segment XDATA_Z, align 1, keep-with-next
    150          static uint8 SerialApp_RspBuf[SERIAL_APP_RSP_CNT];
   \                     SerialApp_RspBuf:
   \   000000                DS 4
   \   000004                REQUIRE __INIT_XDATA_Z
    151          
    152          // Sensor Variables

   \                                 In  segment XDATA_Z, align 1, keep-with-next
    153          static uint8 pms7003Buffer[64];
   \                     pms7003Buffer:
   \   000000                DS 64
   \   000040                REQUIRE __INIT_XDATA_Z

   \                                 In  segment XDATA_Z, align 1, keep-with-next
    154          static uint8 pms7003Index = 0;
   \                     pms7003Index:
   \   000000                DS 1
   \   000001                REQUIRE __INIT_XDATA_Z

   \                                 In  segment XDATA_Z, align 1, keep-with-next
    155          static uint8 pms7003State = 0;
   \                     pms7003State:
   \   000000                DS 1
   \   000001                REQUIRE __INIT_XDATA_Z

   \                                 In  segment XDATA_Z, align 1, keep-with-next
    156          static uint16 lastAdcValue = 0;
   \                     lastAdcValue:
   \   000000                DS 2
   \   000002                REQUIRE __INIT_XDATA_Z

   \                                 In  segment XDATA_Z, align 1, keep-with-next
    157          static uint8 sensorDataBuffer[32];
   \                     sensorDataBuffer:
   \   000000                DS 32
   \   000020                REQUIRE __INIT_XDATA_Z
    158          
    159          /*********************************************************************
    160           * LOCAL FUNCTIONS
    161           */
    162          
    163          static void SerialApp_ProcessMSGCmd( afIncomingMSGPacket_t *pkt );
    164          static void SerialApp_Send(void);
    165          static void SerialApp_Resp(void);
    166          static void SerialApp_CallBack(uint8 port, uint8 event); 
    167          static void SerialApp_DeviceConnect(void);              
    168          static void SerialApp_DeviceConnectRsp(uint8*);         
    169          static void SerialApp_ConnectReqProcess(uint8*);
    170          
    171          // Sensor Functions
    172          static void SerialApp_ProcessPMS7003Data(uint8 *data, uint16 len);
    173          static void SerialApp_ReadADCSensor(void);
    174          static void SerialApp_SendSensorData(uint8 sensorType, uint8 *data, uint8 len);
    175          static void SerialApp_ProcessSensorEvent(void);           
    176          
    177          /*********************************************************************
    178           * @fn      SerialApp_Init
    179           *
    180           * @brief   This is called during OSAL tasks' initialization.
    181           *
    182           * @param   task_id - the Task ID assigned by OSAL.
    183           *
    184           * @return  none
    185           */

   \                                 In  segment BANKED_CODE, align 1, keep-with-next
    186          void SerialApp_Init( uint8 task_id )
   \                     SerialApp_Init:
    187          {
   \   000000   74F7         MOV     A,#-0x9
   \   000002   12....       LCALL   ?BANKED_ENTER_XDATA
   \   000005                ; Saved register size: 9
   \   000005                ; Auto size: 29
   \   000005   74E3         MOV     A,#-0x1d
   \   000007   12....       LCALL   ?ALLOC_XSTACK8
   \   00000A   E9           MOV     A,R1
   \   00000B   FE           MOV     R6,A
    188            halUARTCfg_t uartConfig;
    189          
    190            SerialApp_TaskID = task_id;
   \   00000C   90....       MOV     DPTR,#SerialApp_TaskID
   \   00000F   F0           MOVX    @DPTR,A
    191            SerialApp_RxSeq = 0xC3;
   \   000010   90....       MOV     DPTR,#SerialApp_RxSeq
   \   000013   74C3         MOV     A,#-0x3d
   \   000015   F0           MOVX    @DPTR,A
    192            SampleApp_NwkState = DEV_INIT;       
   \   000016   90....       MOV     DPTR,#SampleApp_NwkState
   \   000019   7401         MOV     A,#0x1
   \   00001B   F0           MOVX    @DPTR,A
    193            
    194            afRegister( (endPointDesc_t *)&SerialApp_epDesc );
   \   00001C                ; Setup parameters for call to function afRegister
   \   00001C   7A..         MOV     R2,#SerialApp_epDesc & 0xff
   \   00001E   7B..         MOV     R3,#(SerialApp_epDesc >> 8) & 0xff
   \   000020   12....       LCALL   ??afRegister?relay
    195          
    196            RegisterForKeys( task_id );
   \   000023                ; Setup parameters for call to function RegisterForKeys
   \   000023   EE           MOV     A,R6
   \   000024   F9           MOV     R1,A
   \   000025   12....       LCALL   ??RegisterForKeys?relay
    197          
    198            uartConfig.configured           = TRUE;              // 2x30 don't care - see uart driver.
   \   000028   85..82       MOV     DPL,?XSP + 0
   \   00002B   85..83       MOV     DPH,?XSP + 1
   \   00002E   7401         MOV     A,#0x1
   \   000030   F0           MOVX    @DPTR,A
    199            uartConfig.baudRate             = SERIAL_APP_BAUD;
   \   000031   12....       LCALL   ?XSTACK_DISP0_8
   \   000034   E4           CLR     A
   \   000035   F0           MOVX    @DPTR,A
    200            uartConfig.flowControl          = FALSE;
   \   000036   7402         MOV     A,#0x2
   \   000038   12....       LCALL   ?XSTACK_DISP0_8
   \   00003B   E4           CLR     A
   \   00003C   F0           MOVX    @DPTR,A
    201            uartConfig.flowControlThreshold = SERIAL_APP_THRESH; // 2x30 don't care - see uart driver.
   \   00003D   7403         MOV     A,#0x3
   \   00003F   12....       LCALL   ?XSTACK_DISP0_8
   \   000042   7440         MOV     A,#0x40
   \   000044   F0           MOVX    @DPTR,A
   \   000045   A3           INC     DPTR
   \   000046   E4           CLR     A
   \   000047   F0           MOVX    @DPTR,A
    202            uartConfig.rx.maxBufSize        = SERIAL_APP_RX_SZ;  // 2x30 don't care - see uart driver.
   \   000048   740A         MOV     A,#0xa
   \   00004A   12....       LCALL   ?XSTACK_DISP0_8
   \   00004D   7480         MOV     A,#-0x80
   \   00004F   F0           MOVX    @DPTR,A
   \   000050   A3           INC     DPTR
   \   000051   E4           CLR     A
   \   000052   F0           MOVX    @DPTR,A
    203            uartConfig.tx.maxBufSize        = SERIAL_APP_TX_SZ;  // 2x30 don't care - see uart driver.
   \   000053   7412         MOV     A,#0x12
   \   000055   12....       LCALL   ?XSTACK_DISP0_8
   \   000058   7480         MOV     A,#-0x80
   \   00005A   F0           MOVX    @DPTR,A
   \   00005B   A3           INC     DPTR
   \   00005C   E4           CLR     A
   \   00005D   F0           MOVX    @DPTR,A
    204            uartConfig.idleTimeout          = SERIAL_APP_IDLE;   // 2x30 don't care - see uart driver.
   \   00005E   7405         MOV     A,#0x5
   \   000060   12....       LCALL   ?XSTACK_DISP0_8
   \   000063   7406         MOV     A,#0x6
   \   000065   F0           MOVX    @DPTR,A
    205            uartConfig.intEnable            = TRUE;              // 2x30 don't care - see uart driver.
   \   000066   7416         MOV     A,#0x16
   \   000068   12....       LCALL   ?XSTACK_DISP0_8
   \   00006B   7401         MOV     A,#0x1
   \   00006D   F0           MOVX    @DPTR,A
    206            uartConfig.callBackFunc         = SerialApp_CallBack;
   \   00006E   741B         MOV     A,#0x1b
   \   000070   12....       LCALL   ?XSTACK_DISP0_8
   \   000073   74..         MOV     A,#??SerialApp_CallBack?relay & 0xff
   \   000075   F0           MOVX    @DPTR,A
   \   000076   A3           INC     DPTR
   \   000077   74..         MOV     A,#(??SerialApp_CallBack?relay >> 8) & 0xff
   \   000079   12....       LCALL   ?Subroutine3 & 0xFFFF
    207            HalUARTOpen (SERIAL_APP_PORT, &uartConfig);
   \                     ??CrossCallReturnLabel_0:
   \   00007C   AA82         MOV     R2,DPL
   \   00007E   AB83         MOV     R3,DPH
   \   000080   7900         MOV     R1,#0x0
   \   000082   12....       LCALL   ??HalUARTOpen?relay
    208          
    209            HalAdcInit();
   \   000085                ; Setup parameters for call to function HalAdcInit
   \   000085   12....       LCALL   ??HalAdcInit?relay
    210          
    211          #if defined ( LCD_SUPPORTED )
    212            HalLcdInit();
   \   000088                ; Setup parameters for call to function HalLcdInit
   \   000088   12....       LCALL   ??HalLcdInit?relay
    213            HalLcdWriteString( "SerialApp", HAL_LCD_LINE_2 );
   \   00008B                ; Setup parameters for call to function HalLcdWriteString
   \   00008B   7902         MOV     R1,#0x2
   \   00008D   7A..         MOV     R2,#`?<Constant "SerialApp">` & 0xff
   \   00008F   7B..         MOV     R3,#(`?<Constant "SerialApp">` >> 8) & 0xff
   \   000091   12....       LCALL   ??HalLcdWriteString?relay
    214            HalLcdWriteString( "Initializing...", HAL_LCD_LINE_3 );
   \   000094                ; Setup parameters for call to function HalLcdWriteString
   \   000094   7903         MOV     R1,#0x3
   \   000096   7A..         MOV     R2,#`?<Constant "Initializing...">` & 0xff
   \   000098   7B..         MOV     R3,#(`?<Constant "Initializing...">` >> 8) & 0xff
   \   00009A   12....       LCALL   ??HalLcdWriteString?relay
    215          #endif
    216            
    217            ZDO_RegisterForZDOMsg( SerialApp_TaskID, End_Device_Bind_rsp );
   \   00009D                ; Setup parameters for call to function ZDO_RegisterForZDOMsg
   \   00009D   7A20         MOV     R2,#0x20
   \   00009F   7B80         MOV     R3,#-0x80
   \   0000A1   90....       MOV     DPTR,#SerialApp_TaskID
   \   0000A4   E0           MOVX    A,@DPTR
   \   0000A5   F9           MOV     R1,A
   \   0000A6   12....       LCALL   ??ZDO_RegisterForZDOMsg?relay
    218            ZDO_RegisterForZDOMsg( SerialApp_TaskID, Match_Desc_rsp );
   \   0000A9                ; Setup parameters for call to function ZDO_RegisterForZDOMsg
   \   0000A9   7A06         MOV     R2,#0x6
   \   0000AB   7B80         MOV     R3,#-0x80
   \   0000AD   90....       MOV     DPTR,#SerialApp_TaskID
   \   0000B0   E0           MOVX    A,@DPTR
   \   0000B1   F9           MOV     R1,A
   \   0000B2   12....       LCALL   ??ZDO_RegisterForZDOMsg?relay
    219            
    220            SerialApp_DebugMessage("SerialApp initialized");
   \   0000B5                ; Setup parameters for call to function SerialApp_DebugMessage
   \   0000B5   7A..         MOV     R2,#`?<Constant "SerialApp initialized">` & 0xff
   \   0000B7   7B..         MOV     R3,#(`?<Constant "SerialApp initialized">` >> 8) & 0xff
   \   0000B9   12....       LCALL   ??SerialApp_DebugMessage?relay
    221            SerialApp_DebugSensorConfig();
   \   0000BC                ; Setup parameters for call to function SerialApp_DebugSensorConfig
   \   0000BC   12....       LCALL   ??SerialApp_DebugSensorConfig?relay
    222            
    223            osal_start_timerEx( SerialApp_TaskID, SENSOR_DATA_EVT, SENSOR_ADC_INTERVAL );
   \   0000BF                ; Setup parameters for call to function osal_start_timerEx
   \   0000BF   12....       LCALL   ?Subroutine6 & 0xFFFF
    224            SerialApp_DebugMessage("Sensor data timer started");
   \                     ??CrossCallReturnLabel_17:
   \   0000C2                ; Setup parameters for call to function SerialApp_DebugMessage
   \   0000C2   7A..         MOV     R2,#`?<Constant "Sensor data timer sta...">` & 0xff
   \   0000C4   7B..         MOV     R3,#(`?<Constant "Sensor data timer sta...">` >> 8) & 0xff
   \   0000C6   12....       LCALL   ??SerialApp_DebugMessage?relay
    225          }
   \   0000C9   741D         MOV     A,#0x1d
   \   0000CB   12....       LCALL   ?DEALLOC_XSTACK8
   \   0000CE                REQUIRE ?Subroutine0
   \   0000CE                ; // Fall through to label ?Subroutine0

   \                                 In  segment BANKED_CODE, align 1, keep-with-next
   \                     ?Subroutine0:
   \   000000   7F01         MOV     R7,#0x1
   \   000002   02....       LJMP    ?BANKED_LEAVE_XDATA

   \                                 In  segment BANKED_CODE, align 1, keep-with-next
   \                     ?Subroutine6:
   \   000000   7C88         MOV     R4,#-0x78
   \   000002   7D13         MOV     R5,#0x13
   \   000004   7A04         MOV     R2,#0x4
   \   000006                REQUIRE ??Subroutine13_0
   \   000006                ; // Fall through to label ??Subroutine13_0

   \                                 In  segment BANKED_CODE, align 1, keep-with-next
   \                     ??Subroutine13_0:
   \   000000   7B00         MOV     R3,#0x0
   \   000002   90....       MOV     DPTR,#SerialApp_TaskID
   \   000005   E0           MOVX    A,@DPTR
   \   000006   F9           MOV     R1,A
   \   000007   12....       LCALL   ??osal_start_timerEx?relay
   \   00000A   22           RET

   \                                 In  segment BANKED_CODE, align 1, keep-with-next
   \                     ?Subroutine3:
   \   000000   F0           MOVX    @DPTR,A
   \   000001                ; Setup parameters for call to function HalUARTOpen
   \   000001   85..82       MOV     DPL,?XSP + 0
   \   000004   85..83       MOV     DPH,?XSP + 1
   \   000007   22           RET
    226          
    227          /*********************************************************************
    228           * @fn      SerialApp_ProcessEvent
    229           *
    230           * @brief   Generic Application Task event processor.
    231           *
    232           * @param   task_id  - The OSAL assigned task ID.
    233           * @param   events   - Bit map of events to process.
    234           *
    235           * @return  Event flags of all unprocessed events.
    236           */

   \                                 In  segment BANKED_CODE, align 1, keep-with-next
    237          UINT16 SerialApp_ProcessEvent( uint8 task_id, UINT16 events )
   \                     SerialApp_ProcessEvent:
    238          {
   \   000000   74F4         MOV     A,#-0xc
   \   000002   12....       LCALL   ?BANKED_ENTER_XDATA
   \   000005                ; Saved register size: 12
   \   000005                ; Auto size: 0
   \   000005   EA           MOV     A,R2
   \   000006   FE           MOV     R6,A
   \   000007   EB           MOV     A,R3
   \   000008   FF           MOV     R7,A
    239            (void)task_id;  // Intentionally unreferenced parameter
    240            
    241            if ( events & SYS_EVENT_MSG )
   \   000009   5480         ANL     A,#0x80
   \   00000B   701F         JNZ     ??SerialApp_ProcessEvent_0
    242            {
    243              afIncomingMSGPacket_t *MSGpkt;
    244          
    245              while ( (MSGpkt = (afIncomingMSGPacket_t *)osal_msg_receive( SerialApp_TaskID )) )
    246              {
    247                switch ( MSGpkt->hdr.event )
    248                {
    249                case AF_INCOMING_MSG_CMD:
    250                  SerialApp_ProcessMSGCmd( MSGpkt );
    251                  break;
    252                  
    253                case ZDO_STATE_CHANGE:
    254                  SampleApp_NwkState = (devStates_t)(MSGpkt->hdr.status);
    255                  if ( (SampleApp_NwkState == DEV_ZB_COORD)
    256                      || (SampleApp_NwkState == DEV_ROUTER)
    257                      || (SampleApp_NwkState == DEV_END_DEVICE) )
    258                  {
    259                      // Start sending the periodic message in a regular interval.
    260                      HalLedSet(HAL_LED_1, HAL_LED_MODE_ON);
    261                      
    262                      SerialApp_DebugMessage("Network connected");
    263                      SerialApp_DebugNetworkStatus();
    264                      
    265                      if(SampleApp_NwkState != DEV_ZB_COORD)
    266                        SerialApp_DeviceConnect();              
    267                  }
    268                  else
    269                  {
    270                    // Device is no longer in the network
    271                    SerialApp_DebugMessage("Network disconnected");
    272                  }
    273                  break;
    274          
    275                default:
    276                  break;
    277                }
    278          
    279                osal_msg_deallocate( (uint8 *)MSGpkt );
    280              }
    281          
    282              return ( events ^ SYS_EVENT_MSG );
    283            }
    284          
    285            if ( events & SERIALAPP_SEND_EVT )
   \   00000D   EE           MOV     A,R6
   \   00000E   A2E0         MOV     C,0xE0 /* A   */.0
   \   000010   5078         JNC     ??SerialApp_ProcessEvent_1
    286            {
    287              SerialApp_Send();
   \   000012                ; Setup parameters for call to function SerialApp_Send
   \   000012   12....       LCALL   ??SerialApp_Send?relay
    288              return ( events ^ SERIALAPP_SEND_EVT );
   \   000015   EE           MOV     A,R6
   \   000016   6401         XRL     A,#0x1
   \                     ??SerialApp_ProcessEvent_2:
   \   000018   FA           MOV     R2,A
   \   000019   EF           MOV     A,R7
   \                     ??SerialApp_ProcessEvent_3:
   \   00001A   FB           MOV     R3,A
   \   00001B   02....       LJMP    ??SerialApp_ProcessEvent_4 & 0xFFFF
    289            }
   \                     ??SerialApp_ProcessEvent_5:
   \   00001E                ; Setup parameters for call to function SerialApp_DebugMessage
   \   00001E   7A..         MOV     R2,#`?<Constant "Network disconnected">` & 0xff
   \   000020   7B..         MOV     R3,#(`?<Constant "Network disconnected">` >> 8) & 0xff
   \   000022   12....       LCALL   ??SerialApp_DebugMessage?relay
   \                     ??SerialApp_ProcessEvent_6:
   \   000025                ; Setup parameters for call to function osal_msg_deallocate
   \   000025   AA..         MOV     R2,?V0 + 0
   \   000027   AB..         MOV     R3,?V0 + 1
   \   000029   12....       LCALL   ??osal_msg_deallocate?relay
   \                     ??SerialApp_ProcessEvent_0:
   \   00002C                ; Setup parameters for call to function osal_msg_receive
   \   00002C   90....       MOV     DPTR,#SerialApp_TaskID
   \   00002F   E0           MOVX    A,@DPTR
   \   000030   F9           MOV     R1,A
   \   000031   12....       LCALL   ??osal_msg_receive?relay
   \   000034   8A..         MOV     ?V0 + 0,R2
   \   000036   8B..         MOV     ?V0 + 1,R3
   \   000038   EA           MOV     A,R2
   \   000039   45..         ORL     A,?V0 + 1
   \   00003B   6046         JZ      ??SerialApp_ProcessEvent_7
   \   00003D   8A82         MOV     DPL,R2
   \   00003F   8B83         MOV     DPH,R3
   \   000041   E0           MOVX    A,@DPTR
   \   000042   24E6         ADD     A,#-0x1a
   \   000044   6006         JZ      ??SerialApp_ProcessEvent_8
   \   000046   2449         ADD     A,#0x49
   \   000048   6007         JZ      ??SerialApp_ProcessEvent_9
   \   00004A   80D9         SJMP    ??SerialApp_ProcessEvent_6
   \                     ??SerialApp_ProcessEvent_8:
   \   00004C                ; Setup parameters for call to function SerialApp_ProcessMSGCmd
   \   00004C   12....       LCALL   ??SerialApp_ProcessMSGCmd?relay
   \   00004F   80D4         SJMP    ??SerialApp_ProcessEvent_6
   \                     ??SerialApp_ProcessEvent_9:
   \   000051   A3           INC     DPTR
   \   000052   E0           MOVX    A,@DPTR
   \   000053   90....       MOV     DPTR,#SampleApp_NwkState
   \   000056   F0           MOVX    @DPTR,A
   \   000057   6409         XRL     A,#0x9
   \   000059   600A         JZ      ??SerialApp_ProcessEvent_10
   \   00005B   E0           MOVX    A,@DPTR
   \   00005C   6407         XRL     A,#0x7
   \   00005E   6005         JZ      ??SerialApp_ProcessEvent_10
   \   000060   E0           MOVX    A,@DPTR
   \   000061   6406         XRL     A,#0x6
   \   000063   70B9         JNZ     ??SerialApp_ProcessEvent_5
   \                     ??SerialApp_ProcessEvent_10:
   \   000065                ; Setup parameters for call to function HalLedSet
   \   000065   7A01         MOV     R2,#0x1
   \   000067   7901         MOV     R1,#0x1
   \   000069   12....       LCALL   ??HalLedSet?relay
   \   00006C                ; Setup parameters for call to function SerialApp_DebugMessage
   \   00006C   7A..         MOV     R2,#`?<Constant "Network connected">` & 0xff
   \   00006E   7B..         MOV     R3,#(`?<Constant "Network connected">` >> 8) & 0xff
   \   000070   12....       LCALL   ??SerialApp_DebugMessage?relay
   \   000073                ; Setup parameters for call to function SerialApp_DebugNetworkStatus
   \   000073   12....       LCALL   ??SerialApp_DebugNetworkStatus?relay
   \   000076   90....       MOV     DPTR,#SampleApp_NwkState
   \   000079   E0           MOVX    A,@DPTR
   \   00007A   6409         XRL     A,#0x9
   \   00007C   60A7         JZ      ??SerialApp_ProcessEvent_6
   \   00007E                ; Setup parameters for call to function SerialApp_DeviceConnect
   \   00007E   12....       LCALL   ??SerialApp_DeviceConnect?relay
   \   000081   80A2         SJMP    ??SerialApp_ProcessEvent_6
   \                     ??SerialApp_ProcessEvent_7:
   \   000083   EE           MOV     A,R6
   \   000084   FA           MOV     R2,A
   \   000085   EF           MOV     A,R7
   \   000086   6480         XRL     A,#0x80
   \   000088   8090         SJMP    ??SerialApp_ProcessEvent_3
    290          
    291            if ( events & SERIALAPP_RESP_EVT )
   \                     ??SerialApp_ProcessEvent_1:
   \   00008A   5402         ANL     A,#0x2
   \   00008C   604F         JZ      ??SerialApp_ProcessEvent_11
    292            {
    293              SerialApp_Resp();
   \   00008E                ; Setup parameters for call to function AF_DataRequest
   \   00008E   75..1E       MOV     ?V0 + 0,#0x1e
   \   000091   78..         MOV     R0,#?V0 + 0
   \   000093   12....       LCALL   ?PUSH_XSTACK_I_ONE
   \   000096   75....       MOV     ?V0 + 0,#SerialApp_MsgID & 0xff
   \   000099   75....       MOV     ?V0 + 1,#(SerialApp_MsgID >> 8) & 0xff
   \   00009C   78..         MOV     R0,#?V0 + 0
   \   00009E   12....       LCALL   ?PUSH_XSTACK_I_TWO
   \   0000A1   75....       MOV     ?V0 + 0,#SerialApp_RspBuf & 0xff
   \   0000A4   75....       MOV     ?V0 + 1,#(SerialApp_RspBuf >> 8) & 0xff
   \   0000A7   78..         MOV     R0,#?V0 + 0
   \   0000A9   12....       LCALL   ?PUSH_XSTACK_I_TWO
   \   0000AC   75..04       MOV     ?V0 + 0,#0x4
   \   0000AF   75..00       MOV     ?V0 + 1,#0x0
   \   0000B2   78..         MOV     R0,#?V0 + 0
   \   0000B4   12....       LCALL   ?PUSH_XSTACK_I_TWO
   \   0000B7   75..02       MOV     ?V0 + 0,#0x2
   \   0000BA   78..         MOV     R0,#?V0 + 0
   \   0000BC   12....       LCALL   ?PUSH_XSTACK_I_TWO
   \   0000BF   7900         MOV     R1,#0x0
   \   0000C1   7C..         MOV     R4,#SerialApp_epDesc & 0xff
   \   0000C3   7D..         MOV     R5,#(SerialApp_epDesc >> 8) & 0xff
   \   0000C5   7A..         MOV     R2,#SerialApp_RxAddr & 0xff
   \   0000C7   7B..         MOV     R3,#(SerialApp_RxAddr >> 8) & 0xff
   \   0000C9   12....       LCALL   ??Subroutine16_0 & 0xFFFF
   \                     ??CrossCallReturnLabel_27:
   \   0000CC   12....       LCALL   ?DEALLOC_XSTACK8
   \   0000CF   E9           MOV     A,R1
   \   0000D0   6005         JZ      ??CrossCallReturnLabel_20
   \   0000D2                ; Setup parameters for call to function osal_set_event
   \   0000D2   7A02         MOV     R2,#0x2
   \   0000D4   12....       LCALL   ?Subroutine7 & 0xFFFF
    294              return ( events ^ SERIALAPP_RESP_EVT );
   \                     ??CrossCallReturnLabel_20:
   \   0000D7   EE           MOV     A,R6
   \   0000D8   6402         XRL     A,#0x2
   \   0000DA   02....       LJMP    ??SerialApp_ProcessEvent_2 & 0xFFFF
    295            }
    296          
    297            if ( events & SENSOR_DATA_EVT )
   \                     ??SerialApp_ProcessEvent_11:
   \   0000DD   EE           MOV     A,R6
   \   0000DE   5404         ANL     A,#0x4
   \   0000E0   600C         JZ      ??SerialApp_ProcessEvent_12
    298            {
    299              SerialApp_ProcessSensorEvent();
   \   0000E2                ; Setup parameters for call to function SerialApp_ReadADCSensor
   \   0000E2   12....       LCALL   ??SerialApp_ReadADCSensor?relay
   \   0000E5                ; Setup parameters for call to function osal_start_timerEx
   \   0000E5   12....       LCALL   ?Subroutine6 & 0xFFFF
    300              return ( events ^ SENSOR_DATA_EVT );
   \                     ??CrossCallReturnLabel_18:
   \   0000E8   EE           MOV     A,R6
   \   0000E9   6404         XRL     A,#0x4
   \   0000EB   02....       LJMP    ??SerialApp_ProcessEvent_2 & 0xFFFF
    301            }
    302          
    303            return ( 0 );  // Discard unknown events.
   \                     ??SerialApp_ProcessEvent_12:
   \   0000EE   7A00         MOV     R2,#0x0
   \   0000F0   7B00         MOV     R3,#0x0
   \                     ??SerialApp_ProcessEvent_4:
   \   0000F2                REQUIRE ?Subroutine1
   \   0000F2                ; // Fall through to label ?Subroutine1
    304          }

   \                                 In  segment BANKED_CODE, align 1, keep-with-next
   \                     ?Subroutine1:
   \   000000   7F04         MOV     R7,#0x4
   \   000002   02....       LJMP    ?BANKED_LEAVE_XDATA
    305          
    306          /*********************************************************************
    307           * @fn      SerialApp_ProcessMSGCmd
    308           *
    309           * @brief   Data message processor callback. This function processes
    310           *          any incoming data - probably from other devices. Based
    311           *          on the cluster ID, perform the intended action.
    312           *
    313           * @param   pkt - pointer to the incoming message packet
    314           *
    315           * @return  TRUE if the 'pkt' parameter is being used and will be freed later,
    316           *          FALSE otherwise.
    317           */

   \                                 In  segment BANKED_CODE, align 1, keep-with-next
   \                     ??Subroutine14_0:
   \   000000   90....       MOV     DPTR,#SerialApp_TaskID
   \   000003   E0           MOVX    A,@DPTR
   \   000004   F9           MOV     R1,A
   \   000005   12....       LCALL   ??osal_set_event?relay
   \   000008   22           RET

   \                                 In  segment BANKED_CODE, align 1, keep-with-next
    318          void SerialApp_ProcessMSGCmd( afIncomingMSGPacket_t *pkt )
   \                     SerialApp_ProcessMSGCmd:
    319          {
   \   000000   74F2         MOV     A,#-0xe
   \   000002   12....       LCALL   ?BANKED_ENTER_XDATA
   \   000005                ; Saved register size: 14
   \   000005                ; Auto size: 0
   \   000005   8A..         MOV     ?V0 + 4,R2
   \   000007   8B..         MOV     ?V0 + 5,R3
    320            uint8 stat;
    321            uint8 seqnb;
    322            uint8 delay;
    323          
    324            switch ( pkt->clusterId )
   \   000009   EA           MOV     A,R2
   \   00000A   2421         ADD     A,#0x21
   \   00000C   FE           MOV     R6,A
   \   00000D   EB           MOV     A,R3
   \   00000E   3400         ADDC    A,#0x0
   \   000010   FF           MOV     R7,A
   \   000011   8A82         MOV     DPL,R2
   \   000013   8B83         MOV     DPH,R3
   \   000015   A3           INC     DPTR
   \   000016   A3           INC     DPTR
   \   000017   A3           INC     DPTR
   \   000018   A3           INC     DPTR
   \   000019   E0           MOVX    A,@DPTR
   \   00001A   F5..         MOV     ?V0 + 0,A
   \   00001C   A3           INC     DPTR
   \   00001D   E0           MOVX    A,@DPTR
   \   00001E   F5..         MOV     ?V0 + 1,A
   \   000020   78..         MOV     R0,#?V0 + 0
   \   000022   12....       LCALL   ?US_SWITCH_DENSE
   \                     `?<Jumptable for SerialApp_ProcessMSGCmd>_0`:
   \   000025   0100         DW        1
   \   000027   03           DB        3
   \   000028   ....         DW        ??CrossCallReturnLabel_10
   \   00002A   ....         DW        ??SerialApp_ProcessMSGCmd_0
   \   00002C   ....         DW        ??SerialApp_ProcessMSGCmd_1
   \   00002E   ....         DW        ??SerialApp_ProcessMSGCmd_2
   \   000030   ....         DW        ??SerialApp_ProcessMSGCmd_3
    325            {
    326            // A message with a serial data block to be transmitted on the serial port.
    327            case SERIALAPP_CLUSTERID1: //ï¿½Õµï¿½ï¿½ï¿½ï¿½Í¹ï¿½ï¿½ï¿½ï¿½ï¿½ï¿½ï¿½ï¿½ï¿½Í¨ï¿½ï¿½ï¿½ï¿½ï¿½ï¿½ï¿½ï¿½ï¿½ï¿½ï¿½ï¿½ï¿½ï¿½ï¿½ï¿½ï¿½Ê¾
    328              // Store the address for sending and retrying.
    329              osal_memcpy(&SerialApp_RxAddr, &(pkt->srcAddr), sizeof( afAddrType_t ));
   \                     ??SerialApp_ProcessMSGCmd_0:
   \   000032                ; Setup parameters for call to function osal_memcpy
   \   000032   EA           MOV     A,R2
   \   000033   2406         ADD     A,#0x6
   \   000035   F5..         MOV     ?V0 + 0,A
   \   000037   EB           MOV     A,R3
   \   000038   3400         ADDC    A,#0x0
   \   00003A   F5..         MOV     ?V0 + 1,A
   \   00003C   75..00       MOV     ?V0 + 2,#0x0
   \   00003F   78..         MOV     R0,#?V0 + 0
   \   000041   12....       LCALL   ?PUSH_XSTACK_I_THREE
   \   000044   7C0C         MOV     R4,#0xc
   \   000046   7D00         MOV     R5,#0x0
   \   000048   7A..         MOV     R2,#SerialApp_RxAddr & 0xff
   \   00004A   7B..         MOV     R3,#(SerialApp_RxAddr >> 8) & 0xff
   \   00004C   12....       LCALL   ??osal_memcpy?relay
   \   00004F   7403         MOV     A,#0x3
   \   000051   12....       LCALL   ?DEALLOC_XSTACK8
    330          
    331              seqnb = pkt->cmd.Data[0];
   \   000054   12....       LCALL   ?Subroutine5 & 0xFFFF
   \                     ??CrossCallReturnLabel_6:
   \   000057   E0           MOVX    A,@DPTR
   \   000058   FE           MOV     R6,A
    332          
    333              // Keep message if not a repeat packet
    334              if ( (seqnb > SerialApp_RxSeq) ||                    // Normal
    335                  ((seqnb < 0x80 ) && ( SerialApp_RxSeq > 0x80)) ) // Wrap-around
   \   000059   90....       MOV     DPTR,#SerialApp_RxSeq
   \   00005C   E0           MOVX    A,@DPTR
   \   00005D   C3           CLR     C
   \   00005E   9E           SUBB    A,R6
   \   00005F   400C         JC      ??SerialApp_ProcessMSGCmd_4
   \   000061   EE           MOV     A,R6
   \   000062   C3           CLR     C
   \   000063   9480         SUBB    A,#-0x80
   \   000065   503E         JNC     ??SerialApp_ProcessMSGCmd_5
   \   000067   E0           MOVX    A,@DPTR
   \   000068   C3           CLR     C
   \   000069   9481         SUBB    A,#-0x7f
   \   00006B   4038         JC      ??SerialApp_ProcessMSGCmd_5
    336              {
    337                  // Transmit the data on the serial port. // Í¨ï¿½ï¿½ï¿½ï¿½ï¿½Ú·ï¿½ï¿½ï¿½ï¿½ï¿½ï¿½Ýµï¿½PCï¿½ï¿½
    338                  if ( HalUARTWrite( SERIAL_APP_PORT, pkt->cmd.Data+1, (pkt->cmd.DataLength-1) ) )
   \                     ??SerialApp_ProcessMSGCmd_4:
   \   00006D                ; Setup parameters for call to function HalUARTWrite
   \   00006D   E5..         MOV     A,?V0 + 4
   \   00006F   241F         ADD     A,#0x1f
   \   000071   F582         MOV     DPL,A
   \   000073   E5..         MOV     A,?V0 + 5
   \   000075   3400         ADDC    A,#0x0
   \   000077   F583         MOV     DPH,A
   \   000079   E0           MOVX    A,@DPTR
   \   00007A   24FF         ADD     A,#-0x1
   \   00007C   FC           MOV     R4,A
   \   00007D   A3           INC     DPTR
   \   00007E   E0           MOVX    A,@DPTR
   \   00007F   34FF         ADDC    A,#-0x1
   \   000081   FD           MOV     R5,A
   \   000082   8882         MOV     DPL,R0
   \   000084   8983         MOV     DPH,R1
   \   000086   A3           INC     DPTR
   \   000087   AA82         MOV     R2,DPL
   \   000089   AB83         MOV     R3,DPH
   \   00008B   7900         MOV     R1,#0x0
   \   00008D   12....       LCALL   ??HalUARTWrite?relay
   \   000090   8B..         MOV     ?V0 + 1,R3
   \   000092   EA           MOV     A,R2
   \   000093   45..         ORL     A,?V0 + 1
   \   000095   6008         JZ      ??SerialApp_ProcessMSGCmd_6
    339                  {
    340                    // Save for next incoming message
    341                    SerialApp_RxSeq = seqnb;
   \   000097   EE           MOV     A,R6
   \   000098   90....       MOV     DPTR,#SerialApp_RxSeq
   \   00009B   F0           MOVX    @DPTR,A
    342                    stat = OTA_SUCCESS;
   \   00009C   E4           CLR     A
   \   00009D   8008         SJMP    ??SerialApp_ProcessMSGCmd_7
    343                  }
    344                  else
    345                  {
    346                    stat = OTA_SER_BUSY;
   \                     ??SerialApp_ProcessMSGCmd_6:
   \   00009F   7402         MOV     A,#0x2
   \   0000A1   7810         MOV     R0,#0x10
   \   0000A3   8004         SJMP    ??SerialApp_ProcessMSGCmd_8
    347                  }
    348              }
    349              else
    350              {
    351                  stat = OTA_DUP_MSG;
   \                     ??SerialApp_ProcessMSGCmd_5:
   \   0000A5   7401         MOV     A,#0x1
   \                     ??SerialApp_ProcessMSGCmd_7:
   \   0000A7   7801         MOV     R0,#0x1
    352              }
    353          
    354              // Select approproiate OTA flow-control delay.
    355              delay = (stat == OTA_SER_BUSY) ? SERIALAPP_NAK_DELAY : SERIALAPP_ACK_DELAY;
    356          
    357              // Build & send OTA response message.
    358              SerialApp_RspBuf[0] = stat;
   \                     ??SerialApp_ProcessMSGCmd_8:
   \   0000A9   90....       MOV     DPTR,#SerialApp_RspBuf
   \   0000AC   F0           MOVX    @DPTR,A
    359              SerialApp_RspBuf[1] = seqnb;
   \   0000AD   EE           MOV     A,R6
   \   0000AE   A3           INC     DPTR
   \   0000AF   F0           MOVX    @DPTR,A
    360              SerialApp_RspBuf[2] = LO_UINT16( delay );
   \   0000B0   E8           MOV     A,R0
   \   0000B1   A3           INC     DPTR
   \   0000B2   F0           MOVX    @DPTR,A
    361              SerialApp_RspBuf[3] = HI_UINT16( delay );
   \   0000B3   A3           INC     DPTR
   \   0000B4   E4           CLR     A
   \   0000B5   F0           MOVX    @DPTR,A
    362              osal_set_event( SerialApp_TaskID, SERIALAPP_RESP_EVT ); //ï¿½Õµï¿½ï¿½ï¿½ï¿½Ýºó£¬·ï¿½ï¿½ï¿½Ò»ï¿½ï¿½ï¿½ï¿½Ó¦ï¿½Â¼ï¿½
   \   0000B6                ; Setup parameters for call to function osal_set_event
   \   0000B6   7A02         MOV     R2,#0x2
   \   0000B8   FB           MOV     R3,A
   \   0000B9   12....       LCALL   ??Subroutine14_0 & 0xFFFF
    363              osal_stop_timerEx(SerialApp_TaskID, SERIALAPP_RESP_EVT);
   \                     ??CrossCallReturnLabel_22:
   \   0000BC                ; Setup parameters for call to function osal_stop_timerEx
   \   0000BC   7A02         MOV     R2,#0x2
   \   0000BE   7B00         MOV     R3,#0x0
   \                     ??SerialApp_ProcessMSGCmd_9:
   \   0000C0   90....       MOV     DPTR,#SerialApp_TaskID
   \   0000C3   E0           MOVX    A,@DPTR
   \   0000C4   F9           MOV     R1,A
   \   0000C5   12....       LCALL   ??osal_stop_timerEx?relay
    364              break;
   \   0000C8   806A         SJMP    ??CrossCallReturnLabel_10
    365          
    366            // A response to a received serial data block.   // ï¿½Óµï¿½ï¿½ï¿½Ó¦ï¿½ï¿½Ï¢
    367            case SERIALAPP_CLUSTERID2:
    368              if ((pkt->cmd.Data[1] == SerialApp_TxSeq) &&
    369                 ((pkt->cmd.Data[0] == OTA_SUCCESS) || (pkt->cmd.Data[0] == OTA_DUP_MSG)))
   \                     ??SerialApp_ProcessMSGCmd_1:
   \   0000CA   12....       LCALL   ?Subroutine5 & 0xFFFF
   \                     ??CrossCallReturnLabel_7:
   \   0000CD   A3           INC     DPTR
   \   0000CE   E0           MOVX    A,@DPTR
   \   0000CF   FA           MOV     R2,A
   \   0000D0   90....       MOV     DPTR,#SerialApp_TxSeq
   \   0000D3   E0           MOVX    A,@DPTR
   \   0000D4   6A           XRL     A,R2
   \   0000D5   7015         JNZ     ??SerialApp_ProcessMSGCmd_10
   \   0000D7   8882         MOV     DPL,R0
   \   0000D9   8983         MOV     DPH,R1
   \   0000DB   E0           MOVX    A,@DPTR
   \   0000DC   6004         JZ      ??SerialApp_ProcessMSGCmd_11
   \   0000DE   6401         XRL     A,#0x1
   \   0000E0   700A         JNZ     ??SerialApp_ProcessMSGCmd_10
    370              {
    371                SerialApp_TxLen = 0;
   \                     ??SerialApp_ProcessMSGCmd_11:
   \   0000E2   90....       MOV     DPTR,#SerialApp_TxLen
   \   0000E5   E4           CLR     A
   \   0000E6   F0           MOVX    @DPTR,A
    372                osal_stop_timerEx(SerialApp_TaskID, SERIALAPP_SEND_EVT);
   \   0000E7                ; Setup parameters for call to function osal_stop_timerEx
   \   0000E7   7A01         MOV     R2,#0x1
   \   0000E9   FB           MOV     R3,A
   \   0000EA   80D4         SJMP    ??SerialApp_ProcessMSGCmd_9
    373              }
    374              else
    375              {
    376                // Re-start timeout according to delay sent from other device.
    377                delay = BUILD_UINT16( pkt->cmd.Data[2], pkt->cmd.Data[3] );
    378                osal_start_timerEx( SerialApp_TaskID, SERIALAPP_SEND_EVT, delay );
   \                     ??SerialApp_ProcessMSGCmd_10:
   \   0000EC                ; Setup parameters for call to function osal_start_timerEx
   \   0000EC   8882         MOV     DPL,R0
   \   0000EE   8983         MOV     DPH,R1
   \   0000F0   A3           INC     DPTR
   \   0000F1   A3           INC     DPTR
   \   0000F2   E0           MOVX    A,@DPTR
   \   0000F3   FC           MOV     R4,A
   \   0000F4   7D00         MOV     R5,#0x0
   \   0000F6   7A01         MOV     R2,#0x1
   \   0000F8   12....       LCALL   ??Subroutine13_0 & 0xFFFF
    379              }
   \                     ??CrossCallReturnLabel_19:
   \   0000FB   8037         SJMP    ??CrossCallReturnLabel_10
    380              break;
    381          
    382              case SERIALAPP_CONNECTREQ_CLUSTER:
    383                SerialApp_ConnectReqProcess((uint8*)pkt->cmd.Data);
   \                     ??SerialApp_ProcessMSGCmd_2:
   \   0000FD                ; Setup parameters for call to function SerialApp_ConnectReqProcess
   \   0000FD   8E82         MOV     DPL,R6
   \   0000FF   8F83         MOV     DPH,R7
   \   000101   E0           MOVX    A,@DPTR
   \   000102   FA           MOV     R2,A
   \   000103   A3           INC     DPTR
   \   000104   E0           MOVX    A,@DPTR
   \   000105   FB           MOV     R3,A
   \   000106   12....       LCALL   ??SerialApp_ConnectReqProcess?relay
    384                
    385              case SERIALAPP_CONNECTRSP_CLUSTER:
    386                SerialApp_DeviceConnectRsp((uint8*)pkt->cmd.Data);
   \                     ??SerialApp_ProcessMSGCmd_3:
   \   000109   8E82         MOV     DPL,R6
   \   00010B   8F83         MOV     DPH,R7
   \   00010D   E0           MOVX    A,@DPTR
   \   00010E   F8           MOV     R0,A
   \   00010F   A3           INC     DPTR
   \   000110   E0           MOVX    A,@DPTR
   \   000111   F9           MOV     R1,A
   \   000112   90....       MOV     DPTR,#SerialApp_TxAddr + 8
   \   000115   7402         MOV     A,#0x2
   \   000117   F0           MOVX    @DPTR,A
   \   000118   A3           INC     DPTR
   \   000119   740B         MOV     A,#0xb
   \   00011B   F0           MOVX    @DPTR,A
   \   00011C   8882         MOV     DPL,R0
   \   00011E   8983         MOV     DPH,R1
   \   000120   A3           INC     DPTR
   \   000121   E0           MOVX    A,@DPTR
   \   000122   FA           MOV     R2,A
   \   000123   8882         MOV     DPL,R0
   \   000125   8983         MOV     DPH,R1
   \   000127   E0           MOVX    A,@DPTR
   \   000128   F9           MOV     R1,A
   \   000129   EA           MOV     A,R2
   \   00012A   90....       MOV     DPTR,#SerialApp_TxAddr
   \   00012D   F0           MOVX    @DPTR,A
   \   00012E   A3           INC     DPTR
   \   00012F   E9           MOV     A,R1
   \   000130   F0           MOVX    @DPTR,A
   \   000131                ; Setup parameters for call to function HalLedSet
   \   000131   12....       LCALL   ?Subroutine9 & 0xFFFF
    387                
    388              default:
    389                break;
    390            }
    391          }
   \                     ??CrossCallReturnLabel_10:
   \   000134   02....       LJMP    ??Subroutine15_0 & 0xFFFF

   \                                 In  segment BANKED_CODE, align 1, keep-with-next
   \                     ?Subroutine5:
   \   000000   8E82         MOV     DPL,R6
   \   000002   8F83         MOV     DPH,R7
   \   000004   E0           MOVX    A,@DPTR
   \   000005   F8           MOV     R0,A
   \   000006   A3           INC     DPTR
   \   000007   E0           MOVX    A,@DPTR
   \   000008   F9           MOV     R1,A
   \   000009   8882         MOV     DPL,R0
   \   00000B   8983         MOV     DPH,R1
   \   00000D   22           RET

   \                                 In  segment BANKED_CODE, align 1, keep-with-next
   \                     ??Subroutine15_0:
   \   000000   7F06         MOV     R7,#0x6
   \   000002   02....       LJMP    ?BANKED_LEAVE_XDATA
    392          
    393          /*********************************************************************
    394           * @fn      SerialApp_Send
    395           *
    396           * @brief   Send data OTA.
    397           *
    398           * @param   none
    399           *
    400           * @return  none
    401           */

   \                                 In  segment BANKED_CODE, align 1, keep-with-next
   \                     ?Subroutine7:
   \   000000   7B00         MOV     R3,#0x0
   \   000002                REQUIRE ??Subroutine14_0
   \   000002                ; // Fall through to label ??Subroutine14_0

   \                                 In  segment BANKED_CODE, align 1, keep-with-next
    402          static void SerialApp_Send(void)
   \                     SerialApp_Send:
    403          {
   \   000000   74F6         MOV     A,#-0xa
   \   000002   12....       LCALL   ?BANKED_ENTER_XDATA
   \   000005                ; Saved register size: 10
   \   000005                ; Auto size: 0
    404          #if SERIAL_APP_LOOPBACK
    405              if (SerialApp_TxLen < SERIAL_APP_TX_MAX)
    406              {
    407                  SerialApp_TxLen += HalUARTRead(SERIAL_APP_PORT, SerialApp_TxBuf+SerialApp_TxLen+1,
    408                                                                SERIAL_APP_TX_MAX-SerialApp_TxLen);
    409              }
    410            
    411              if (SerialApp_TxLen)
    412              {
    413                (void)SerialApp_TxAddr;
    414                if (HalUARTWrite(SERIAL_APP_PORT, SerialApp_TxBuf+1, SerialApp_TxLen))
    415                {
    416                  SerialApp_TxLen = 0;
    417                }
    418                else
    419                {
    420                  osal_set_event(SerialApp_TaskID, SERIALAPP_SEND_EVT);
    421                }
    422              }
    423          #else
    424              if (!SerialApp_TxLen && 
    425                  (SerialApp_TxLen = HalUARTRead(SERIAL_APP_PORT, SerialApp_TxBuf+1, SERIAL_APP_TX_MAX)))
   \   000005   90....       MOV     DPTR,#SerialApp_TxLen
   \   000008   E0           MOVX    A,@DPTR
   \   000009   7028         JNZ     ??SerialApp_Send_0
   \   00000B                ; Setup parameters for call to function HalUARTRead
   \   00000B   7C50         MOV     R4,#0x50
   \   00000D   7D00         MOV     R5,#0x0
   \   00000F   7A..         MOV     R2,#(SerialApp_TxBuf + 1) & 0xff
   \   000011   7B..         MOV     R3,#((SerialApp_TxBuf + 1) >> 8) & 0xff
   \   000013   7900         MOV     R1,#0x0
   \   000015   12....       LCALL   ??HalUARTRead?relay
   \   000018   EA           MOV     A,R2
   \   000019   90....       MOV     DPTR,#SerialApp_TxLen
   \   00001C   F0           MOVX    @DPTR,A
   \   00001D   605B         JZ      ??CrossCallReturnLabel_21
    426              {
    427                SerialApp_ProcessPMS7003Data(SerialApp_TxBuf+1, SerialApp_TxLen);
   \   00001F                ; Setup parameters for call to function SerialApp_ProcessPMS7003Data
   \   00001F   FC           MOV     R4,A
   \   000020   7D00         MOV     R5,#0x0
   \   000022   7A..         MOV     R2,#(SerialApp_TxBuf + 1) & 0xff
   \   000024   7B..         MOV     R3,#((SerialApp_TxBuf + 1) >> 8) & 0xff
   \   000026   12....       LCALL   ??SerialApp_ProcessPMS7003Data?relay
    428                
    429                SerialApp_TxBuf[0] = ++SerialApp_TxSeq;
   \   000029   90....       MOV     DPTR,#SerialApp_TxSeq
   \   00002C   E0           MOVX    A,@DPTR
   \   00002D   04           INC     A
   \   00002E   F0           MOVX    @DPTR,A
   \   00002F   90....       MOV     DPTR,#SerialApp_TxBuf
   \   000032   F0           MOVX    @DPTR,A
    430              }
    431            
    432              if (SerialApp_TxLen)
   \                     ??SerialApp_Send_0:
   \   000033   90....       MOV     DPTR,#SerialApp_TxLen
   \   000036   E0           MOVX    A,@DPTR
   \   000037   6041         JZ      ??CrossCallReturnLabel_21
    433              {
    434                if (afStatus_SUCCESS != AF_DataRequest(&SerialApp_TxAddr,
    435                                                       (endPointDesc_t *)&SerialApp_epDesc,
    436                                                        SERIALAPP_CLUSTERID1,
    437                                                        SerialApp_TxLen+1, SerialApp_TxBuf,
    438                                                        &SerialApp_MsgID, 0, AF_DEFAULT_RADIUS))
   \   000039                ; Setup parameters for call to function AF_DataRequest
   \   000039   75..1E       MOV     ?V0 + 0,#0x1e
   \   00003C   78..         MOV     R0,#?V0 + 0
   \   00003E   12....       LCALL   ?PUSH_XSTACK_I_ONE
   \   000041   75....       MOV     ?V0 + 0,#SerialApp_MsgID & 0xff
   \   000044   75....       MOV     ?V0 + 1,#(SerialApp_MsgID >> 8) & 0xff
   \   000047   78..         MOV     R0,#?V0 + 0
   \   000049   12....       LCALL   ?PUSH_XSTACK_I_TWO
   \   00004C   75....       MOV     ?V0 + 0,#SerialApp_TxBuf & 0xff
   \   00004F   75....       MOV     ?V0 + 1,#(SerialApp_TxBuf >> 8) & 0xff
   \   000052   78..         MOV     R0,#?V0 + 0
   \   000054   12....       LCALL   ?PUSH_XSTACK_I_TWO
   \   000057   90....       MOV     DPTR,#SerialApp_TxLen
   \   00005A   E0           MOVX    A,@DPTR
   \   00005B   12....       LCALL   ?Subroutine11 & 0xFFFF
   \                     ??CrossCallReturnLabel_12:
   \   00005E   12....       LCALL   ?PUSH_XSTACK_I_TWO
   \   000061   75..01       MOV     ?V0 + 0,#0x1
   \   000064   75..00       MOV     ?V0 + 1,#0x0
   \   000067   78..         MOV     R0,#?V0 + 0
   \   000069   12....       LCALL   ?PUSH_XSTACK_I_TWO
   \   00006C   12....       LCALL   ?Subroutine10 & 0xFFFF
   \                     ??CrossCallReturnLabel_23:
   \   00006F   12....       LCALL   ?DEALLOC_XSTACK8
   \   000072   E9           MOV     A,R1
   \   000073   6005         JZ      ??CrossCallReturnLabel_21
    439                {
    440                  osal_set_event(SerialApp_TaskID, SERIALAPP_SEND_EVT);
   \   000075                ; Setup parameters for call to function osal_set_event
   \   000075   7A01         MOV     R2,#0x1
   \   000077   12....       LCALL   ?Subroutine7 & 0xFFFF
    441                }
    442              }
    443          #endif
    444          }
   \                     ??CrossCallReturnLabel_21:
   \   00007A   7F02         MOV     R7,#0x2
   \   00007C   02....       LJMP    ?BANKED_LEAVE_XDATA

   \                                 In  segment BANKED_CODE, align 1, keep-with-next
   \                     ?Subroutine10:
   \   000000   7900         MOV     R1,#0x0
   \   000002   7C..         MOV     R4,#SerialApp_epDesc & 0xff
   \   000004   7D..         MOV     R5,#(SerialApp_epDesc >> 8) & 0xff
   \   000006   7A..         MOV     R2,#SerialApp_TxAddr & 0xff
   \   000008   7B..         MOV     R3,#(SerialApp_TxAddr >> 8) & 0xff
   \   00000A                REQUIRE ??Subroutine16_0
   \   00000A                ; // Fall through to label ??Subroutine16_0

   \                                 In  segment BANKED_CODE, align 1, keep-with-next
   \                     ??Subroutine16_0:
   \   000000   12....       LCALL   ??AF_DataRequest?relay
   \   000003   7409         MOV     A,#0x9
   \   000005   22           RET

   \                                 In  segment BANKED_CODE, align 1, keep-with-next
   \                     ?Subroutine11:
   \   000000   2401         ADD     A,#0x1
   \   000002   F5..         MOV     ?V0 + 0,A
   \   000004   E4           CLR     A
   \   000005   3400         ADDC    A,#0x0
   \   000007   F5..         MOV     ?V0 + 1,A
   \   000009   78..         MOV     R0,#?V0 + 0
   \   00000B   22           RET
    445          
    446          /*********************************************************************
    447           * @fn      SerialApp_Resp
    448           *
    449           * @brief   Send data OTA.
    450           *
    451           * @param   none
    452           *
    453           * @return  none
    454           */
    455          static void SerialApp_Resp(void)
    456          {
    457            if (afStatus_SUCCESS != AF_DataRequest(&SerialApp_RxAddr,
    458                                                   (endPointDesc_t *)&SerialApp_epDesc,
    459                                                    SERIALAPP_CLUSTERID2,
    460                                                    SERIAL_APP_RSP_CNT, SerialApp_RspBuf,
    461                                                   &SerialApp_MsgID, 0, AF_DEFAULT_RADIUS))
    462            {
    463              osal_set_event(SerialApp_TaskID, SERIALAPP_RESP_EVT);
    464            }
    465          }
    466          
    467          /*********************************************************************
    468           * @fn      SerialApp_CallBack
    469           *
    470           * @brief   Send data OTA.
    471           *
    472           * @param   port - UART port.
    473           * @param   event - the UART port event flag.
    474           *
    475           * @return  none
    476           */

   \                                 In  segment BANKED_CODE, align 1, keep-with-next
    477          static void SerialApp_CallBack(uint8 port, uint8 event)
   \                     SerialApp_CallBack:
    478          {
   \   000000   74F7         MOV     A,#-0x9
   \   000002   12....       LCALL   ?BANKED_ENTER_XDATA
   \   000005                ; Saved register size: 9
   \   000005                ; Auto size: 0
   \   000005   EA           MOV     A,R2
   \   000006   FE           MOV     R6,A
    479            (void)port;
    480          
    481            if ((event & (HAL_UART_RX_FULL | HAL_UART_RX_ABOUT_FULL | HAL_UART_RX_TIMEOUT)) &&
    482          #if SERIAL_APP_LOOPBACK
    483                (SerialApp_TxLen < SERIAL_APP_TX_MAX))
    484          #else
    485                !SerialApp_TxLen)
   \   000007   7407         MOV     A,#0x7
   \   000009   5E           ANL     A,R6
   \   00000A   6009         JZ      ??SerialApp_CallBack_0
   \   00000C   90....       MOV     DPTR,#SerialApp_TxLen
   \   00000F   E0           MOVX    A,@DPTR
   \   000010   7003         JNZ     ??SerialApp_CallBack_0
    486          #endif
    487            {
    488              SerialApp_Send();
   \   000012                ; Setup parameters for call to function SerialApp_Send
   \   000012   12....       LCALL   ??SerialApp_Send?relay
    489            }
    490          }
   \                     ??SerialApp_CallBack_0:
   \   000015   02....       LJMP    ?Subroutine0 & 0xFFFF
    491          
    492          /*********************************************************************
    493          *********************************************************************/

   \                                 In  segment BANKED_CODE, align 1, keep-with-next
    494          void  SerialApp_DeviceConnect()              
   \                     SerialApp_DeviceConnect:
    495          {
   \   000000   74F2         MOV     A,#-0xe
   \   000002   12....       LCALL   ?BANKED_ENTER_XDATA
   \   000005                ; Saved register size: 14
   \   000005                ; Auto size: 30
   \   000005   74E2         MOV     A,#-0x1e
   \   000007   12....       LCALL   ?ALLOC_XSTACK8
    496          #if ZDO_COORDINATOR
    497            
    498          #else
    499            
    500            uint16 nwkAddr;
    501            uint16 parentNwkAddr;
    502            char buff[30] = {0};
   \   00000A   85..82       MOV     DPL,?XSP + 0
   \   00000D   85..83       MOV     DPH,?XSP + 1
   \   000010   AC82         MOV     R4,DPL
   \   000012   AD83         MOV     R5,DPH
   \   000014   7583..       MOV     DPH,#(`?<Constant {0}>` >> 8) & 0xff
   \   000017   7582..       MOV     DPL,#`?<Constant {0}>` & 0xff
   \   00001A   741E         MOV     A,#0x1e
   \   00001C   12....       LCALL   ?MOVE_LONG8_XDATA_XDATA
    503            
    504            HalLedBlink( HAL_LED_2, 3, 50, (1000 / 4) );
   \   00001F                ; Setup parameters for call to function HalLedBlink
   \   00001F   7CFA         MOV     R4,#-0x6
   \   000021   FD           MOV     R5,A
   \   000022   7B32         MOV     R3,#0x32
   \   000024   7A03         MOV     R2,#0x3
   \   000026   7902         MOV     R1,#0x2
   \   000028   12....       LCALL   ??HalLedBlink?relay
    505            
    506            nwkAddr = NLME_GetShortAddr();
   \   00002B                ; Setup parameters for call to function NLME_GetShortAddr
   \   00002B   12....       LCALL   ??NLME_GetShortAddr?relay
   \   00002E   8A..         MOV     ?V0 + 0,R2
   \   000030   8B..         MOV     ?V0 + 1,R3
    507            parentNwkAddr = NLME_GetCoordShortAddr();
   \   000032                ; Setup parameters for call to function NLME_GetCoordShortAddr
   \   000032   12....       LCALL   ??NLME_GetCoordShortAddr?relay
   \   000035   8A..         MOV     ?V0 + 2,R2
   \   000037   8B..         MOV     ?V0 + 3,R3
    508            sprintf(buff, "parent:%d   self:%d\r\n", parentNwkAddr, nwkAddr);
   \   000039                ; Setup parameters for call to function sprintf
   \   000039   78..         MOV     R0,#?V0 + 0
   \   00003B   12....       LCALL   ?PUSH_XSTACK_I_TWO
   \   00003E   78..         MOV     R0,#?V0 + 2
   \   000040   12....       LCALL   ?PUSH_XSTACK_I_TWO
   \   000043   7C..         MOV     R4,#`?<Constant "parent:%d   self:%d\\r\\n">` & 0xff
   \   000045   7D..         MOV     R5,#(`?<Constant "parent:%d   self:%d\\r\\n">` >> 8) & 0xff
   \   000047   7404         MOV     A,#0x4
   \   000049   12....       LCALL   ?XSTACK_DISP0_8
   \   00004C   AA82         MOV     R2,DPL
   \   00004E   AB83         MOV     R3,DPH
   \   000050   12....       LCALL   ??sprintf?relay
   \   000053   7404         MOV     A,#0x4
   \   000055   12....       LCALL   ?DEALLOC_XSTACK8
    509            HalUARTWrite ( 0, (uint8*)buff, strlen(buff));
   \   000058                ; Setup parameters for call to function HalUARTWrite
   \   000058                ; Setup parameters for call to function strlen
   \   000058   12....       LCALL   ?Subroutine8 & 0xFFFF
    510            
    511            SerialApp_TxAddr.addrMode = (afAddrMode_t)Addr16Bit;
   \                     ??CrossCallReturnLabel_8:
   \   00005B   90....       MOV     DPTR,#SerialApp_TxAddr + 8
   \   00005E   7402         MOV     A,#0x2
   \   000060   F0           MOVX    @DPTR,A
    512            SerialApp_TxAddr.endPoint = SERIALAPP_ENDPOINT;
   \   000061   A3           INC     DPTR
   \   000062   740B         MOV     A,#0xb
   \   000064   F0           MOVX    @DPTR,A
    513            SerialApp_TxAddr.addr.shortAddr = parentNwkAddr;
   \   000065   90....       MOV     DPTR,#SerialApp_TxAddr
   \   000068   E5..         MOV     A,?V0 + 2
   \   00006A   F0           MOVX    @DPTR,A
   \   00006B   A3           INC     DPTR
   \   00006C   E5..         MOV     A,?V0 + 3
   \   00006E   12....       LCALL   ?Subroutine3 & 0xFFFF
    514            
    515            buff[0] = HI_UINT16( nwkAddr );
   \                     ??CrossCallReturnLabel_1:
   \   000071   E5..         MOV     A,?V0 + 1
   \   000073   F0           MOVX    @DPTR,A
    516            buff[1] = LO_UINT16( nwkAddr );
   \   000074   7401         MOV     A,#0x1
   \   000076   12....       LCALL   ?XSTACK_DISP0_8
   \   000079   E5..         MOV     A,?V0 + 0
   \   00007B   F0           MOVX    @DPTR,A
    517            
    518            if ( AF_DataRequest( &SerialApp_TxAddr, &SerialApp_epDesc,
    519                                 SERIALAPP_CONNECTREQ_CLUSTER,
    520                                 2,
    521                                 (uint8*)buff,
    522                                 &SerialApp_MsgID, 
    523                                 0, 
    524                                 AF_DEFAULT_RADIUS ) == afStatus_SUCCESS )
   \   00007C                ; Setup parameters for call to function AF_DataRequest
   \   00007C   75..1E       MOV     ?V0 + 0,#0x1e
   \   00007F   78..         MOV     R0,#?V0 + 0
   \   000081   12....       LCALL   ?PUSH_XSTACK_I_ONE
   \   000084   75....       MOV     ?V0 + 0,#SerialApp_MsgID & 0xff
   \   000087   75....       MOV     ?V0 + 1,#(SerialApp_MsgID >> 8) & 0xff
   \   00008A   78..         MOV     R0,#?V0 + 0
   \   00008C   12....       LCALL   ?PUSH_XSTACK_I_TWO
   \   00008F   7403         MOV     A,#0x3
   \   000091   12....       LCALL   ?XSTACK_DISP0_8
   \   000094   8582..       MOV     ?V0 + 0,DPL
   \   000097   8583..       MOV     ?V0 + 1,DPH
   \   00009A   78..         MOV     R0,#?V0 + 0
   \   00009C   12....       LCALL   ?PUSH_XSTACK_I_TWO
   \   00009F   75..02       MOV     ?V0 + 0,#0x2
   \   0000A2   75..00       MOV     ?V0 + 1,#0x0
   \   0000A5   78..         MOV     R0,#?V0 + 0
   \   0000A7   12....       LCALL   ?PUSH_XSTACK_I_TWO
   \   0000AA   75..03       MOV     ?V0 + 0,#0x3
   \   0000AD   78..         MOV     R0,#?V0 + 0
   \   0000AF   12....       LCALL   ?PUSH_XSTACK_I_TWO
   \   0000B2   12....       LCALL   ?Subroutine10 & 0xFFFF
   \                     ??CrossCallReturnLabel_24:
   \   0000B5   12....       LCALL   ?DEALLOC_XSTACK8
    525            {
    526            }
    527            else
    528            {
    529              // Error occurred in request to send.
    530            }
    531            
    532          #endif    //ZDO_COORDINATOR
    533          }
   \   0000B8   741E         MOV     A,#0x1e
   \   0000BA                REQUIRE ?Subroutine2
   \   0000BA                ; // Fall through to label ?Subroutine2

   \                                 In  segment BANKED_CODE, align 1, keep-with-next
   \                     ?Subroutine2:
   \   000000   12....       LCALL   ?DEALLOC_XSTACK8
   \   000003                REQUIRE ??Subroutine15_0
   \   000003                ; // Fall through to label ??Subroutine15_0

   \                                 In  segment BANKED_CODE, align 1, keep-with-next
   \                     ?Subroutine8:
   \   000000   85..82       MOV     DPL,?XSP + 0
   \   000003   85..83       MOV     DPH,?XSP + 1
   \   000006   12....       LCALL   ?Subroutine12 & 0xFFFF
   \                     ??CrossCallReturnLabel_14:
   \   000009   85..82       MOV     DPL,?XSP + 0
   \   00000C   85..83       MOV     DPH,?XSP + 1
   \   00000F   AA82         MOV     R2,DPL
   \   000011   AB83         MOV     R3,DPH
   \   000013   7900         MOV     R1,#0x0
   \   000015   12....       LCALL   ??HalUARTWrite?relay
   \   000018   22           RET

   \                                 In  segment BANKED_CODE, align 1, keep-with-next
   \                     ?Subroutine12:
   \   000000   AA82         MOV     R2,DPL
   \   000002   AB83         MOV     R3,DPH
   \   000004   12....       LCALL   ??strlen?relay
   \   000007   EA           MOV     A,R2
   \   000008   FC           MOV     R4,A
   \   000009   EB           MOV     A,R3
   \   00000A   FD           MOV     R5,A
   \   00000B   22           RET
    534          
    535          void SerialApp_DeviceConnectRsp(uint8 *buf)
    536          {
    537          #if ZDO_COORDINATOR
    538            
    539          #else
    540            SerialApp_TxAddr.addrMode = (afAddrMode_t)Addr16Bit;
    541            SerialApp_TxAddr.endPoint = SERIALAPP_ENDPOINT;
    542            SerialApp_TxAddr.addr.shortAddr = BUILD_UINT16(buf[1], buf[0]);
    543            
    544            HalLedSet(HAL_LED_2, HAL_LED_MODE_ON);
    545            HalUARTWrite ( 0, "< connect success>\n", 23);
    546          #endif
    547          }
    548          

   \                                 In  segment BANKED_CODE, align 1, keep-with-next
    549          void SerialApp_ConnectReqProcess(uint8 *buf)
   \                     SerialApp_ConnectReqProcess:
    550          {
   \   000000   74F4         MOV     A,#-0xc
   \   000002   12....       LCALL   ?BANKED_ENTER_XDATA
   \   000005                ; Saved register size: 12
   \   000005                ; Auto size: 30
   \   000005   74E2         MOV     A,#-0x1e
   \   000007   12....       LCALL   ?ALLOC_XSTACK8
    551            uint16 nwkAddr;
    552            char buff[30] = {0};
   \   00000A   85..82       MOV     DPL,?XSP + 0
   \   00000D   85..83       MOV     DPH,?XSP + 1
   \   000010   AC82         MOV     R4,DPL
   \   000012   AD83         MOV     R5,DPH
   \   000014   7583..       MOV     DPH,#(`?<Constant {0}>_1` >> 8) & 0xff
   \   000017   7582..       MOV     DPL,#`?<Constant {0}>_1` & 0xff
   \   00001A   741E         MOV     A,#0x1e
   \   00001C   12....       LCALL   ?MOVE_LONG8_XDATA_XDATA
    553            
    554            SerialApp_TxAddr.addrMode = (afAddrMode_t)Addr16Bit;
   \   00001F   90....       MOV     DPTR,#SerialApp_TxAddr + 8
   \   000022   7402         MOV     A,#0x2
   \   000024   F0           MOVX    @DPTR,A
    555            SerialApp_TxAddr.endPoint = SERIALAPP_ENDPOINT;
   \   000025   A3           INC     DPTR
   \   000026   740B         MOV     A,#0xb
   \   000028   F0           MOVX    @DPTR,A
    556            SerialApp_TxAddr.addr.shortAddr = BUILD_UINT16(buf[1], buf[0]);
   \   000029   8A82         MOV     DPL,R2
   \   00002B   8B83         MOV     DPH,R3
   \   00002D   A3           INC     DPTR
   \   00002E   E0           MOVX    A,@DPTR
   \   00002F   FC           MOV     R4,A
   \   000030   8A82         MOV     DPL,R2
   \   000032   8B83         MOV     DPH,R3
   \   000034   E0           MOVX    A,@DPTR
   \   000035   F9           MOV     R1,A
   \   000036   EC           MOV     A,R4
   \   000037   90....       MOV     DPTR,#SerialApp_TxAddr
   \   00003A   F0           MOVX    @DPTR,A
   \   00003B   A3           INC     DPTR
   \   00003C   E9           MOV     A,R1
   \   00003D   F0           MOVX    @DPTR,A
    557            nwkAddr = NLME_GetShortAddr();
   \   00003E                ; Setup parameters for call to function NLME_GetShortAddr
   \   00003E   12....       LCALL   ??NLME_GetShortAddr?relay
   \   000041   8A..         MOV     ?V0 + 0,R2
   \   000043   8B..         MOV     ?V0 + 1,R3
    558            
    559            sprintf(buff, "self:%d   child:%d\r\n", nwkAddr, SerialApp_TxAddr.addr.shortAddr);
   \   000045                ; Setup parameters for call to function sprintf
   \   000045   90....       MOV     DPTR,#SerialApp_TxAddr
   \   000048   12....       LCALL   ?PUSH_XSTACK8_X_TWO
   \   00004B   78..         MOV     R0,#?V0 + 0
   \   00004D   12....       LCALL   ?PUSH_XSTACK_I_TWO
   \   000050   7C..         MOV     R4,#`?<Constant "self:%d   child:%d\\r\\n">` & 0xff
   \   000052   7D..         MOV     R5,#(`?<Constant "self:%d   child:%d\\r\\n">` >> 8) & 0xff
   \   000054   7404         MOV     A,#0x4
   \   000056   12....       LCALL   ?XSTACK_DISP0_8
   \   000059   AA82         MOV     R2,DPL
   \   00005B   AB83         MOV     R3,DPH
   \   00005D   12....       LCALL   ??sprintf?relay
   \   000060   7404         MOV     A,#0x4
   \   000062   12....       LCALL   ?DEALLOC_XSTACK8
    560            HalUARTWrite ( 0, (uint8*)buff, strlen(buff));
   \   000065                ; Setup parameters for call to function HalUARTWrite
   \   000065                ; Setup parameters for call to function strlen
   \   000065   12....       LCALL   ?Subroutine8 & 0xFFFF
    561            
    562            buff[0] = HI_UINT16( nwkAddr );
   \                     ??CrossCallReturnLabel_9:
   \   000068   85..82       MOV     DPL,?XSP + 0
   \   00006B   85..83       MOV     DPH,?XSP + 1
   \   00006E   E5..         MOV     A,?V0 + 1
   \   000070   F0           MOVX    @DPTR,A
    563            buff[1] = LO_UINT16( nwkAddr );
   \   000071   7401         MOV     A,#0x1
   \   000073   12....       LCALL   ?XSTACK_DISP0_8
   \   000076   E5..         MOV     A,?V0 + 0
   \   000078   F0           MOVX    @DPTR,A
    564            
    565            if ( AF_DataRequest( &SerialApp_TxAddr, &SerialApp_epDesc,
    566                                 SERIALAPP_CONNECTRSP_CLUSTER,
    567                                 2,
    568                                 (uint8*)buff,
    569                                 &SerialApp_MsgID, 
    570                                 0, 
    571                                 AF_DEFAULT_RADIUS ) == afStatus_SUCCESS )
   \   000079                ; Setup parameters for call to function AF_DataRequest
   \   000079   75..1E       MOV     ?V0 + 0,#0x1e
   \   00007C   78..         MOV     R0,#?V0 + 0
   \   00007E   12....       LCALL   ?PUSH_XSTACK_I_ONE
   \   000081   75....       MOV     ?V0 + 0,#SerialApp_MsgID & 0xff
   \   000084   75....       MOV     ?V0 + 1,#(SerialApp_MsgID >> 8) & 0xff
   \   000087   78..         MOV     R0,#?V0 + 0
   \   000089   12....       LCALL   ?PUSH_XSTACK_I_TWO
   \   00008C   7403         MOV     A,#0x3
   \   00008E   12....       LCALL   ?XSTACK_DISP0_8
   \   000091   8582..       MOV     ?V0 + 0,DPL
   \   000094   8583..       MOV     ?V0 + 1,DPH
   \   000097   78..         MOV     R0,#?V0 + 0
   \   000099   12....       LCALL   ?PUSH_XSTACK_I_TWO
   \   00009C   75..02       MOV     ?V0 + 0,#0x2
   \   00009F   75..00       MOV     ?V0 + 1,#0x0
   \   0000A2   78..         MOV     R0,#?V0 + 0
   \   0000A4   12....       LCALL   ?PUSH_XSTACK_I_TWO
   \   0000A7   75..04       MOV     ?V0 + 0,#0x4
   \   0000AA   78..         MOV     R0,#?V0 + 0
   \   0000AC   12....       LCALL   ?PUSH_XSTACK_I_TWO
   \   0000AF   12....       LCALL   ?Subroutine10 & 0xFFFF
   \                     ??CrossCallReturnLabel_25:
   \   0000B2   12....       LCALL   ?DEALLOC_XSTACK8
    572            {
    573            }
    574            else
    575            {
    576              // Error occurred in request to send.
    577            }
    578            
    579            HalLedSet(HAL_LED_2, HAL_LED_MODE_ON);
   \   0000B5                ; Setup parameters for call to function HalLedSet
   \   0000B5   12....       LCALL   ?Subroutine9 & 0xFFFF
    580            HalUARTWrite ( 0, "< connect success>\n", 23);
    581          }
   \                     ??CrossCallReturnLabel_11:
   \   0000B8   741E         MOV     A,#0x1e
   \   0000BA   12....       LCALL   ?DEALLOC_XSTACK8
   \   0000BD   02....       LJMP    ?Subroutine1 & 0xFFFF

   \                                 In  segment BANKED_CODE, align 1, keep-with-next
   \                     ?Subroutine9:
   \   000000   7A01         MOV     R2,#0x1
   \   000002   7902         MOV     R1,#0x2
   \   000004   12....       LCALL   ??HalLedSet?relay
   \   000007                ; Setup parameters for call to function HalUARTWrite
   \   000007                ; Setup parameters for call to function HalUARTWrite
   \   000007   7C17         MOV     R4,#0x17
   \   000009   7D00         MOV     R5,#0x0
   \   00000B   7A..         MOV     R2,#`?<Constant "< connect success>\\n">` & 0xff
   \   00000D   7B..         MOV     R3,#(`?<Constant "< connect success>\\n">` >> 8) & 0xff
   \   00000F   7900         MOV     R1,#0x0
   \   000011   12....       LCALL   ??HalUARTWrite?relay
   \   000014   22           RET
    582          

   \                                 In  segment BANKED_CODE, align 1, keep-with-next
    583          static void SerialApp_ProcessPMS7003Data(uint8 *data, uint16 len)
   \                     SerialApp_ProcessPMS7003Data:
    584          {
   \   000000   74F2         MOV     A,#-0xe
   \   000002   12....       LCALL   ?BANKED_ENTER_XDATA
   \   000005                ; Saved register size: 14
   \   000005                ; Auto size: 102
   \   000005   749A         MOV     A,#-0x66
   \   000007   12....       LCALL   ?ALLOC_XSTACK8
   \   00000A   7402         MOV     A,#0x2
   \   00000C   12....       LCALL   ?XSTACK_DISP0_8
   \   00000F   EA           MOV     A,R2
   \   000010   F0           MOVX    @DPTR,A
   \   000011   A3           INC     DPTR
   \   000012   EB           MOV     A,R3
   \   000013   12....       LCALL   ?Subroutine3 & 0xFFFF
   \                     ??CrossCallReturnLabel_2:
   \   000016   EC           MOV     A,R4
   \   000017   F0           MOVX    @DPTR,A
   \   000018   A3           INC     DPTR
   \   000019   ED           MOV     A,R5
   \   00001A   F0           MOVX    @DPTR,A
    585            uint16 i;
    586            
    587            for (i = 0; i < len; i++)
   \   00001B   7E00         MOV     R6,#0x0
   \   00001D   7F00         MOV     R7,#0x0
   \   00001F   8026         SJMP    ??SerialApp_ProcessPMS7003Data_0
    588            {
    589              if (pms7003State == 0)
    590              {
    591                if (data[i] == PMS7003_HEADER)
   \                     ??SerialApp_ProcessPMS7003Data_1:
   \   000021   8882         MOV     DPL,R0
   \   000023   8983         MOV     DPH,R1
   \   000025   E0           MOVX    A,@DPTR
   \   000026   6442         XRL     A,#0x42
   \   000028   7015         JNZ     ??SerialApp_ProcessPMS7003Data_2
    592                {
    593                  pms7003State = 1;
   \   00002A   90....       MOV     DPTR,#pms7003State
   \   00002D   7401         MOV     A,#0x1
   \   00002F   F0           MOVX    @DPTR,A
    594                  pms7003Buffer[0] = data[i];
   \   000030   8882         MOV     DPL,R0
   \   000032   8983         MOV     DPH,R1
   \   000034   E0           MOVX    A,@DPTR
   \   000035   90....       MOV     DPTR,#pms7003Buffer
   \   000038   F0           MOVX    @DPTR,A
    595                  pms7003Index = 1;
   \   000039   90....       MOV     DPTR,#pms7003Index
   \   00003C   7401         MOV     A,#0x1
   \                     ??SerialApp_ProcessPMS7003Data_3:
   \   00003E   F0           MOVX    @DPTR,A
    596                }
    597              }
   \                     ??SerialApp_ProcessPMS7003Data_2:
   \   00003F   EE           MOV     A,R6
   \   000040   2401         ADD     A,#0x1
   \   000042   0E           INC     R6
   \   000043   EF           MOV     A,R7
   \   000044   3400         ADDC    A,#0x0
   \   000046   FF           MOV     R7,A
   \                     ??SerialApp_ProcessPMS7003Data_0:
   \   000047   85..82       MOV     DPL,?XSP + 0
   \   00004A   85..83       MOV     DPH,?XSP + 1
   \   00004D   E0           MOVX    A,@DPTR
   \   00004E   F8           MOV     R0,A
   \   00004F   A3           INC     DPTR
   \   000050   E0           MOVX    A,@DPTR
   \   000051   F9           MOV     R1,A
   \   000052   C3           CLR     C
   \   000053   EE           MOV     A,R6
   \   000054   98           SUBB    A,R0
   \   000055   EF           MOV     A,R7
   \   000056   99           SUBB    A,R1
   \   000057   4003         JC      $+5
   \   000059   02....       LJMP    ??SerialApp_ProcessPMS7003Data_4 & 0xFFFF
   \   00005C   7402         MOV     A,#0x2
   \   00005E   12....       LCALL   ?XSTACK_DISP0_8
   \   000061   E0           MOVX    A,@DPTR
   \   000062   2E           ADD     A,R6
   \   000063   F8           MOV     R0,A
   \   000064   A3           INC     DPTR
   \   000065   E0           MOVX    A,@DPTR
   \   000066   3F           ADDC    A,R7
   \   000067   F9           MOV     R1,A
   \   000068   90....       MOV     DPTR,#pms7003State
   \   00006B   E0           MOVX    A,@DPTR
   \   00006C   60B3         JZ      ??SerialApp_ProcessPMS7003Data_1
    598              else if (pms7003State == 1)
   \   00006E   90....       MOV     DPTR,#pms7003Index
   \   000071   E0           MOVX    A,@DPTR
   \   000072   FA           MOV     R2,A
   \   000073   74..         MOV     A,#pms7003Buffer & 0xff
   \   000075   2A           ADD     A,R2
   \   000076   FA           MOV     R2,A
   \   000077   74..         MOV     A,#(pms7003Buffer >> 8) & 0xff
   \   000079   3400         ADDC    A,#0x0
   \   00007B   FB           MOV     R3,A
   \   00007C   90....       MOV     DPTR,#pms7003State
   \   00007F   E0           MOVX    A,@DPTR
   \   000080   6401         XRL     A,#0x1
   \   000082   7017         JNZ     ??SerialApp_ProcessPMS7003Data_5
    599              {
    600                if (data[i] == PMS7003_HEADER_SECOND)
   \   000084   8882         MOV     DPL,R0
   \   000086   8983         MOV     DPH,R1
   \   000088   E0           MOVX    A,@DPTR
   \   000089   644D         XRL     A,#0x4d
   \   00008B   6003         JZ      $+5
   \   00008D   02....       LJMP    ??SerialApp_ProcessPMS7003Data_6 & 0xFFFF
    601                {
    602                  pms7003State = 2;
   \   000090   90....       MOV     DPTR,#pms7003State
   \   000093   7402         MOV     A,#0x2
   \   000095   F0           MOVX    @DPTR,A
    603                  pms7003Buffer[pms7003Index++] = data[i];
   \   000096   12....       LCALL   ?Subroutine4 & 0xFFFF
    604                }
   \                     ??CrossCallReturnLabel_4:
   \   000099   80A3         SJMP    ??SerialApp_ProcessPMS7003Data_3
    605                else
    606                {
    607                  pms7003State = 0;
    608                  pms7003Index = 0;
    609                }
    610              }
    611              else if (pms7003State == 2)
   \                     ??SerialApp_ProcessPMS7003Data_5:
   \   00009B   E0           MOVX    A,@DPTR
   \   00009C   6402         XRL     A,#0x2
   \   00009E   709F         JNZ     ??SerialApp_ProcessPMS7003Data_2
    612              {
    613                pms7003Buffer[pms7003Index++] = data[i];
   \   0000A0   12....       LCALL   ?Subroutine4 & 0xFFFF
   \                     ??CrossCallReturnLabel_5:
   \   0000A3   F0           MOVX    @DPTR,A
    614                
    615                if (pms7003Index >= 4)
   \   0000A4   C3           CLR     C
   \   0000A5   9404         SUBB    A,#0x4
   \   0000A7   4096         JC      ??SerialApp_ProcessPMS7003Data_2
    616                {
    617                  uint16 frameLen = BUILD_UINT16(pms7003Buffer[3], pms7003Buffer[2]);
   \   0000A9   90....       MOV     DPTR,#pms7003Buffer + 3
   \   0000AC   E0           MOVX    A,@DPTR
   \   0000AD   FA           MOV     R2,A
   \   0000AE   90....       MOV     DPTR,#pms7003Buffer + 2
   \   0000B1   E0           MOVX    A,@DPTR
   \   0000B2   F9           MOV     R1,A
   \   0000B3   EA           MOV     A,R2
   \   0000B4   F8           MOV     R0,A
    618                  
    619                  if (pms7003Index >= (frameLen + 4))
   \   0000B5   90....       MOV     DPTR,#pms7003Index
   \   0000B8   E0           MOVX    A,@DPTR
   \   0000B9   FC           MOV     R4,A
   \   0000BA   E8           MOV     A,R0
   \   0000BB   2404         ADD     A,#0x4
   \   0000BD   FA           MOV     R2,A
   \   0000BE   E9           MOV     A,R1
   \   0000BF   3400         ADDC    A,#0x0
   \   0000C1   FB           MOV     R3,A
   \   0000C2   C3           CLR     C
   \   0000C3   EC           MOV     A,R4
   \   0000C4   9A           SUBB    A,R2
   \   0000C5   E4           CLR     A
   \   0000C6   9B           SUBB    A,R3
   \   0000C7   5003         JNC     $+5
   \   0000C9   02....       LJMP    ??SerialApp_ProcessPMS7003Data_2 & 0xFFFF
    620                  {
    621                    uint16 calcChecksum = 0;
   \   0000CC   7C00         MOV     R4,#0x0
   \   0000CE   7D00         MOV     R5,#0x0
    622                    uint16 recvChecksum = BUILD_UINT16(pms7003Buffer[frameLen+3], pms7003Buffer[frameLen+2]);
   \   0000D0   74..         MOV     A,#pms7003Buffer & 0xff
   \   0000D2   28           ADD     A,R0
   \   0000D3   FA           MOV     R2,A
   \   0000D4   74..         MOV     A,#(pms7003Buffer >> 8) & 0xff
   \   0000D6   39           ADDC    A,R1
   \   0000D7   FB           MOV     R3,A
   \   0000D8   8A82         MOV     DPL,R2
   \   0000DA   8B83         MOV     DPH,R3
   \   0000DC   A3           INC     DPTR
   \   0000DD   A3           INC     DPTR
   \   0000DE   A3           INC     DPTR
   \   0000DF   E0           MOVX    A,@DPTR
   \   0000E0   FE           MOV     R6,A
   \   0000E1   8A82         MOV     DPL,R2
   \   0000E3   8B83         MOV     DPH,R3
   \   0000E5   A3           INC     DPTR
   \   0000E6   A3           INC     DPTR
   \   0000E7   E0           MOVX    A,@DPTR
   \   0000E8   FB           MOV     R3,A
   \   0000E9   EE           MOV     A,R6
   \   0000EA   FA           MOV     R2,A
    623                    
    624                    for (i = 0; i < (frameLen + 2); i++)
   \   0000EB   7E00         MOV     R6,#0x0
   \   0000ED   7F00         MOV     R7,#0x0
   \   0000EF   801D         SJMP    ??SerialApp_ProcessPMS7003Data_7
    625                    {
    626                      calcChecksum += pms7003Buffer[i];
   \                     ??SerialApp_ProcessPMS7003Data_8:
   \   0000F1   74..         MOV     A,#pms7003Buffer & 0xff
   \   0000F3   2E           ADD     A,R6
   \   0000F4   F582         MOV     DPL,A
   \   0000F6   74..         MOV     A,#(pms7003Buffer >> 8) & 0xff
   \   0000F8   3F           ADDC    A,R7
   \   0000F9   F583         MOV     DPH,A
   \   0000FB   E0           MOVX    A,@DPTR
   \   0000FC   F5..         MOV     ?V0 + 0,A
   \   0000FE   EC           MOV     A,R4
   \   0000FF   25..         ADD     A,?V0 + 0
   \   000101   FC           MOV     R4,A
   \   000102   ED           MOV     A,R5
   \   000103   3400         ADDC    A,#0x0
   \   000105   FD           MOV     R5,A
    627                    }
   \   000106   EE           MOV     A,R6
   \   000107   2401         ADD     A,#0x1
   \   000109   0E           INC     R6
   \   00010A   EF           MOV     A,R7
   \   00010B   3400         ADDC    A,#0x0
   \   00010D   FF           MOV     R7,A
   \                     ??SerialApp_ProcessPMS7003Data_7:
   \   00010E   E8           MOV     A,R0
   \   00010F   2402         ADD     A,#0x2
   \   000111   F5..         MOV     ?V0 + 0,A
   \   000113   E9           MOV     A,R1
   \   000114   3400         ADDC    A,#0x0
   \   000116   F5..         MOV     ?V0 + 1,A
   \   000118   C3           CLR     C
   \   000119   EE           MOV     A,R6
   \   00011A   95..         SUBB    A,?V0 + 0
   \   00011C   EF           MOV     A,R7
   \   00011D   95..         SUBB    A,?V0 + 1
   \   00011F   40D0         JC      ??SerialApp_ProcessPMS7003Data_8
    628                    
    629                    if (calcChecksum == recvChecksum)
   \   000121   EA           MOV     A,R2
   \   000122   6C           XRL     A,R4
   \   000123   7002         JNZ     ??SerialApp_ProcessPMS7003Data_9
   \   000125   EB           MOV     A,R3
   \   000126   6D           XRL     A,R5
   \                     ??SerialApp_ProcessPMS7003Data_9:
   \   000127   6003         JZ      $+5
   \   000129   02....       LJMP    ??SerialApp_ProcessPMS7003Data_6 & 0xFFFF
    630                    {
    631                      uint16 pm1_0 = BUILD_UINT16(pms7003Buffer[5], pms7003Buffer[4]);
   \   00012C   90....       MOV     DPTR,#pms7003Buffer + 5
   \   00012F   E0           MOVX    A,@DPTR
   \   000130   FA           MOV     R2,A
   \   000131   90....       MOV     DPTR,#pms7003Buffer + 4
   \   000134   E0           MOVX    A,@DPTR
   \   000135   F9           MOV     R1,A
   \   000136   EA           MOV     A,R2
   \   000137   2400         ADD     A,#0x0
   \   000139   F5..         MOV     ?V0 + 4,A
   \   00013B   E4           CLR     A
   \   00013C   39           ADDC    A,R1
   \   00013D   F5..         MOV     ?V0 + 5,A
    632                      uint16 pm2_5 = BUILD_UINT16(pms7003Buffer[7], pms7003Buffer[6]);
   \   00013F   90....       MOV     DPTR,#pms7003Buffer + 7
   \   000142   E0           MOVX    A,@DPTR
   \   000143   FA           MOV     R2,A
   \   000144   90....       MOV     DPTR,#pms7003Buffer + 6
   \   000147   E0           MOVX    A,@DPTR
   \   000148   F9           MOV     R1,A
   \   000149   EA           MOV     A,R2
   \   00014A   F5..         MOV     ?V0 + 0,A
   \   00014C   E4           CLR     A
   \   00014D   39           ADDC    A,R1
   \   00014E   F5..         MOV     ?V0 + 1,A
    633                      uint16 pm10_0 = BUILD_UINT16(pms7003Buffer[9], pms7003Buffer[8]);
   \   000150   90....       MOV     DPTR,#pms7003Buffer + 9
   \   000153   E0           MOVX    A,@DPTR
   \   000154   FA           MOV     R2,A
   \   000155   90....       MOV     DPTR,#pms7003Buffer + 8
   \   000158   E0           MOVX    A,@DPTR
   \   000159   F9           MOV     R1,A
   \   00015A   EA           MOV     A,R2
   \   00015B   F5..         MOV     ?V0 + 2,A
   \   00015D   E4           CLR     A
   \   00015E   39           ADDC    A,R1
   \   00015F   F5..         MOV     ?V0 + 3,A
    634                      
    635                      char buffer[64];
    636                      sprintf(buffer, "PM1.0:%d PM2.5:%d PM10:%d\r\n", pm1_0, pm2_5, pm10_0);
   \   000161                ; Setup parameters for call to function sprintf
   \   000161   78..         MOV     R0,#?V0 + 2
   \   000163   12....       LCALL   ?PUSH_XSTACK_I_TWO
   \   000166   78..         MOV     R0,#?V0 + 0
   \   000168   12....       LCALL   ?PUSH_XSTACK_I_TWO
   \   00016B   78..         MOV     R0,#?V0 + 4
   \   00016D   12....       LCALL   ?PUSH_XSTACK_I_TWO
   \   000170   7C..         MOV     R4,#`?<Constant "PM1.0:%d PM2.5:%d PM1...">` & 0xff
   \   000172   7D..         MOV     R5,#(`?<Constant "PM1.0:%d PM2.5:%d PM1...">` >> 8) & 0xff
   \   000174   742C         MOV     A,#0x2c
   \   000176   12....       LCALL   ?XSTACK_DISP0_8
   \   000179   AA82         MOV     R2,DPL
   \   00017B   AB83         MOV     R3,DPH
   \   00017D   12....       LCALL   ??sprintf?relay
   \   000180   7406         MOV     A,#0x6
   \   000182   12....       LCALL   ?DEALLOC_XSTACK8
    637                      HalUARTWrite(0, (uint8*)buffer, strlen(buffer));
   \   000185                ; Setup parameters for call to function HalUARTWrite
   \   000185                ; Setup parameters for call to function strlen
   \   000185   7426         MOV     A,#0x26
   \   000187   12....       LCALL   ?XSTACK_DISP0_8
   \   00018A   12....       LCALL   ?Subroutine12 & 0xFFFF
   \                     ??CrossCallReturnLabel_15:
   \   00018D   7426         MOV     A,#0x26
   \   00018F   12....       LCALL   ?XSTACK_DISP0_8
   \   000192   AA82         MOV     R2,DPL
   \   000194   AB83         MOV     R3,DPH
   \   000196   7900         MOV     R1,#0x0
   \   000198   12....       LCALL   ??HalUARTWrite?relay
    638                      
    639          #if defined ( LCD_SUPPORTED )
    640                      char lcdBuffer1[17];
    641                      char lcdBuffer2[17];
    642                      sprintf(lcdBuffer1, "PM2.5:%d", pm2_5);
   \   00019B                ; Setup parameters for call to function sprintf
   \   00019B   78..         MOV     R0,#?V0 + 0
   \   00019D   12....       LCALL   ?PUSH_XSTACK_I_TWO
   \   0001A0   7C..         MOV     R4,#`?<Constant "PM2.5:%d">` & 0xff
   \   0001A2   7D..         MOV     R5,#(`?<Constant "PM2.5:%d">` >> 8) & 0xff
   \   0001A4   7417         MOV     A,#0x17
   \   0001A6   12....       LCALL   ?XSTACK_DISP0_8
   \   0001A9   AA82         MOV     R2,DPL
   \   0001AB   AB83         MOV     R3,DPH
   \   0001AD   12....       LCALL   ??sprintf?relay
   \   0001B0   7402         MOV     A,#0x2
   \   0001B2   12....       LCALL   ?DEALLOC_XSTACK8
    643                      sprintf(lcdBuffer2, "PM10:%d", pm10_0);
   \   0001B5                ; Setup parameters for call to function sprintf
   \   0001B5   78..         MOV     R0,#?V0 + 2
   \   0001B7   12....       LCALL   ?PUSH_XSTACK_I_TWO
   \   0001BA   7C..         MOV     R4,#`?<Constant "PM10:%d">` & 0xff
   \   0001BC   7D..         MOV     R5,#(`?<Constant "PM10:%d">` >> 8) & 0xff
   \   0001BE   7406         MOV     A,#0x6
   \   0001C0   12....       LCALL   ?XSTACK_DISP0_8
   \   0001C3   AA82         MOV     R2,DPL
   \   0001C5   AB83         MOV     R3,DPH
   \   0001C7   12....       LCALL   ??sprintf?relay
   \   0001CA   7402         MOV     A,#0x2
   \   0001CC   12....       LCALL   ?DEALLOC_XSTACK8
    644                      HalLcdWriteScreen(lcdBuffer1, lcdBuffer2);
   \   0001CF                ; Setup parameters for call to function HalLcdWriteScreen
   \   0001CF   7404         MOV     A,#0x4
   \   0001D1   12....       LCALL   ?XSTACK_DISP0_8
   \   0001D4   AC82         MOV     R4,DPL
   \   0001D6   AD83         MOV     R5,DPH
   \   0001D8   7415         MOV     A,#0x15
   \   0001DA   12....       LCALL   ?XSTACK_DISP0_8
   \   0001DD   AA82         MOV     R2,DPL
   \   0001DF   AB83         MOV     R3,DPH
   \   0001E1   12....       LCALL   ??HalLcdWriteScreen?relay
    645          #endif
    646                      
    647                      sensorDataBuffer[0] = SENSOR_TYPE_PMS7003;
   \   0001E4   90....       MOV     DPTR,#sensorDataBuffer
   \   0001E7   7401         MOV     A,#0x1
   \   0001E9   F0           MOVX    @DPTR,A
    648                      sensorDataBuffer[1] = LO_UINT16(pm1_0);
   \   0001EA   E5..         MOV     A,?V0 + 4
   \   0001EC   A3           INC     DPTR
   \   0001ED   F0           MOVX    @DPTR,A
    649                      sensorDataBuffer[2] = HI_UINT16(pm1_0);
   \   0001EE   E5..         MOV     A,?V0 + 5
   \   0001F0   A3           INC     DPTR
   \   0001F1   F0           MOVX    @DPTR,A
    650                      sensorDataBuffer[3] = LO_UINT16(pm2_5);
   \   0001F2   E5..         MOV     A,?V0 + 0
   \   0001F4   A3           INC     DPTR
   \   0001F5   F0           MOVX    @DPTR,A
    651                      sensorDataBuffer[4] = HI_UINT16(pm2_5);
   \   0001F6   E5..         MOV     A,?V0 + 1
   \   0001F8   A3           INC     DPTR
   \   0001F9   F0           MOVX    @DPTR,A
    652                      sensorDataBuffer[5] = LO_UINT16(pm10_0);
   \   0001FA   E5..         MOV     A,?V0 + 2
   \   0001FC   A3           INC     DPTR
   \   0001FD   F0           MOVX    @DPTR,A
    653                      sensorDataBuffer[6] = HI_UINT16(pm10_0);
   \   0001FE   E5..         MOV     A,?V0 + 3
   \   000200   A3           INC     DPTR
   \   000201   F0           MOVX    @DPTR,A
    654                      
    655                      SerialApp_SendSensorData(SENSOR_TYPE_PMS7003, sensorDataBuffer, 7);
   \   000202                ; Setup parameters for call to function SerialApp_SendSensorData
   \   000202   7C07         MOV     R4,#0x7
   \   000204   7A..         MOV     R2,#sensorDataBuffer & 0xff
   \   000206   7B..         MOV     R3,#(sensorDataBuffer >> 8) & 0xff
   \   000208   7901         MOV     R1,#0x1
   \   00020A   12....       LCALL   ??SerialApp_SendSensorData?relay
    656                    }
    657                    
    658                    pms7003State = 0;
    659                    pms7003Index = 0;
    660                  }
    661                }
    662              }
   \                     ??SerialApp_ProcessPMS7003Data_6:
   \   00020D   90....       MOV     DPTR,#pms7003State
   \   000210   E4           CLR     A
   \   000211   F0           MOVX    @DPTR,A
   \   000212   90....       MOV     DPTR,#pms7003Index
   \   000215   02....       LJMP    ??SerialApp_ProcessPMS7003Data_3 & 0xFFFF
    663            }
    664          }
   \                     ??SerialApp_ProcessPMS7003Data_4:
   \   000218   7466         MOV     A,#0x66
   \   00021A   02....       LJMP    ?Subroutine2 & 0xFFFF

   \                                 In  segment BANKED_CODE, align 1, keep-with-next
   \                     ?Subroutine4:
   \   000000   8882         MOV     DPL,R0
   \   000002   8983         MOV     DPH,R1
   \   000004   E0           MOVX    A,@DPTR
   \   000005   8A82         MOV     DPL,R2
   \   000007   8B83         MOV     DPH,R3
   \   000009   F0           MOVX    @DPTR,A
   \   00000A   90....       MOV     DPTR,#pms7003Index
   \   00000D   E0           MOVX    A,@DPTR
   \   00000E   04           INC     A
   \   00000F   22           RET
    665          

   \                                 In  segment BANKED_CODE, align 1, keep-with-next
    666          static void SerialApp_ReadADCSensor(void)
   \                     SerialApp_ReadADCSensor:
    667          {
   \   000000   74F0         MOV     A,#-0x10
   \   000002   12....       LCALL   ?BANKED_ENTER_XDATA
   \   000005                ; Saved register size: 16
   \   000005                ; Auto size: 98
   \   000005   749E         MOV     A,#-0x62
   \   000007   12....       LCALL   ?ALLOC_XSTACK8
    668            lastAdcValue = HalAdcRead(SENSOR_ADC_CHANNEL, SENSOR_ADC_RESOLUTION);
   \   00000A                ; Setup parameters for call to function HalAdcRead
   \   00000A   7A03         MOV     R2,#0x3
   \   00000C   7900         MOV     R1,#0x0
   \   00000E   12....       LCALL   ??HalAdcRead?relay
   \   000011   90....       MOV     DPTR,#lastAdcValue
   \   000014   EA           MOV     A,R2
   \   000015   F0           MOVX    @DPTR,A
   \   000016   A3           INC     DPTR
   \   000017   EB           MOV     A,R3
   \   000018   F0           MOVX    @DPTR,A
    669            
    670            float voltage = (lastAdcValue * 3.3) / 4095.0;
   \   000019   90....       MOV     DPTR,#lastAdcValue
   \   00001C   E0           MOVX    A,@DPTR
   \   00001D   F5..         MOV     ?V0 + 0,A
   \   00001F   A3           INC     DPTR
   \   000020   E0           MOVX    A,@DPTR
   \   000021   F5..         MOV     ?V0 + 1,A
   \   000023   E4           CLR     A
   \   000024   F5..         MOV     ?V0 + 2,A
   \   000026   F5..         MOV     ?V0 + 3,A
   \   000028   78..         MOV     R0,#?V0 + 0
   \   00002A   12....       LCALL   ?UL_TO_FLT
   \   00002D   90....       MOV     DPTR,#__Constant_40533333
   \   000030   78..         MOV     R0,#?V0 + 4
   \   000032   12....       LCALL   ?L_MOV_X
   \   000035   78..         MOV     R0,#?V0 + 0
   \   000037   79..         MOV     R1,#?V0 + 4
   \   000039   12....       LCALL   ?FLT_MUL
   \   00003C   90....       MOV     DPTR,#__Constant_457ff000
   \   00003F   78..         MOV     R0,#?V0 + 4
   \   000041   12....       LCALL   ?L_MOV_X
   \   000044   78..         MOV     R0,#?V0 + 0
   \   000046   79..         MOV     R1,#?V0 + 4
   \   000048   12....       LCALL   ?FLT_DIV
    671            
    672            char buffer[64];
    673            sprintf(buffer, "ADC: Value=%d Voltage=%.2fV\r\n", lastAdcValue, voltage);
   \   00004B                ; Setup parameters for call to function sprintf
   \   00004B   78..         MOV     R0,#?V0 + 0
   \   00004D   12....       LCALL   ?PUSH_XSTACK_I_FOUR
   \   000050   90....       MOV     DPTR,#lastAdcValue
   \   000053   12....       LCALL   ?PUSH_XSTACK8_X_TWO
   \   000056   7C..         MOV     R4,#`?<Constant "ADC: Value=%d Voltage...">` & 0xff
   \   000058   7D..         MOV     R5,#(`?<Constant "ADC: Value=%d Voltage...">` >> 8) & 0xff
   \   00005A   7428         MOV     A,#0x28
   \   00005C   12....       LCALL   ?XSTACK_DISP0_8
   \   00005F   AA82         MOV     R2,DPL
   \   000061   AB83         MOV     R3,DPH
   \   000063   12....       LCALL   ??sprintf?relay
   \   000066   7406         MOV     A,#0x6
   \   000068   12....       LCALL   ?DEALLOC_XSTACK8
    674            HalUARTWrite(0, (uint8*)buffer, strlen(buffer));
   \   00006B                ; Setup parameters for call to function HalUARTWrite
   \   00006B                ; Setup parameters for call to function strlen
   \   00006B   7422         MOV     A,#0x22
   \   00006D   12....       LCALL   ?XSTACK_DISP0_8
   \   000070   12....       LCALL   ?Subroutine12 & 0xFFFF
   \                     ??CrossCallReturnLabel_16:
   \   000073   7422         MOV     A,#0x22
   \   000075   12....       LCALL   ?XSTACK_DISP0_8
   \   000078   AA82         MOV     R2,DPL
   \   00007A   AB83         MOV     R3,DPH
   \   00007C   7900         MOV     R1,#0x0
   \   00007E   12....       LCALL   ??HalUARTWrite?relay
    675            
    676          #if defined ( LCD_SUPPORTED )
    677            char lcdBuffer1[17];
    678            char lcdBuffer2[17];
    679            sprintf(lcdBuffer1, "ADC:%d", lastAdcValue);
   \   000081                ; Setup parameters for call to function sprintf
   \   000081   90....       MOV     DPTR,#lastAdcValue
   \   000084   12....       LCALL   ?PUSH_XSTACK8_X_TWO
   \   000087   7C..         MOV     R4,#`?<Constant "ADC:%d">` & 0xff
   \   000089   7D..         MOV     R5,#(`?<Constant "ADC:%d">` >> 8) & 0xff
   \   00008B   7413         MOV     A,#0x13
   \   00008D   12....       LCALL   ?XSTACK_DISP0_8
   \   000090   AA82         MOV     R2,DPL
   \   000092   AB83         MOV     R3,DPH
   \   000094   12....       LCALL   ??sprintf?relay
   \   000097   7402         MOV     A,#0x2
   \   000099   12....       LCALL   ?DEALLOC_XSTACK8
    680            sprintf(lcdBuffer2, "%.2fV", voltage);
   \   00009C                ; Setup parameters for call to function sprintf
   \   00009C   78..         MOV     R0,#?V0 + 0
   \   00009E   12....       LCALL   ?PUSH_XSTACK_I_FOUR
   \   0000A1   7C..         MOV     R4,#`?<Constant "%.2fV">` & 0xff
   \   0000A3   7D..         MOV     R5,#(`?<Constant "%.2fV">` >> 8) & 0xff
   \   0000A5   7404         MOV     A,#0x4
   \   0000A7   12....       LCALL   ?XSTACK_DISP0_8
   \   0000AA   AA82         MOV     R2,DPL
   \   0000AC   AB83         MOV     R3,DPH
   \   0000AE   12....       LCALL   ??sprintf?relay
   \   0000B1   7404         MOV     A,#0x4
   \   0000B3   12....       LCALL   ?DEALLOC_XSTACK8
    681            HalLcdWriteScreen(lcdBuffer1, lcdBuffer2);
   \   0000B6                ; Setup parameters for call to function HalLcdWriteScreen
   \   0000B6   85..82       MOV     DPL,?XSP + 0
   \   0000B9   85..83       MOV     DPH,?XSP + 1
   \   0000BC   AC82         MOV     R4,DPL
   \   0000BE   AD83         MOV     R5,DPH
   \   0000C0   7411         MOV     A,#0x11
   \   0000C2   12....       LCALL   ?XSTACK_DISP0_8
   \   0000C5   AA82         MOV     R2,DPL
   \   0000C7   AB83         MOV     R3,DPH
   \   0000C9   12....       LCALL   ??HalLcdWriteScreen?relay
    682          #endif
    683            
    684            sensorDataBuffer[0] = SENSOR_TYPE_ADC;
   \   0000CC   90....       MOV     DPTR,#sensorDataBuffer
   \   0000CF   7402         MOV     A,#0x2
   \   0000D1   F0           MOVX    @DPTR,A
    685            sensorDataBuffer[1] = LO_UINT16(lastAdcValue);
   \   0000D2   90....       MOV     DPTR,#lastAdcValue
   \   0000D5   E0           MOVX    A,@DPTR
   \   0000D6   90....       MOV     DPTR,#sensorDataBuffer + 1
   \   0000D9   F0           MOVX    @DPTR,A
    686            sensorDataBuffer[2] = HI_UINT16(lastAdcValue);
   \   0000DA   90....       MOV     DPTR,#lastAdcValue + 1
   \   0000DD   E0           MOVX    A,@DPTR
   \   0000DE   90....       MOV     DPTR,#sensorDataBuffer + 2
   \   0000E1   F0           MOVX    @DPTR,A
    687            
    688            SerialApp_SendSensorData(SENSOR_TYPE_ADC, sensorDataBuffer, 3);
   \   0000E2                ; Setup parameters for call to function SerialApp_SendSensorData
   \   0000E2   7C03         MOV     R4,#0x3
   \   0000E4   7A..         MOV     R2,#sensorDataBuffer & 0xff
   \   0000E6   7B..         MOV     R3,#(sensorDataBuffer >> 8) & 0xff
   \   0000E8   7902         MOV     R1,#0x2
   \   0000EA   12....       LCALL   ??SerialApp_SendSensorData?relay
    689          }
   \   0000ED   7462         MOV     A,#0x62
   \   0000EF   12....       LCALL   ?DEALLOC_XSTACK8
   \   0000F2   7F08         MOV     R7,#0x8
   \   0000F4   02....       LJMP    ?BANKED_LEAVE_XDATA
    690          

   \                                 In  segment BANKED_CODE, align 1, keep-with-next
    691          static void SerialApp_SendSensorData(uint8 sensorType, uint8 *data, uint8 len)
   \                     SerialApp_SendSensorData:
    692          {
   \   000000   74F5         MOV     A,#-0xb
   \   000002   12....       LCALL   ?BANKED_ENTER_XDATA
   \   000005                ; Saved register size: 11
   \   000005                ; Auto size: 80
   \   000005   74B0         MOV     A,#-0x50
   \   000007   12....       LCALL   ?ALLOC_XSTACK8
   \   00000A   EC           MOV     A,R4
   \   00000B   FF           MOV     R7,A
    693            if (SampleApp_NwkState == DEV_ZB_COORD || 
    694                SampleApp_NwkState == DEV_ROUTER || 
    695                SampleApp_NwkState == DEV_END_DEVICE)
   \   00000C   90....       MOV     DPTR,#SampleApp_NwkState
   \   00000F   E0           MOVX    A,@DPTR
   \   000010   6409         XRL     A,#0x9
   \   000012   600A         JZ      ??SerialApp_SendSensorData_0
   \   000014   E0           MOVX    A,@DPTR
   \   000015   6407         XRL     A,#0x7
   \   000017   6005         JZ      ??SerialApp_SendSensorData_0
   \   000019   E0           MOVX    A,@DPTR
   \   00001A   6406         XRL     A,#0x6
   \   00001C   7073         JNZ     ??SerialApp_SendSensorData_1
    696            {
    697              uint8 sendBuf[SERIAL_APP_TX_MAX];
    698              uint8 sendLen = len;
   \                     ??SerialApp_SendSensorData_0:
   \   00001E   EF           MOV     A,R7
   \   00001F   FE           MOV     R6,A
    699              
    700              if (sendLen > (SERIAL_APP_TX_MAX - 1))
   \   000020   C3           CLR     C
   \   000021   9450         SUBB    A,#0x50
   \   000023   4002         JC      ??SerialApp_SendSensorData_2
    701              {
    702                sendLen = SERIAL_APP_TX_MAX - 1;
   \   000025   7E4F         MOV     R6,#0x4f
    703              }
    704              
    705              sendBuf[0] = ++SerialApp_TxSeq;
   \                     ??SerialApp_SendSensorData_2:
   \   000027   90....       MOV     DPTR,#SerialApp_TxSeq
   \   00002A   E0           MOVX    A,@DPTR
   \   00002B   04           INC     A
   \   00002C   12....       LCALL   ?Subroutine3 & 0xFFFF
   \                     ??CrossCallReturnLabel_3:
   \   00002F   F0           MOVX    @DPTR,A
    706              osal_memcpy(sendBuf + 1, data, sendLen);
   \   000030                ; Setup parameters for call to function osal_memcpy
   \   000030   8A..         MOV     ?V0 + 0,R2
   \   000032   8B..         MOV     ?V0 + 1,R3
   \   000034   75..00       MOV     ?V0 + 2,#0x0
   \   000037   78..         MOV     R0,#?V0 + 0
   \   000039   12....       LCALL   ?PUSH_XSTACK_I_THREE
   \   00003C   8E..         MOV     ?V0 + 0,R6
   \   00003E   AC..         MOV     R4,?V0 + 0
   \   000040   7D00         MOV     R5,#0x0
   \   000042   7404         MOV     A,#0x4
   \   000044   12....       LCALL   ?XSTACK_DISP0_8
   \   000047   AA82         MOV     R2,DPL
   \   000049   AB83         MOV     R3,DPH
   \   00004B   12....       LCALL   ??osal_memcpy?relay
   \   00004E   7403         MOV     A,#0x3
   \   000050   12....       LCALL   ?DEALLOC_XSTACK8
    707              
    708              if (afStatus_SUCCESS != AF_DataRequest(&SerialApp_TxAddr,
    709                                                     (endPointDesc_t *)&SerialApp_epDesc,
    710                                                      SERIALAPP_CLUSTERID1,
    711                                                      sendLen + 1, sendBuf,
    712                                                      &SerialApp_MsgID, 0, AF_DEFAULT_RADIUS))
   \   000053                ; Setup parameters for call to function AF_DataRequest
   \   000053   75..1E       MOV     ?V0 + 0,#0x1e
   \   000056   78..         MOV     R0,#?V0 + 0
   \   000058   12....       LCALL   ?PUSH_XSTACK_I_ONE
   \   00005B   75....       MOV     ?V0 + 0,#SerialApp_MsgID & 0xff
   \   00005E   75....       MOV     ?V0 + 1,#(SerialApp_MsgID >> 8) & 0xff
   \   000061   78..         MOV     R0,#?V0 + 0
   \   000063   12....       LCALL   ?PUSH_XSTACK_I_TWO
   \   000066   7403         MOV     A,#0x3
   \   000068   12....       LCALL   ?XSTACK_DISP0_8
   \   00006B   8582..       MOV     ?V0 + 0,DPL
   \   00006E   8583..       MOV     ?V0 + 1,DPH
   \   000071   78..         MOV     R0,#?V0 + 0
   \   000073   12....       LCALL   ?PUSH_XSTACK_I_TWO
   \   000076   8E..         MOV     ?V0 + 0,R6
   \   000078   E5..         MOV     A,?V0 + 0
   \   00007A   12....       LCALL   ?Subroutine11 & 0xFFFF
    713              {
    714              }
    715            }
   \                     ??CrossCallReturnLabel_13:
   \   00007D   12....       LCALL   ?PUSH_XSTACK_I_TWO
   \   000080   75..01       MOV     ?V0 + 0,#0x1
   \   000083   75..00       MOV     ?V0 + 1,#0x0
   \   000086   78..         MOV     R0,#?V0 + 0
   \   000088   12....       LCALL   ?PUSH_XSTACK_I_TWO
   \   00008B   12....       LCALL   ?Subroutine10 & 0xFFFF
   \                     ??CrossCallReturnLabel_26:
   \   00008E   12....       LCALL   ?DEALLOC_XSTACK8
    716          }
   \                     ??SerialApp_SendSensorData_1:
   \   000091   7450         MOV     A,#0x50
   \   000093   12....       LCALL   ?DEALLOC_XSTACK8
   \   000096   7F03         MOV     R7,#0x3
   \   000098   02....       LJMP    ?BANKED_LEAVE_XDATA

   \                                 In  segment XDATA_ID, align 1, keep-with-next
   \                     `?<Initializer for SerialApp_epDesc>`:
   \   000000   0B           DB 11
   \   000001   ....         DW SerialApp_TaskID
   \   000003   ....         DW SerialApp_SimpleDesc
   \   000005   00           DB 0

   \                                 In  segment BANK_RELAYS, align 1
   \                     ??SerialApp_Init?relay:
   \   000000   12....       LCALL   ?BDISPATCH
   \   000003   ......       DC24    SerialApp_Init

   \                                 In  segment BANK_RELAYS, align 1
   \                     ??SerialApp_ProcessEvent?relay:
   \   000000   12....       LCALL   ?BDISPATCH
   \   000003   ......       DC24    SerialApp_ProcessEvent

   \                                 In  segment BANK_RELAYS, align 1
   \                     ??SerialApp_ProcessMSGCmd?relay:
   \   000000   12....       LCALL   ?BDISPATCH
   \   000003   ......       DC24    SerialApp_ProcessMSGCmd

   \                                 In  segment BANK_RELAYS, align 1
   \                     ??SerialApp_Send?relay:
   \   000000   12....       LCALL   ?BDISPATCH
   \   000003   ......       DC24    SerialApp_Send

   \                                 In  segment BANK_RELAYS, align 1
   \                     ??SerialApp_CallBack?relay:
   \   000000   12....       LCALL   ?BDISPATCH
   \   000003   ......       DC24    SerialApp_CallBack

   \                                 In  segment BANK_RELAYS, align 1
   \                     ??SerialApp_DeviceConnect?relay:
   \   000000   12....       LCALL   ?BDISPATCH
   \   000003   ......       DC24    SerialApp_DeviceConnect

   \                                 In  segment BANK_RELAYS, align 1
   \                     ??SerialApp_ConnectReqProcess?relay:
   \   000000   12....       LCALL   ?BDISPATCH
   \   000003   ......       DC24    SerialApp_ConnectReqProcess

   \                                 In  segment BANK_RELAYS, align 1
   \                     ??SerialApp_ProcessPMS7003Data?relay:
   \   000000   12....       LCALL   ?BDISPATCH
   \   000003   ......       DC24    SerialApp_ProcessPMS7003Data

   \                                 In  segment BANK_RELAYS, align 1
   \                     ??SerialApp_ReadADCSensor?relay:
   \   000000   12....       LCALL   ?BDISPATCH
   \   000003   ......       DC24    SerialApp_ReadADCSensor

   \                                 In  segment BANK_RELAYS, align 1
   \                     ??SerialApp_SendSensorData?relay:
   \   000000   12....       LCALL   ?BDISPATCH
   \   000003   ......       DC24    SerialApp_SendSensorData

   \                                 In  segment XDATA_ROM_C, align 1
   \                     `?<Constant "SerialApp">`:
   \   000000   53657269     DB "SerialApp"
   \            616C4170
   \            7000    

   \                                 In  segment XDATA_ROM_C, align 1
   \                     `?<Constant "Initializing...">`:
   \   000000   496E6974     DB "Initializing..."
   \            69616C69
   \            7A696E67
   \            2E2E2E00

   \                                 In  segment XDATA_ROM_C, align 1
   \                     `?<Constant "SerialApp initialized">`:
   \   000000   53657269     DB "SerialApp initialized"
   \            616C4170
   \            7020696E
   \            69746961
   \            6C697A65
   \            6400    

   \                                 In  segment XDATA_ROM_C, align 1
   \                     `?<Constant "Sensor data timer sta...">`:
   \   000000   53656E73     DB "Sensor data timer started"
   \            6F722064
   \            61746120
   \            74696D65
   \            72207374
   \            61727465
   \            6400    

   \                                 In  segment XDATA_ROM_C, align 1
   \                     `?<Constant "Network connected">`:
   \   000000   4E657477     DB "Network connected"
   \            6F726B20
   \            636F6E6E
   \            65637465
   \            6400    

   \                                 In  segment XDATA_ROM_C, align 1
   \                     `?<Constant "Network disconnected">`:
   \   000000   4E657477     DB "Network disconnected"
   \            6F726B20
   \            64697363
   \            6F6E6E65
   \            63746564
   \            00      

   \                                 In  segment XDATA_ROM_C, align 1
   \                     `?<Constant {0}>`:
   \   000000   00           DB 0
   \   000001   00000000     DB 0, 0, 0, 0, 0, 0, 0, 0
   \            00000000
   \   000009   00000000     DB 0, 0, 0, 0, 0, 0, 0, 0
   \            00000000
   \   000011   00000000     DB 0, 0, 0, 0, 0, 0, 0, 0
   \            00000000
   \   000019   00000000     DB 0, 0, 0, 0, 0
   \            00      

   \                                 In  segment XDATA_ROM_C, align 1
   \                     `?<Constant "parent:%d   self:%d\\r\\n">`:
   \   000000   70617265     DB "parent:%d   self:%d\015\012"
   \            6E743A25
   \            64202020
   \            73656C66
   \            3A25640D
   \            0A00    

   \                                 In  segment XDATA_ROM_C, align 1
   \                     `?<Constant "< connect success>\\n">`:
   \   000000   3C20636F     DB "< connect success>\012"
   \            6E6E6563
   \            74207375
   \            63636573
   \            733E0A00

   \                                 In  segment XDATA_ROM_C, align 1
   \                     `?<Constant {0}>_1`:
   \   000000   00           DB 0
   \   000001   00000000     DB 0, 0, 0, 0, 0, 0, 0, 0
   \            00000000
   \   000009   00000000     DB 0, 0, 0, 0, 0, 0, 0, 0
   \            00000000
   \   000011   00000000     DB 0, 0, 0, 0, 0, 0, 0, 0
   \            00000000
   \   000019   00000000     DB 0, 0, 0, 0, 0
   \            00      

   \                                 In  segment XDATA_ROM_C, align 1
   \                     `?<Constant "self:%d   child:%d\\r\\n">`:
   \   000000   73656C66     DB "self:%d   child:%d\015\012"
   \            3A256420
   \            20206368
   \            696C643A
   \            25640D0A
   \            00      

   \                                 In  segment XDATA_ROM_C, align 1
   \                     `?<Constant "PM1.0:%d PM2.5:%d PM1...">`:
   \   000000   504D312E     DB "PM1.0:%d PM2.5:%d PM10:%d\015\012"
   \            303A2564
   \            20504D32
   \            2E353A25
   \            6420504D
   \            31303A25
   \            640D0A00

   \                                 In  segment XDATA_ROM_C, align 1
   \                     `?<Constant "PM2.5:%d">`:
   \   000000   504D322E     DB "PM2.5:%d"
   \            353A2564
   \            00      

   \                                 In  segment XDATA_ROM_C, align 1
   \                     `?<Constant "PM10:%d">`:
   \   000000   504D3130     DB "PM10:%d"
   \            3A256400

   \                                 In  segment XDATA_ROM_C, align 1
   \                     `?<Constant "ADC: Value=%d Voltage...">`:
   \   000000   4144433A     DB "ADC: Value=%d Voltage=%.2fV\015\012"
   \            2056616C
   \            75653D25
   \            6420566F
   \            6C746167
   \            653D252E
   \            3266560D
   \            0A00    

   \                                 In  segment XDATA_ROM_C, align 1
   \                     `?<Constant "ADC:%d">`:
   \   000000   4144433A     DB "ADC:%d"
   \            256400  

   \                                 In  segment XDATA_ROM_C, align 1
   \                     `?<Constant "%.2fV">`:
   \   000000   252E3266     DB "%.2fV"
   \            5600    

   \                                 In  segment XDATA_ROM_C, align 1
   \                     __Constant_40533333:
   \   000000   33335340     DD 40533333H

   \                                 In  segment XDATA_ROM_C, align 1
   \                     __Constant_457ff000:
   \   000000   00F07F45     DD 457FF000H
    717          
    718          static void SerialApp_ProcessSensorEvent(void)
    719          {
    720            SerialApp_ReadADCSensor();
    721            osal_start_timerEx(SerialApp_TaskID, SENSOR_DATA_EVT, SENSOR_ADC_INTERVAL);
    722          }

   Maximum stack usage in bytes:

     Function                       ISTACK PSTACK XSTACK
     --------                       ------ ------ ------
     SerialApp_CallBack                 0      0      9
       -> SerialApp_Send                0      0     18
     SerialApp_ConnectReqProcess        2      0     65
       -> NLME_GetShortAddr             0      0     84
       -> sprintf                       0      0     92
       -> strlen                        0      0     84
       -> HalUARTWrite                  0      0     84
       -> AF_DataRequest                0      0    102
       -> HalLedSet                     0      0     84
       -> HalUARTWrite                  0      0     84
     SerialApp_DeviceConnect            2      0     65
       -> HalLedBlink                   0      0     88
       -> NLME_GetShortAddr             0      0     88
       -> NLME_GetCoordShortAddr        0      0     88
       -> sprintf                       0      0     96
       -> strlen                        0      0     88
       -> HalUARTWrite                  0      0     88
       -> AF_DataRequest                0      0    106
     SerialApp_Init                     0      0     38
       -> afRegister                    0      0     76
       -> RegisterForKeys               0      0     76
       -> HalUARTOpen                   0      0     76
       -> HalAdcInit                    0      0     76
       -> HalLcdInit                    0      0     76
       -> HalLcdWriteString             0      0     76
       -> HalLcdWriteString             0      0     76
       -> ZDO_RegisterForZDOMsg         0      0     76
       -> ZDO_RegisterForZDOMsg         0      0     76
       -> SerialApp_DebugMessage        0      0     76
       -> SerialApp_DebugSensorConfig
                                        0      0     76
       -> osal_start_timerEx            0      0     76
       -> SerialApp_DebugMessage        0      0     76
     SerialApp_ProcessEvent             0      0     21
       -> SerialApp_Send                0      0     24
       -> SerialApp_DebugMessage        0      0     24
       -> osal_msg_deallocate           0      0     24
       -> osal_msg_receive              0      0     24
       -> SerialApp_ProcessMSGCmd       0      0     24
       -> HalLedSet                     0      0     24
       -> SerialApp_DebugMessage        0      0     24
       -> SerialApp_DebugNetworkStatus
                                        0      0     24
       -> SerialApp_DeviceConnect       0      0     24
       -> AF_DataRequest                0      0     42
       -> osal_set_event                0      0     24
       -> SerialApp_ReadADCSensor       0      0     24
       -> osal_start_timerEx            0      0     24
     SerialApp_ProcessMSGCmd            0      0     29
       -> osal_memcpy                   0      0     34
       -> HalUARTWrite                  0      0     28
       -> osal_set_event                0      0     28
       -> osal_stop_timerEx             0      0     28
       -> osal_stop_timerEx             0      0     28
       -> osal_start_timerEx            0      0     28
       -> SerialApp_ConnectReqProcess
                                        0      0     28
       -> HalLedSet                     0      0     28
       -> HalUARTWrite                  0      0     28
     SerialApp_ProcessPMS7003Data       1      0    132
       -> sprintf                       0      0    244
       -> strlen                        0      0    232
       -> HalUARTWrite                  0      0    232
       -> sprintf                       0      0    236
       -> sprintf                       0      0    236
       -> HalLcdWriteScreen             0      0    232
       -> SerialApp_SendSensorData      0      0    232
     SerialApp_ReadADCSensor            0      0    132
       -> HalAdcRead                    0      0    228
       -> sprintf                       0      0    240
       -> strlen                        0      0    228
       -> HalUARTWrite                  0      0    228
       -> sprintf                       0      0    232
       -> sprintf                       0      0    236
       -> HalLcdWriteScreen             0      0    228
       -> SerialApp_SendSensorData      0      0    228
     SerialApp_Send                     0      0     31
       -> HalUARTRead                   0      0     20
       -> SerialApp_ProcessPMS7003Data
                                        0      0     20
       -> AF_DataRequest                0      0     38
       -> osal_set_event                0      0     20
     SerialApp_SendSensorData           1      0    216
       -> osal_memcpy                   0      0    188
       -> AF_DataRequest                0      0    200


   Segment part sizes:

     Function/Label                         Bytes
     --------------                         -----
     SerialApp_ClusterList                     8
     SerialApp_SimpleDesc                     12
     SerialApp_epDesc                          6
     SampleApp_NwkState                        1
     SerialApp_TaskID                          1
     SerialApp_MsgID                           1
     SerialApp_TxAddr                         12
     SerialApp_TxSeq                           1
     SerialApp_TxBuf                          81
     SerialApp_TxLen                           1
     SerialApp_RxAddr                         12
     SerialApp_RxSeq                           1
     SerialApp_RspBuf                          4
     pms7003Buffer                            64
     pms7003Index                              1
     pms7003State                              1
     lastAdcValue                              2
     sensorDataBuffer                         32
     SerialApp_Init                          206
     ?Subroutine0                              5
     ?Subroutine6                              6
     ??Subroutine13_0                         11
     ?Subroutine3                              8
     SerialApp_ProcessEvent                  242
     ?Subroutine1                              5
     ??Subroutine14_0                          9
     SerialApp_ProcessMSGCmd                 311
     ?Subroutine5                             14
     ??Subroutine15_0                          5
     ?Subroutine7                              2
     SerialApp_Send                          127
     ?Subroutine10                            10
     ??Subroutine16_0                          6
     ?Subroutine11                            12
     SerialApp_CallBack                       24
     SerialApp_DeviceConnect                 186
     ?Subroutine2                              3
     ?Subroutine8                             25
     ?Subroutine12                            12
     SerialApp_ConnectReqProcess             192
     ?Subroutine9                             21
     SerialApp_ProcessPMS7003Data            541
     ?Subroutine4                             16
     SerialApp_ReadADCSensor                 247
     SerialApp_SendSensorData                155
     ?<Initializer for SerialApp_epDesc>       6
     ??SerialApp_Init?relay                    6
     ??SerialApp_ProcessEvent?relay            6
     ??SerialApp_ProcessMSGCmd?relay           6
     ??SerialApp_Send?relay                    6
     ??SerialApp_CallBack?relay                6
     ??SerialApp_DeviceConnect?relay           6
     ??SerialApp_ConnectReqProcess?relay       6
     ??SerialApp_ProcessPMS7003Data?relay      6
     ??SerialApp_ReadADCSensor?relay           6
     ??SerialApp_SendSensorData?relay          6
     ?<Constant "SerialApp">                  10
     ?<Constant "Initializing...">            16
     ?<Constant "SerialApp initialized">      22
     ?<Constant "Sensor data timer sta...">   26
     ?<Constant "Network connected">          18
     ?<Constant "Network disconnected">       21
     ?<Constant {0}>                          30
     ?<Constant "parent:%d   self:%d\r\n">    22
     ?<Constant "< connect success>\n">       20
     ?<Constant {0}>_1                        30
     ?<Constant "self:%d   child:%d\r\n">     21
     ?<Constant "PM1.0:%d PM2.5:%d PM1...">   28
     ?<Constant "PM2.5:%d">                    9
     ?<Constant "PM10:%d">                     8
     ?<Constant "ADC: Value=%d Voltage...">   30
     ?<Constant "ADC:%d">                      7
     ?<Constant "%.2fV">                       6
     __Constant_40533333                       4
     __Constant_457ff000                       4

 
 2 401 bytes in segment BANKED_CODE
    60 bytes in segment BANK_RELAYS
     6 bytes in segment XDATA_I
     6 bytes in segment XDATA_ID
   352 bytes in segment XDATA_ROM_C
   215 bytes in segment XDATA_Z
 
 2 467 bytes of CODE  memory
   344 bytes of CONST memory (+ 8 bytes shared)
   221 bytes of XDATA memory

Errors: none
Warnings: 1
